'1494978',20260913,1,20260920,1,20260927,1,20261004,1,20261011,1,20261018,1,20261025,1,20261101,1,20261108,1,20261115,1,20261122,1,20261129,1,20261206,1,20261213,1,20261220,1,20261227,1
'1494979',20260913,1,20260920,1,20260927,1,20261004,1,20261011,1,20261018,1,20261025,1,20261101,1,20261108,1,20261115,1,20261122,1,20261129,1,20261206,1,20261213,1,20261220,1,20261227,1
'1494980',20260913,1,20260920,1,20260927,1,20261004,1,20261011,1,20261018,1,20261025,1,20261101,1,20261108,1,20261115,1,20261122,1,20261129,1,20261206,1,20261213,1,20261220,1,20261227,1
'1494981',20260913,1,20260920,1,20260927,1,20261004,1,20261011,1,20261018,1,20261025,1,20261101,1,20261108,1,20261115,1,20261122,1,20261129,1,20261206,1,20261213,1,20261220,1,20261227,1
'1494982',20260913,1,20260920,1,20260927,1,20261004,1,20261011,1,20261018,1,20261025,1,20261101,1,20261108,1,20261115,1,20261122,1,20261129,1,20261206,1,20261213,1,20261220,1,20261227,1
'1494983',20260913,1,20260920,1,20260927,1,20261004,1,20261011,1,20261018,1,20261025,1,20261101,1,20261108,1,20261115,1,20261122,1,20261129,1,20261206,1,20261213,1,20261220,1,20261227,1
'1494984',20260913,1,20260920,1,20260927,1,20261004,1,20261011,1,20261018,1,20261025,1,20261101,1,20261108,1,20261115,1,20261122,1,20261129,1,20261206,1,20261213,1,20261220,1,20261227,1
'1494985',20260913,1,20260920,1,20260927,1,20261004,1,20261011,1,20261018,1,20261025,1,20261101,1,20261108,1,20261115,1,20261122,1,20261129,1,20261206,1,20261213,1,20261220,1,20261227,1
'1494986',20260913,1,20260920,1,20260927,1,20261004,1,20261011,1,20261018,1,20261025,1,20261101,1,20261108,1,20261115,1,20261122,1,20261129,1,20261206,1,20261213,1,20261220,1,20261227,1
'1494987',20260913,1,20260920,1,20260927,1,20261004,1,20261011,1,20261018,1,20261025,1,20261101,1,20261108,1,20261115,1,20261122,1,20261129,1,20261206,1,20261213,1,20261220,1,20261227,1
'1494988',20260913,1,20260920,1,20260927,1,20261004,1,20261011,1,20261018,1,20261025,1,20261101,1,20261108,1,20261115,1,20261122,1,20261129,1,20261206,1,20261213,1,20261220,1,20261227,1
'1494989',20260913,1,20260920,1,20260927,1,20261004,1,20261011,1,20261018,1,20261025,1,20261101,1,20261108,1,20261115,1,20261122,1,20261129,1,20261206,1,20261213,1,20261220,1,20261227,1
'1494990',20260913,1,20260920,1,20260927,1,20261004,1,20261011,1,20261018,1,20261025,1,20261101,1,20261108,1,20261115,1,20261122,1,20261129,1,20261206,1,20261213,1,20261220,1,20261227,1
'1494991',20260913,1,20260920,1,20260927,1,20261004,1,20261011,1,20261018,1,20261025,1,20261101,1,20261108,1,20261115,1,20261122,1,20261129,1,20261206,1,20261213,1,20261220,1,20261227,1
'1494992',20260913,1,20260920,1,20260927,1,20261004,1,20261011,1,20261018,1,20261025,1,20261101,1,20261108,1,20261115,1,20261122,1,20261129,1,20261206,1,20261213,1,20261220,1,20261227,1
'1494993',20260913,1,20260920,1,20260927,1,20261004,1,20261011,1,20261018,1,20261025,1,20261101,1,20261108,1,20261115,1,20261122,1,20261129,1,20261206,1,20261213,1,20261220,1,20261227,1
'1494994',20260913,1,20260920,1,20260927,1,20261004,1,20261011,1,20261018,1,20261025,1,20261101,1,20261108,1,20261115,1,20261122,1,20261129,1,20261206,1,20261213,1,20261220,1,20261227,1
'1494995',20260913,1,20260920,1,20260927,1,20261004,1,20261011,1,20261018,1,20261025,1,20261101,1,20261108,1,20261115,1,20261122,1,20261129,1,20261206,1,20261213,1,20261220,1,20261227,1
'1494996',20260913,1,20260920,1,20260927,1,20261004,1,20261011,1,20261018,1,20261025,1,20261101,1,20261108,1,20261115,1,20261122,1,20261129,1,20261206,1,20261213,1,20261220,1,20261227,1
'1494997',20260913,1,20260920,1,20260927,1,20261004,1,20261011,1,20261018,1,20261025,1,20261101,1,20261108,1,20261115,1,20261122,1,20261129,1,20261206,1,20261213,1,20261220,1,20261227,1
'1494998',20260913,1,20260920,1,20260927,1,20261004,1,20261011,1,20261018,1,20261025,1,20261101,1,20261108,1,20261115,1,20261122,1,20261129,1,20261206,1,20261213,1,20261220,1,20261227,1
'1494999',20260913,1,20260920,1,20260927,1,20261004,1,20261011,1,20261018,1,20261025,1,20261101,1,20261108,1,20261115,1,20261122,1,20261129,1,20261206,1,20261213,1,20261220,1,20261227,1
'1495000',20260913,1,20260920,1,20260927,1,20261004,1,20261011,1,20261018,1,20261025,1,20261101,1,20261108,1,20261115,1,20261122,1,20261129,1,20261206,1,20261213,1,20261220,1,20261227,1
'1495001',20260913,1,20260920,1,20260927,1,20261004,1,20261011,1,20261018,1,20261025,1,20261101,1,20261108,1,20261115,1,20261122,1,20261129,1,20261206,1,20261213,1,20261220,1,20261227,1
'1495002',20260913,1,20260920,1,20260927,1,20261004,1,20261011,1,20261018,1,20261025,1,20261101,1,20261108,1,20261115,1,20261122,1,20261129,1,20261206,1,20261213,1,20261220,1,20261227,1
'1495003',20260913,1,20260920,1,20260927,1,20261004,1,20261011,1,20261018,1,20261025,1,20261101,1,20261108,1,20261115,1,20261122,1,20261129,1,20261206,1,20261213,1,20261220,1,20261227,1
'1495004',20260913,1,20260920,1,20260927,1,20261004,1,20261011,1,20261018,1,20261025,1,20261101,1,20261108,1,20261115,1,20261122,1,20261129,1,20261206,1,20261213,1,20261220,1,20261227,1
'1495005',20260913,1,20260920,1,20260927,1,20261004,1,20261011,1,20261018,1,20261025,1,20261101,1,20261108,1,20261115,1,20261122,1,20261129,1,20261206,1,20261213,1,20261220,1,20261227,1
'1495006',20260913,1,20260920,1,20260927,1,20261004,1,20261011,1,20261018,1,20261025,1,20261101,1,20261108,1,20261115,1,20261122,1,20261129,1,20261206,1,20261213,1,20261220,1,20261227,1
'1495007',20260913,1,20260920,1,20260927,1,20261004,1,20261011,1,20261018,1,20261025,1,20261101,1,20261108,1,20261115,1,20261122,1,20261129,1,20261206,1,20261213,1,20261220,1,20261227,1
'1495008',20260913,1,20260920,1,20260927,1,20261004,1,20261011,1,20261018,1,20261025,1,20261101,1,20261108,1,20261115,1,20261122,1,20261129,1,20261206,1,20261213,1,20261220,1,20261227,1
'1495009',20260913,1,20260920,1,20260927,1,20261004,1,20261011,1,20261018,1,20261025,1,20261101,1,20261108,1,20261115,1,20261122,1,20261129,1,20261206,1,20261213,1,20261220,1,20261227,1
'1495010',20260913,1,20260920,1,20260927,1,20261004,1,20261011,1,20261018,1,20261025,1,20261101,1,20261108,1,20261115,1,20261122,1,20261129,1,20261206,1,20261213,1,20261220,1,20261227,1
'1495011',20260913,1,20260920,1,20260927,1,20261004,1,20261011,1,20261018,1,20261025,1,20261101,1,20261108,1,20261115,1,20261122,1,20261129,1,20261206,1,20261213,1,20261220,1,20261227,1
'1495012',20260913,1,20260920,1,20260927,1,20261004,1,20261011,1,20261018,1,20261025,1,20261101,1,20261108,1,20261115,1,20261122,1,20261129,1,20261206,1,20261213,1,20261220,1,20261227,1
'1495013',20260913,1,20260920,1,20260927,1,20261004,1,20261011,1,20261018,1,20261025,1,20261101,1,20261108,1,20261115,1,20261122,1,20261129,1,20261206,1,20261213,1,20261220,1,20261227,1
'1495014',20260913,1,20260920,1,20260927,1,20261004,1,20261011,1,20261018,1,20261025,1,20261101,1,20261108,1,20261115,1,20261122,1,20261129,1,20261206,1,20261213,1,20261220,1,20261227,1
'1495015',20260913,1,20260920,1,20260927,1,20261004,1,20261011,1,20261018,1,20261025,1,20261101,1,20261108,1,20261115,1,20261122,1,20261129,1,20261206,1,20261213,1,20261220,1,20261227,1
'1495016',20260913,1,20260920,1,20260927,1,20261004,1,20261011,1,20261018,1,20261025,1,20261101,1,20261108,1,20261115,1,20261122,1,20261129,1,20261206,1,20261213,1,20261220,1,20261227,1
'1495017',20260913,1,20260920,1,20260927,1,20261004,1,20261011,1,20261018,1,20261025,1,20261101,1,20261108,1,20261115,1,20261122,1,20261129,1,20261206,1,20261213,1,20261220,1,20261227,1
'1495018',20260913,1,20260920,1,20260927,1,20261004,1,20261011,1,20261018,1,20261025,1,20261101,1,20261108,1,20261115,1,20261122,1,20261129,1,20261206,1,20261213,1,20261220,1,20261227,1
'1495019',20260913,1,20260920,1,20260927,1,20261004,1,20261011,1,20261018,1,20261025,1,20261101,1,20261108,1,20261115,1,20261122,1,20261129,1,20261206,1,20261213,1,20261220,1,20261227,1
'1495020',20260913,1,20260920,1,20260927,1,20261004,1,20261011,1,20261018,1,20261025,1,20261101,1,20261108,1,20261115,1,20261122,1,20261129,1,20261206,1,20261213,1,20261220,1,20261227,1
'1495021',20260913,1,20260920,1,20260927,1,20261004,1,20261011,1,20261018,1,20261025,1,20261101,1,20261108,1,20261115,1,20261122,1,20261129,1,20261206,1,20261213,1,20261220,1,20261227,1
'1495022',20260913,1,20260920,1,20260927,1,20261004,1,20261011,1,20261018,1,20261025,1,20261101,1,20261108,1,20261115,1,20261122,1,20261129,1,20261206,1,20261213,1,20261220,1,20261227,1
'1495023',20260913,1,20260920,1,20260927,1,20261004,1,20261011,1,20261018,1,20261025,1,20261101,1,20261108,1,20261115,1,20261122,1,20261129,1,20261206,1,20261213,1,20261220,1,20261227,1
'1495024',20260913,1,20260920,1,20260927,1,20261004,1,20261011,1,20261018,1,20261025,1,20261101,1,20261108,1,20261115,1,20261122,1,20261129,1,20261206,1,20261213,1,20261220,1,20261227,1
'1495025',20260913,1,20260920,1,20260927,1,20261004,1,20261011,1,20261018,1,20261025,1,20261101,1,20261108,1,20261115,1,20261122,1,20261129,1,20261206,1,20261213,1,20261220,1,20261227,1
'1495026',20260913,1,20260920,1,20260927,1,20261004,1,20261011,1,20261018,1,20261025,1,20261101,1,20261108,1,20261115,1,20261122,1,20261129,1,20261206,1,20261213,1,20261220,1,20261227,1
'1495027',20260913,1,20260920,1,20260927,1,20261004,1,20261011,1,20261018,1,20261025,1,20261101,1,20261108,1,20261115,1,20261122,1,20261129,1,20261206,1,20261213,1,20261220,1,20261227,1
'1495028',20260913,1,20260920,1,20260927,1,20261004,1,20261011,1,20261018,1,20261025,1,20261101,1,20261108,1,20261115,1,20261122,1,20261129,1,20261206,1,20261213,1,20261220,1,20261227,1
'1495029',20260913,1,20260920,1,20260927,1,20261004,1,20261011,1,20261018,1,20261025,1,20261101,1,20261108,1,20261115,1,20261122,1,20261129,1,20261206,1,20261213,1,20261220,1,20261227,1
'1495030',20260913,1,20260920,1,20260927,1,20261004,1,20261011,1,20261018,1,20261025,1,20261101,1,20261108,1,20261115,1,20261122,1,20261129,1,20261206,1,20261213,1,20261220,1,20261227,1
'1495031',20260913,1,20260920,1,20260927,1,20261004,1,20261011,1,20261018,1,20261025,1,20261101,1,20261108,1,20261115,1,20261122,1,20261129,1,20261206,1,20261213,1,20261220,1,20261227,1
'1495032',20260913,1,20260920,1,20260927,1,20261004,1,20261011,1,20261018,1,20261025,1,20261101,1,20261108,1,20261115,1,20261122,1,20261129,1,20261206,1,20261213,1,20261220,1,20261227,1
'1495033',20260913,1,20260920,1,20260927,1,20261004,1,20261011,1,20261018,1,20261025,1,20261101,1,20261108,1,20261115,1,20261122,1,20261129,1,20261206,1,20261213,1,20261220,1,20261227,1
'1495034',20260913,1,20260920,1,20260927,1,20261004,1,20261011,1,20261018,1,20261025,1,20261101,1,20261108,1,20261115,1,20261122,1,20261129,1,20261206,1,20261213,1,20261220,1,20261227,1
'1495035',20260913,1,20260920,1,20260927,1,20261004,1,20261011,1,20261018,1,20261025,1,20261101,1,20261108,1,20261115,1,20261122,1,20261129,1,20261206,1,20261213,1,20261220,1,20261227,1
'1495036',20260913,1,20260920,1,20260927,1,20261004,1,20261011,1,20261018,1,20261025,1,20261101,1,20261108,1,20261115,1,20261122,1,20261129,1,20261206,1,20261213,1,20261220,1,20261227,1
'1495037',20260913,1,20260920,1,20260927,1,20261004,1,20261011,1,20261018,1,20261025,1,20261101,1,20261108,1,20261115,1,20261122,1,20261129,1,20261206,1,20261213,1,20261220,1,20261227,1
'1495038',20260913,1,20260920,1,20260927,1,20261004,1,20261011,1,20261018,1,20261025,1,20261101,1,20261108,1,20261115,1,20261122,1,20261129,1,20261206,1,20261213,1,20261220,1,20261227,1
'1495039',20260913,1,20260920,1,20260927,1,20261004,1,20261011,1,20261018,1,20261025,1,20261101,1,20261108,1,20261115,1,20261122,1,20261129,1,20261206,1,20261213,1,20261220,1,20261227,1
'1495040',20260913,1,20260920,1,20260927,1,20261004,1,20261011,1,20261018,1,20261025,1,20261101,1,20261108,1,20261115,1,20261122,1,20261129,1,20261206,1,20261213,1,20261220,1,20261227,1
'1495041',20260913,1,20260920,1,20260927,1,20261004,1,20261011,1,20261018,1,20261025,1,20261101,1,20261108,1,20261115,1,20261122,1,20261129,1,20261206,1,20261213,1,20261220,1,20261227,1
'1495042',20260913,1,20260920,1,20260927,1,20261004,1,20261011,1,20261018,1,20261025,1,20261101,1,20261108,1,20261115,1,20261122,1,20261129,1,20261206,1,20261213,1,20261220,1,20261227,1
'1495043',20260913,1,20260920,1,20260927,1,20261004,1,20261011,1,20261018,1,20261025,1,20261101,1,20261108,1,20261115,1,20261122,1,20261129,1,20261206,1,20261213,1,20261220,1,20261227,1
'1495044',20260913,1,20260920,1,20260927,1,20261004,1,20261011,1,20261018,1,20261025,1,20261101,1,20261108,1,20261115,1,20261122,1,20261129,1,20261206,1,20261213,1,20261220,1,20261227,1
'1495045',20260913,1,20260920,1,20260927,1,20261004,1,20261011,1,20261018,1,20261025,1,20261101,1,20261108,1,20261115,1,20261122,1,20261129,1,20261206,1,20261213,1,20261220,1,20261227,1
'1495046',20260913,1,20260920,1,20260927,1,20261004,1,20261011,1,20261018,1,20261025,1,20261101,1,20261108,1,20261115,1,20261122,1,20261129,1,20261206,1,20261213,1,20261220,1,20261227,1
'1495047',20260913,1,20260920,1,20260927,1,20261004,1,20261011,1,20261018,1,20261025,1,20261101,1,20261108,1,20261115,1,20261122,1,20261129,1,20261206,1,20261213,1,20261220,1,20261227,1
'1495048',20260913,1,20260920,1,20260927,1,20261004,1,20261011,1,20261018,1,20261025,1,20261101,1,20261108,1,20261115,1,20261122,1,20261129,1,20261206,1,20261213,1,20261220,1,20261227,1
'1495049',20260913,1,20260920,1,20260927,1,20261004,1,20261011,1,20261018,1,20261025,1,20261101,1,20261108,1,20261115,1,20261122,1,20261129,1,20261206,1,20261213,1,20261220,1,20261227,1
'1495050',20260913,1,20260920,1,20260927,1,20261004,1,20261011,1,20261018,1,20261025,1,20261101,1,20261108,1,20261115,1,20261122,1,20261129,1,20261206,1,20261213,1,20261220,1,20261227,1
'1495051',20260913,1,20260920,1,20260927,1,20261004,1,20261011,1,20261018,1,20261025,1,20261101,1,20261108,1,20261115,1,20261122,1,20261129,1,20261206,1,20261213,1,20261220,1,20261227,1
'1495052',20260913,1,20260920,1,20260927,1,20261004,1,20261011,1,20261018,1,20261025,1,20261101,1,20261108,1,20261115,1,20261122,1,20261129,1,20261206,1,20261213,1,20261220,1,20261227,1
'1495053',20260913,1,20260920,1,20260927,1,20261004,1,20261011,1,20261018,1,20261025,1,20261101,1,20261108,1,20261115,1,20261122,1,20261129,1,20261206,1,20261213,1,20261220,1,20261227,1
'1495054',20260913,1,20260920,1,20260927,1,20261004,1,20261011,1,20261018,1,20261025,1,20261101,1,20261108,1,20261115,1,20261122,1,20261129,1,20261206,1,20261213,1,20261220,1,20261227,1
'1495055',20260913,1,20260920,1,20260927,1,20261004,1,20261011,1,20261018,1,20261025,1,20261101,1,20261108,1,20261115,1,20261122,1,20261129,1,20261206,1,20261213,1,20261220,1,20261227,1
'1495056',20260913,1,20260920,1,20260927,1,20261004,1,20261011,1,20261018,1,20261025,1,20261101,1,20261108,1,20261115,1,20261122,1,20261129,1,20261206,1,20261213,1,20261220,1,20261227,1
'1495057',20260913,1,20260920,1,20260927,1,20261004,1,20261011,1,20261018,1,20261025,1,20261101,1,20261108,1,20261115,1,20261122,1,20261129,1,20261206,1,20261213,1,20261220,1,20261227,1
'1495058',20260913,1,20260920,1,20260927,1,20261004,1,20261011,1,20261018,1,20261025,1,20261101,1,20261108,1,20261115,1,20261122,1,20261129,1,20261206,1,20261213,1,20261220,1,20261227,1
'1495059',20260913,1,20260920,1,20260927,1,20261004,1,20261011,1,20261018,1,20261025,1,20261101,1,20261108,1,20261115,1,20261122,1,20261129,1,20261206,1,20261213,1,20261220,1,20261227,1
'1495060',20260913,1,20260920,1,20260927,1,20261004,1,20261011,1,20261018,1,20261025,1,20261101,1,20261108,1,20261115,1,20261122,1,20261129,1,20261206,1,20261213,1,20261220,1,20261227,1
'1495061',20260913,1,20260920,1,20260927,1,20261004,1,20261011,1,20261018,1,20261025,1,20261101,1,20261108,1,20261115,1,20261122,1,20261129,1,20261206,1,20261213,1,20261220,1,20261227,1
'1495062',20260913,1,20260920,1,20260927,1,20261004,1,20261011,1,20261018,1,20261025,1,20261101,1,20261108,1,20261115,1,20261122,1,20261129,1,20261206,1,20261213,1,20261220,1,20261227,1
'1495063',20260913,1,20260920,1,20260927,1,20261004,1,20261011,1,20261018,1,20261025,1,20261101,1,20261108,1,20261115,1,20261122,1,20261129,1,20261206,1,20261213,1,20261220,1,20261227,1
'1495064',20260913,1,20260920,1,20260927,1,20261004,1,20261011,1,20261018,1,20261025,1,20261101,1,20261108,1,20261115,1,20261122,1,20261129,1,20261206,1,20261213,1,20261220,1,20261227,1
'1495065',20260913,1,20260920,1,20260927,1,20261004,1,20261011,1,20261018,1,20261025,1,20261101,1,20261108,1,20261115,1,20261122,1,20261129,1,20261206,1,20261213,1,20261220,1,20261227,1
'1495066',20260913,1,20260920,1,20260927,1,20261004,1,20261011,1,20261018,1,20261025,1,20261101,1,20261108,1,20261115,1,20261122,1,20261129,1,20261206,1,20261213,1,20261220,1,20261227,1
'1495067',20260913,1,20260920,1,20260927,1,20261004,1,20261011,1,20261018,1,20261025,1,20261101,1,20261108,1,20261115,1,20261122,1,20261129,1,20261206,1,20261213,1,20261220,1,20261227,1
'1495068',20260913,1,20260920,1,20260927,1,20261004,1,20261011,1,20261018,1,20261025,1,20261101,1,20261108,1,20261115,1,20261122,1,20261129,1,20261206,1,20261213,1,20261220,1,20261227,1
'1495069',20260913,1,20260920,1,20260927,1,20261004,1,20261011,1,20261018,1,20261025,1,20261101,1,20261108,1,20261115,1,20261122,1,20261129,1,20261206,1,20261213,1,20261220,1,20261227,1
'1495070',20260913,1,20260920,1,20260927,1,20261004,1,20261011,1,20261018,1,20261025,1,20261101,1,20261108,1,20261115,1,20261122,1,20261129,1,20261206,1,20261213,1,20261220,1,20261227,1
'1495071',20260913,1,20260920,1,20260927,1,20261004,1,20261011,1,20261018,1,20261025,1,20261101,1,20261108,1,20261115,1,20261122,1,20261129,1,20261206,1,20261213,1,20261220,1,20261227,1
'1495072',20260913,1,20260920,1,20260927,1,20261004,1,20261011,1,20261018,1,20261025,1,20261101,1,20261108,1,20261115,1,20261122,1,20261129,1,20261206,1,20261213,1,20261220,1,20261227,1
'1495073',20260913,1,20260920,1,20260927,1,20261004,1,20261011,1,20261018,1,20261025,1,20261101,1,20261108,1,20261115,1,20261122,1,20261129,1,20261206,1,20261213,1,20261220,1,20261227,1
'1495074',20260913,1,20260920,1,20260927,1,20261004,1,20261011,1,20261018,1,20261025,1,20261101,1,20261108,1,20261115,1,20261122,1,20261129,1,20261206,1,20261213,1,20261220,1,20261227,1
'1495075',20260913,1,20260920,1,20260927,1,20261004,1,20261011,1,20261018,1,20261025,1,20261101,1,20261108,1,20261115,1,20261122,1,20261129,1,20261206,1,20261213,1,20261220,1,20261227,1
'1495076',20260913,1,20260920,1,20260927,1,20261004,1,20261011,1,20261018,1,20261025,1,20261101,1,20261108,1,20261115,1,20261122,1,20261129,1,20261206,1,20261213,1,20261220,1,20261227,1
'1495077',20260913,1,20260920,1,20260927,1,20261004,1,20261011,1,20261018,1,20261025,1,20261101,1,20261108,1,20261115,1,20261122,1,20261129,1,20261206,1,20261213,1,20261220,1,20261227,1
'1495078',20260913,1,20260920,1,20260927,1,20261004,1,20261011,1,20261018,1,20261025,1,20261101,1,20261108,1,20261115,1,20261122,1,20261129,1,20261206,1,20261213,1,20261220,1,20261227,1
'1495079',20260913,1,20260920,1,20260927,1,20261004,1,20261011,1,20261018,1,20261025,1,20261101,1,20261108,1,20261115,1,20261122,1,20261129,1,20261206,1,20261213,1,20261220,1,20261227,1
'1495080',20260913,1,20260920,1,20260927,1,20261004,1,20261011,1,20261018,1,20261025,1,20261101,1,20261108,1,20261115,1,20261122,1,20261129,1,20261206,1,20261213,1,20261220,1,20261227,1
'1495081',20260913,1,20260920,1,20260927,1,20261004,1,20261011,1,20261018,1,20261025,1,20261101,1,20261108,1,20261115,1,20261122,1,20261129,1,20261206,1,20261213,1,20261220,1,20261227,1
'1495082',20260913,1,20260920,1,20260927,1,20261004,1,20261011,1,20261018,1,20261025,1,20261101,1,20261108,1,20261115,1,20261122,1,20261129,1,20261206,1,20261213,1,20261220,1,20261227,1
'1495083',20260913,1,20260920,1,20260927,1,20261004,1,20261011,1,20261018,1,20261025,1,20261101,1,20261108,1,20261115,1,20261122,1,20261129,1,20261206,1,20261213,1,20261220,1,20261227,1
'1495084',20260913,1,20260920,1,20260927,1,20261004,1,20261011,1,20261018,1,20261025,1,20261101,1,20261108,1,20261115,1,20261122,1,20261129,1,20261206,1,20261213,1,20261220,1,20261227,1
'1495085',20260913,1,20260920,1,20260927,1,20261004,1,20261011,1,20261018,1,20261025,1,20261101,1,20261108,1,20261115,1,20261122,1,20261129,1,20261206,1,20261213,1,20261220,1,20261227,1
'1495086',20260913,1,20260920,1,20260927,1,20261004,1,20261011,1,20261018,1,20261025,1,20261101,1,20261108,1,20261115,1,20261122,1,20261129,1,20261206,1,20261213,1,20261220,1,20261227,1
'1495087',20260913,1,20260920,1,20260927,1,20261004,1,20261011,1,20261018,1,20261025,1,20261101,1,20261108,1,20261115,1,20261122,1,20261129,1,20261206,1,20261213,1,20261220,1,20261227,1
'1495088',20260913,1,20260920,1,20260927,1,20261004,1,20261011,1,20261018,1,20261025,1,20261101,1,20261108,1,20261115,1,20261122,1,20261129,1,20261206,1,20261213,1,20261220,1,20261227,1
'1495089',20260913,1,20260920,1,20260927,1,20261004,1,20261011,1,20261018,1,20261025,1,20261101,1,20261108,1,20261115,1,20261122,1,20261129,1,20261206,1,20261213,1,20261220,1,20261227,1
'1495090',20260913,1,20260920,1,20260927,1,20261004,1,20261011,1,20261018,1,20261025,1,20261101,1,20261108,1,20261115,1,20261122,1,20261129,1,20261206,1,20261213,1,20261220,1,20261227,1
'1495091',20260913,1,20260920,1,20260927,1,20261004,1,20261011,1,20261018,1,20261025,1,20261101,1,20261108,1,20261115,1,20261122,1,20261129,1,20261206,1,20261213,1,20261220,1,20261227,1
'1495092',20260913,1,20260920,1,20260927,1,20261004,1,20261011,1,20261018,1,20261025,1,20261101,1,20261108,1,20261115,1,20261122,1,20261129,1,20261206,1,20261213,1,20261220,1,20261227,1
'1495093',20260913,1,20260920,1,20260927,1,20261004,1,20261011,1,20261018,1,20261025,1,20261101,1,20261108,1,20261115,1,20261122,1,20261129,1,20261206,1,20261213,1,20261220,1,20261227,1
'1495094',20260913,1,20260920,1,20260927,1,20261004,1,20261011,1,20261018,1,20261025,1,20261101,1,20261108,1,20261115,1,20261122,1,20261129,1,20261206,1,20261213,1,20261220,1,20261227,1
'1495095',20260913,1,20260920,1,20260927,1,20261004,1,20261011,1,20261018,1,20261025,1,20261101,1,20261108,1,20261115,1,20261122,1,20261129,1,20261206,1,20261213,1,20261220,1,20261227,1
'1495096',20260913,1,20260920,1,20260927,1,20261004,1,20261011,1,20261018,1,20261025,1,20261101,1,20261108,1,20261115,1,20261122,1,20261129,1,20261206,1,20261213,1,20261220,1,20261227,1
'1495097',20260913,1,20260920,1,20260927,1,20261004,1,20261011,1,20261018,1,20261025,1,20261101,1,20261108,1,20261115,1,20261122,1,20261129,1,20261206,1,20261213,1,20261220,1,20261227,1
'1495098',20260913,1,20260920,1,20260927,1,20261004,1,20261011,1,20261018,1,20261025,1,20261101,1,20261108,1,20261115,1,20261122,1,20261129,1,20261206,1,20261213,1,20261220,1,20261227,1
'1495099',20260913,1,20260920,1,20260927,1,20261004,1,20261011,1,20261018,1,20261025,1,20261101,1,20261108,1,20261115,1,20261122,1,20261129,1,20261206,1,20261213,1,20261220,1,20261227,1
'1495100',20260913,1,20260920,1,20260927,1,20261004,1,20261011,1,20261018,1,20261025,1,20261101,1,20261108,1,20261115,1,20261122,1,20261129,1,20261206,1,20261213,1,20261220,1,20261227,1
'1495101',20260913,1,20260920,1,20260927,1,20261004,1,20261011,1,20261018,1,20261025,1,20261101,1,20261108,1,20261115,1,20261122,1,20261129,1,20261206,1,20261213,1,20261220,1,20261227,1
'1495102',20260913,1,20260920,1,20260927,1,20261004,1,20261011,1,20261018,1,20261025,1,20261101,1,20261108,1,20261115,1,20261122,1,20261129,1,20261206,1,20261213,1,20261220,1,20261227,1
'1495103',20260913,1,20260920,1,20260927,1,20261004,1,20261011,1,20261018,1,20261025,1,20261101,1,20261108,1,20261115,1,20261122,1,20261129,1,20261206,1,20261213,1,20261220,1,20261227,1
'1495104',20260913,1,20260920,1,20260927,1,20261004,1,20261011,1,20261018,1,20261025,1,20261101,1,20261108,1,20261115,1,20261122,1,20261129,1,20261206,1,20261213,1,20261220,1,20261227,1
'1495105',20260913,1,20260920,1,20260927,1,20261004,1,20261011,1,20261018,1,20261025,1,20261101,1,20261108,1,20261115,1,20261122,1,20261129,1,20261206,1,20261213,1,20261220,1,20261227,1
'1495106',20260913,1,20260920,1,20260927,1,20261004,1,20261011,1,20261018,1,20261025,1,20261101,1,20261108,1,20261115,1,20261122,1,20261129,1,20261206,1,20261213,1,20261220,1,20261227,1
'1495107',20260913,1,20260920,1,20260927,1,20261004,1,20261011,1,20261018,1,20261025,1,20261101,1,20261108,1,20261115,1,20261122,1,20261129,1,20261206,1,20261213,1,20261220,1,20261227,1
'1495108',20260913,1,20260920,1,20260927,1,20261004,1,20261011,1,20261018,1,20261025,1,20261101,1,20261108,1,20261115,1,20261122,1,20261129,1,20261206,1,20261213,1,20261220,1,20261227,1
'1495109',20260913,1,20260920,1,20260927,1,20261004,1,20261011,1,20261018,1,20261025,1,20261101,1,20261108,1,20261115,1,20261122,1,20261129,1,20261206,1,20261213,1,20261220,1,20261227,1
'1495110',20260913,1,20260920,1,20260927,1,20261004,1,20261011,1,20261018,1,20261025,1,20261101,1,20261108,1,20261115,1,20261122,1,20261129,1,20261206,1,20261213,1,20261220,1,20261227,1
'1495111',20260913,1,20260920,1,20260927,1,20261004,1,20261011,1,20261018,1,20261025,1,20261101,1,20261108,1,20261115,1,20261122,1,20261129,1,20261206,1,20261213,1,20261220,1,20261227,1
'1495112',20260913,1,20260920,1,20260927,1,20261004,1,20261011,1,20261018,1,20261025,1,20261101,1,20261108,1,20261115,1,20261122,1,20261129,1,20261206,1,20261213,1,20261220,1,20261227,1
'1495113',20260913,1,20260920,1,20260927,1,20261004,1,20261011,1,20261018,1,20261025,1,20261101,1,20261108,1,20261115,1,20261122,1,20261129,1,20261206,1,20261213,1,20261220,1,20261227,1
'1495114',20260913,1,20260920,1,20260927,1,20261004,1,20261011,1,20261018,1,20261025,1,20261101,1,20261108,1,20261115,1,20261122,1,20261129,1,20261206,1,20261213,1,20261220,1,20261227,1
'1495115',20260913,1,20260920,1,20260927,1,20261004,1,20261011,1,20261018,1,20261025,1,20261101,1,20261108,1,20261115,1,20261122,1,20261129,1,20261206,1,20261213,1,20261220,1,20261227,1
'1495116',20260913,1,20260920,1,20260927,1,20261004,1,20261011,1,20261018,1,20261025,1,20261101,1,20261108,1,20261115,1,20261122,1,20261129,1,20261206,1,20261213,1,20261220,1,20261227,1
'1495117',20260913,1,20260920,1,20260927,1,20261004,1,20261011,1,20261018,1,20261025,1,20261101,1,20261108,1,20261115,1,20261122,1,20261129,1,20261206,1,20261213,1,20261220,1,20261227,1
'1495118',20260913,1,20260920,1,20260927,1,20261004,1,20261011,1,20261018,1,20261025,1,20261101,1,20261108,1,20261115,1,20261122,1,20261129,1,20261206,1,20261213,1,20261220,1,20261227,1
'1495119',20260913,1,20260920,1,20260927,1,20261004,1,20261011,1,20261018,1,20261025,1,20261101,1,20261108,1,20261115,1,20261122,1,20261129,1,20261206,1,20261213,1,20261220,1,20261227,1
'1495120',20260913,1,20260920,1,20260927,1,20261004,1,20261011,1,20261018,1,20261025,1,20261101,1,20261108,1,20261115,1,20261122,1,20261129,1,20261206,1,20261213,1,20261220,1,20261227,1
'1495121',20260913,1,20260920,1,20260927,1,20261004,1,20261011,1,20261018,1,20261025,1,20261101,1,20261108,1,20261115,1,20261122,1,20261129,1,20261206,1,20261213,1,20261220,1,20261227,1
'1495122',20260913,1,20260920,1,20260927,1,20261004,1,20261011,1,20261018,1,20261025,1,20261101,1,20261108,1,20261115,1,20261122,1,20261129,1,20261206,1,20261213,1,20261220,1,20261227,1
'1495123',20260913,1,20260920,1,20260927,1,20261004,1,20261011,1,20261018,1,20261025,1,20261101,1,20261108,1,20261115,1,20261122,1,20261129,1,20261206,1,20261213,1,20261220,1,20261227,1
'1495124',20260913,1,20260920,1,20260927,1,20261004,1,20261011,1,20261018,1,20261025,1,20261101,1,20261108,1,20261115,1,20261122,1,20261129,1,20261206,1,20261213,1,20261220,1,20261227,1
'1495125',20260913,1,20260920,1,20260927,1,20261004,1,20261011,1,20261018,1,20261025,1,20261101,1,20261108,1,20261115,1,20261122,1,20261129,1,20261206,1,20261213,1,20261220,1,20261227,1
'1495126',20260913,1,20260920,1,20260927,1,20261004,1,20261011,1,20261018,1,20261025,1,20261101,1,20261108,1,20261115,1,20261122,1,20261129,1,20261206,1,20261213,1,20261220,1,20261227,1
'1495127',20260913,1,20260920,1,20260927,1,20261004,1,20261011,1,20261018,1,20261025,1,20261101,1,20261108,1,20261115,1,20261122,1,20261129,1,20261206,1,20261213,1,20261220,1,20261227,1
'1495128',20260913,1,20260920,1,20260927,1,20261004,1,20261011,1,20261018,1,20261025,1,20261101,1,20261108,1,20261115,1,20261122,1,20261129,1,20261206,1,20261213,1,20261220,1,20261227,1
'1495129',20260913,1,20260920,1,20260927,1,20261004,1,20261011,1,20261018,1,20261025,1,20261101,1,20261108,1,20261115,1,20261122,1,20261129,1,20261206,1,20261213,1,20261220,1,20261227,1
'1495130',20260913,1,20260920,1,20260927,1,20261004,1,20261011,1,20261018,1,20261025,1,20261101,1,20261108,1,20261115,1,20261122,1,20261129,1,20261206,1,20261213,1,20261220,1,20261227,1
'1495131',20260913,1,20260920,1,20260927,1,20261004,1,20261011,1,20261018,1,20261025,1,20261101,1,20261108,1,20261115,1,20261122,1,20261129,1,20261206,1,20261213,1,20261220,1,20261227,1
'1495132',20260913,1,20260920,1,20260927,1,20261004,1,20261011,1,20261018,1,20261025,1,20261101,1,20261108,1,20261115,1,20261122,1,20261129,1,20261206,1,20261213,1,20261220,1,20261227,1
'1495133',20260913,1,20260920,1,20260927,1,20261004,1,20261011,1,20261018,1,20261025,1,20261101,1,20261108,1,20261115,1,20261122,1,20261129,1,20261206,1,20261213,1,20261220,1,20261227,1
'1495134',20260913,1,20260920,1,20260927,1,20261004,1,20261011,1,20261018,1,20261025,1,20261101,1,20261108,1,20261115,1,20261122,1,20261129,1,20261206,1,20261213,1,20261220,1,20261227,1
'1495135',20260913,1,20260920,1,20260927,1,20261004,1,20261011,1,20261018,1,20261025,1,20261101,1,20261108,1,20261115,1,20261122,1,20261129,1,20261206,1,20261213,1,20261220,1,20261227,1
'1495136',20260913,1,20260920,1,20260927,1,20261004,1,20261011,1,20261018,1,20261025,1,20261101,1,20261108,1,20261115,1,20261122,1,20261129,1,20261206,1,20261213,1,20261220,1,20261227,1
'1495137',20260913,1,20260920,1,20260927,1,20261004,1,20261011,1,20261018,1,20261025,1,20261101,1,20261108,1,20261115,1,20261122,1,20261129,1,20261206,1,20261213,1,20261220,1,20261227,1
'1495138',20260913,1,20260920,1,20260927,1,20261004,1,20261011,1,20261018,1,20261025,1,20261101,1,20261108,1,20261115,1,20261122,1,20261129,1,20261206,1,20261213,1,20261220,1,20261227,1
'1495139',20260913,1,20260920,1,20260927,1,20261004,1,20261011,1,20261018,1,20261025,1,20261101,1,20261108,1,20261115,1,20261122,1,20261129,1,20261206,1,20261213,1,20261220,1,20261227,1
'1495140',20260913,1,20260920,1,20260927,1,20261004,1,20261011,1,20261018,1,20261025,1,20261101,1,20261108,1,20261115,1,20261122,1,20261129,1,20261206,1,20261213,1,20261220,1,20261227,1
'1495141',20260913,1,20260920,1,20260927,1,20261004,1,20261011,1,20261018,1,20261025,1,20261101,1,20261108,1,20261115,1,20261122,1,20261129,1,20261206,1,20261213,1,20261220,1,20261227,1
'1495142',20260913,1,20260920,1,20260927,1,20261004,1,20261011,1,20261018,1,20261025,1,20261101,1,20261108,1,20261115,1,20261122,1,20261129,1,20261206,1,20261213,1,20261220,1,20261227,1
'1495143',20260913,1,20260920,1,20260927,1,20261004,1,20261011,1,20261018,1,20261025,1,20261101,1,20261108,1,20261115,1,20261122,1,20261129,1,20261206,1,20261213,1,20261220,1,20261227,1
'1495144',20260913,1,20260920,1,20260927,1,20261004,1,20261011,1,20261018,1,20261025,1,20261101,1,20261108,1,20261115,1,20261122,1,20261129,1,20261206,1,20261213,1,20261220,1,20261227,1
'1495145',20260913,1,20260920,1,20260927,1,20261004,1,20261011,1,20261018,1,20261025,1,20261101,1,20261108,1,20261115,1,20261122,1,20261129,1,20261206,1,20261213,1,20261220,1,20261227,1
'1495146',20260913,1,20260920,1,20260927,1,20261004,1,20261011,1,20261018,1,20261025,1,20261101,1,20261108,1,20261115,1,20261122,1,20261129,1,20261206,1,20261213,1,20261220,1,20261227,1
'1495147',20260913,1,20260920,1,20260927,1,20261004,1,20261011,1,20261018,1,20261025,1,20261101,1,20261108,1,20261115,1,20261122,1,20261129,1,20261206,1,20261213,1,20261220,1,20261227,1
'1495148',20260913,1,20260920,1,20260927,1,20261004,1,20261011,1,20261018,1,20261025,1,20261101,1,20261108,1,20261115,1,20261122,1,20261129,1,20261206,1,20261213,1,20261220,1,20261227,1
'1495149',20260913,1,20260920,1,20260927,1,20261004,1,20261011,1,20261018,1,20261025,1,20261101,1,20261108,1,20261115,1,20261122,1,20261129,1,20261206,1,20261213,1,20261220,1,20261227,1
'1495150',20260913,1,20260920,1,20260927,1,20261004,1,20261011,1,20261018,1,20261025,1,20261101,1,20261108,1,20261115,1,20261122,1,20261129,1,20261206,1,20261213,1,20261220,1,20261227,1
'1495151',20260913,1,20260920,1,20260927,1,20261004,1,20261011,1,20261018,1,20261025,1,20261101,1,20261108,1,20261115,1,20261122,1,20261129,1,20261206,1,20261213,1,20261220,1,20261227,1
'1495152',20260913,1,20260920,1,20260927,1,20261004,1,20261011,1,20261018,1,20261025,1,20261101,1,20261108,1,20261115,1,20261122,1,20261129,1,20261206,1,20261213,1,20261220,1,20261227,1
'1495153',20260913,1,20260920,1,20260927,1,20261004,1,20261011,1,20261018,1,20261025,1,20261101,1,20261108,1,20261115,1,20261122,1,20261129,1,20261206,1,20261213,1,20261220,1,20261227,1
'1495154',20260913,1,20260920,1,20260927,1,20261004,1,20261011,1,20261018,1,20261025,1,20261101,1,20261108,1,20261115,1,20261122,1,20261129,1,20261206,1,20261213,1,20261220,1,20261227,1
'1495155',20260913,1,20260920,1,20260927,1,20261004,1,20261011,1,20261018,1,20261025,1,20261101,1,20261108,1,20261115,1,20261122,1,20261129,1,20261206,1,20261213,1,20261220,1,20261227,1
'1495156',20260913,1,20260920,1,20260927,1,20261004,1,20261011,1,20261018,1,20261025,1,20261101,1,20261108,1,20261115,1,20261122,1,20261129,1,20261206,1,20261213,1,20261220,1,20261227,1
'1495157',20260913,1,20260920,1,20260927,1,20261004,1,20261011,1,20261018,1,20261025,1,20261101,1,20261108,1,20261115,1,20261122,1,20261129,1,20261206,1,20261213,1,20261220,1,20261227,1
'1495158',20260913,1,20260920,1,20260927,1,20261004,1,20261011,1,20261018,1,20261025,1,20261101,1,20261108,1,20261115,1,20261122,1,20261129,1,20261206,1,20261213,1,20261220,1,20261227,1
'1495159',20260913,1,20260920,1,20260927,1,20261004,1,20261011,1,20261018,1,20261025,1,20261101,1,20261108,1,20261115,1,20261122,1,20261129,1,20261206,1,20261213,1,20261220,1,20261227,1
'1495160',20260913,1,20260920,1,20260927,1,20261004,1,20261011,1,20261018,1,20261025,1,20261101,1,20261108,1,20261115,1,20261122,1,20261129,1,20261206,1,20261213,1,20261220,1,20261227,1
'1495161',20260913,1,20260920,1,20260927,1,20261004,1,20261011,1,20261018,1,20261025,1,20261101,1,20261108,1,20261115,1,20261122,1,20261129,1,20261206,1,20261213,1,20261220,1,20261227,1
'1495162',20260913,1,20260920,1,20260927,1,20261004,1,20261011,1,20261018,1,20261025,1,20261101,1,20261108,1,20261115,1,20261122,1,20261129,1,20261206,1,20261213,1,20261220,1,20261227,1
'1495163',20260913,1,20260920,1,20260927,1,20261004,1,20261011,1,20261018,1,20261025,1,20261101,1,20261108,1,20261115,1,20261122,1,20261129,1,20261206,1,20261213,1,20261220,1,20261227,1
'1495164',20260913,1,20260920,1,20260927,1,20261004,1,20261011,1,20261018,1,20261025,1,20261101,1,20261108,1,20261115,1,20261122,1,20261129,1,20261206,1,20261213,1,20261220,1,20261227,1
'1495165',20260913,1,20260920,1,20260927,1,20261004,1,20261011,1,20261018,1,20261025,1,20261101,1,20261108,1,20261115,1,20261122,1,20261129,1,20261206,1,20261213,1,20261220,1,20261227,1
'1495166',20260913,1,20260920,1,20260927,1,20261004,1,20261011,1,20261018,1,20261025,1,20261101,1,20261108,1,20261115,1,20261122,1,20261129,1,20261206,1,20261213,1,20261220,1,20261227,1
'1495167',20260913,1,20260920,1,20260927,1,20261004,1,20261011,1,20261018,1,20261025,1,20261101,1,20261108,1,20261115,1,20261122,1,20261129,1,20261206,1,20261213,1,20261220,1,20261227,1
'1495168',20260913,1,20260920,1,20260927,1,20261004,1,20261011,1,20261018,1,20261025,1,20261101,1,20261108,1,20261115,1,20261122,1,20261129,1,20261206,1,20261213,1,20261220,1,20261227,1
'1495169',20260913,1,20260920,1,20260927,1,20261004,1,20261011,1,20261018,1,20261025,1,20261101,1,20261108,1,20261115,1,20261122,1,20261129,1,20261206,1,20261213,1,20261220,1,20261227,1
'1495170',20260913,1,20260920,1,20260927,1,20261004,1,20261011,1,20261018,1,20261025,1,20261101,1,20261108,1,20261115,1,20261122,1,20261129,1,20261206,1,20261213,1,20261220,1,20261227,1
'1495171',20260913,1,20260920,1,20260927,1,20261004,1,20261011,1,20261018,1,20261025,1,20261101,1,20261108,1,20261115,1,20261122,1,20261129,1,20261206,1,20261213,1,20261220,1,20261227,1
'1495172',20260913,1,20260920,1,20260927,1,20261004,1,20261011,1,20261018,1,20261025,1,20261101,1,20261108,1,20261115,1,20261122,1,20261129,1,20261206,1,20261213,1,20261220,1,20261227,1
'1495173',20260913,1,20260920,1,20260927,1,20261004,1,20261011,1,20261018,1,20261025,1,20261101,1,20261108,1,20261115,1,20261122,1,20261129,1,20261206,1,20261213,1,20261220,1,20261227,1
'1495174',20260913,1,20260920,1,20260927,1,20261004,1,20261011,1,20261018,1,20261025,1,20261101,1,20261108,1,20261115,1,20261122,1,20261129,1,20261206,1,20261213,1,20261220,1,20261227,1
'1495175',20260913,1,20260920,1,20260927,1,20261004,1,20261011,1,20261018,1,20261025,1,20261101,1,20261108,1,20261115,1,20261122,1,20261129,1,20261206,1,20261213,1,20261220,1,20261227,1
'1495176',20260913,1,20260920,1,20260927,1,20261004,1,20261011,1,20261018,1,20261025,1,20261101,1,20261108,1,20261115,1,20261122,1,20261129,1,20261206,1,20261213,1,20261220,1,20261227,1
'1495177',20260913,1,20260920,1,20260927,1,20261004,1,20261011,1,20261018,1,20261025,1,20261101,1,20261108,1,20261115,1,20261122,1,20261129,1,20261206,1,20261213,1,20261220,1,20261227,1
'1495178',20260913,1,20260920,1,20260927,1,20261004,1,20261011,1,20261018,1,20261025,1,20261101,1,20261108,1,20261115,1,20261122,1,20261129,1,20261206,1,20261213,1,20261220,1,20261227,1
'1495179',20260913,1,20260920,1,20260927,1,20261004,1,20261011,1,20261018,1,20261025,1,20261101,1,20261108,1,20261115,1,20261122,1,20261129,1,20261206,1,20261213,1,20261220,1,20261227,1
'1495180',20260913,1,20260920,1,20260927,1,20261004,1,20261011,1,20261018,1,20261025,1,20261101,1,20261108,1,20261115,1,20261122,1,20261129,1,20261206,1,20261213,1,20261220,1,20261227,1
'1495181',20260913,1,20260920,1,20260927,1,20261004,1,20261011,1,20261018,1,20261025,1,20261101,1,20261108,1,20261115,1,20261122,1,20261129,1,20261206,1,20261213,1,20261220,1,20261227,1
'1495182',20260913,1,20260920,1,20260927,1,20261004,1,20261011,1,20261018,1,20261025,1,20261101,1,20261108,1,20261115,1,20261122,1,20261129,1,20261206,1,20261213,1,20261220,1,20261227,1
'1495183',20260913,1,20260920,1,20260927,1,20261004,1,20261011,1,20261018,1,20261025,1,20261101,1,20261108,1,20261115,1,20261122,1,20261129,1,20261206,1,20261213,1,20261220,1,20261227,1
'1495184',20260913,1,20260920,1,20260927,1,20261004,1,20261011,1,20261018,1,20261025,1,20261101,1,20261108,1,20261115,1,20261122,1,20261129,1,20261206,1,20261213,1,20261220,1,20261227,1
'1495185',20260913,1,20260920,1,20260927,1,20261004,1,20261011,1,20261018,1,20261025,1,20261101,1,20261108,1,20261115,1,20261122,1,20261129,1,20261206,1,20261213,1,20261220,1,20261227,1
'1495186',20260913,1,20260920,1,20260927,1,20261004,1,20261011,1,20261018,1,20261025,1,20261101,1,20261108,1,20261115,1,20261122,1,20261129,1,20261206,1,20261213,1,20261220,1,20261227,1
'1495187',20260913,1,20260920,1,20260927,1,20261004,1,20261011,1,20261018,1,20261025,1,20261101,1,20261108,1,20261115,1,20261122,1,20261129,1,20261206,1,20261213,1,20261220,1,20261227,1
'1495188',20260913,1,20260920,1,20260927,1,20261004,1,20261011,1,20261018,1,20261025,1,20261101,1,20261108,1,20261115,1,20261122,1,20261129,1,20261206,1,20261213,1,20261220,1,20261227,1
'1495189',20260913,1,20260920,1,20260927,1,20261004,1,20261011,1,20261018,1,20261025,1,20261101,1,20261108,1,20261115,1,20261122,1,20261129,1,20261206,1,20261213,1,20261220,1,20261227,1
'1495190',20260913,1,20260920,1,20260927,1,20261004,1,20261011,1,20261018,1,20261025,1,20261101,1,20261108,1,20261115,1,20261122,1,20261129,1,20261206,1,20261213,1,20261220,1,20261227,1
'1495191',20260913,1,20260920,1,20260927,1,20261004,1,20261011,1,20261018,1,20261025,1,20261101,1,20261108,1,20261115,1,20261122,1,20261129,1,20261206,1,20261213,1,20261220,1,20261227,1
'1495192',20260913,1,20260920,1,20260927,1,20261004,1,20261011,1,20261018,1,20261025,1,20261101,1,20261108,1,20261115,1,20261122,1,20261129,1,20261206,1,20261213,1,20261220,1,20261227,1
'1495193',20260913,1,20260920,1,20260927,1,20261004,1,20261011,1,20261018,1,20261025,1,20261101,1,20261108,1,20261115,1,20261122,1,20261129,1,20261206,1,20261213,1,20261220,1,20261227,1
'1495194',20260913,1,20260920,1,20260927,1,20261004,1,20261011,1,20261018,1,20261025,1,20261101,1,20261108,1,20261115,1,20261122,1,20261129,1,20261206,1,20261213,1,20261220,1,20261227,1
'1495195',20260913,1,20260920,1,20260927,1,20261004,1,20261011,1,20261018,1,20261025,1,20261101,1,20261108,1,20261115,1,20261122,1,20261129,1,20261206,1,20261213,1,20261220,1,20261227,1
'1495196',20260913,1,20260920,1,20260927,1,20261004,1,20261011,1,20261018,1,20261025,1,20261101,1,20261108,1,20261115,1,20261122,1,20261129,1,20261206,1,20261213,1,20261220,1,20261227,1
'1495197',20260913,1,20260920,1,20260927,1,20261004,1,20261011,1,20261018,1,20261025,1,20261101,1,20261108,1,20261115,1,20261122,1,20261129,1,20261206,1,20261213,1,20261220,1,20261227,1
'1495198',20260913,1,20260920,1,20260927,1,20261004,1,20261011,1,20261018,1,20261025,1,20261101,1,20261108,1,20261115,1,20261122,1,20261129,1,20261206,1,20261213,1,20261220,1,20261227,1
'1495199',20260913,1,20260920,1,20260927,1,20261004,1,20261011,1,20261018,1,20261025,1,20261101,1,20261108,1,20261115,1,20261122,1,20261129,1,20261206,1,20261213,1,20261220,1,20261227,1
'1495200',20260913,1,20260920,1,20260927,1,20261004,1,20261011,1,20261018,1,20261025,1,20261101,1,20261108,1,20261115,1,20261122,1,20261129,1,20261206,1,20261213,1,20261220,1,20261227,1
'1495201',20260913,1,20260920,1,20260927,1,20261004,1,20261011,1,20261018,1,20261025,1,20261101,1,20261108,1,20261115,1,20261122,1,20261129,1,20261206,1,20261213,1,20261220,1,20261227,1
'1495202',20260913,1,20260920,1,20260927,1,20261004,1,20261011,1,20261018,1,20261025,1,20261101,1,20261108,1,20261115,1,20261122,1,20261129,1,20261206,1,20261213,1,20261220,1,20261227,1
'1495203',20260913,1,20260920,1,20260927,1,20261004,1,20261011,1,20261018,1,20261025,1,20261101,1,20261108,1,20261115,1,20261122,1,20261129,1,20261206,1,20261213,1,20261220,1,20261227,1
'1495204',20260913,1,20260920,1,20260927,1,20261004,1,20261011,1,20261018,1,20261025,1,20261101,1,20261108,1,20261115,1,20261122,1,20261129,1,20261206,1,20261213,1,20261220,1,20261227,1
'1495205',20260913,1,20260920,1,20260927,1,20261004,1,20261011,1,20261018,1,20261025,1,20261101,1,20261108,1,20261115,1,20261122,1,20261129,1,20261206,1,20261213,1,20261220,1,20261227,1
'1495206',20260913,1,20260920,1,20260927,1,20261004,1,20261011,1,20261018,1,20261025,1,20261101,1,20261108,1,20261115,1,20261122,1,20261129,1,20261206,1,20261213,1,20261220,1,20261227,1
'1495207',20260913,1,20260920,1,20260927,1,20261004,1,20261011,1,20261018,1,20261025,1,20261101,1,20261108,1,20261115,1,20261122,1,20261129,1,20261206,1,20261213,1,20261220,1,20261227,1
'1495208',20260913,1,20260920,1,20260927,1,20261004,1,20261011,1,20261018,1,20261025,1,20261101,1,20261108,1,20261115,1,20261122,1,20261129,1,20261206,1,20261213,1,20261220,1,20261227,1
'1495209',20260913,1,20260920,1,20260927,1,20261004,1,20261011,1,20261018,1,20261025,1,20261101,1,20261108,1,20261115,1,20261122,1,20261129,1,20261206,1,20261213,1,20261220,1,20261227,1
'1495210',20260913,1,20260920,1,20260927,1,20261004,1,20261011,1,20261018,1,20261025,1,20261101,1,20261108,1,20261115,1,20261122,1,20261129,1,20261206,1,20261213,1,20261220,1,20261227,1
'1495211',20260913,1,20260920,1,20260927,1,20261004,1,20261011,1,20261018,1,20261025,1,20261101,1,20261108,1,20261115,1,20261122,1,20261129,1,20261206,1,20261213,1,20261220,1,20261227,1
'1495212',20260913,1,20260920,1,20260927,1,20261004,1,20261011,1,20261018,1,20261025,1,20261101,1,20261108,1,20261115,1,20261122,1,20261129,1,20261206,1,20261213,1,20261220,1,20261227,1
'1495213',20260913,1,20260920,1,20260927,1,20261004,1,20261011,1,20261018,1,20261025,1,20261101,1,20261108,1,20261115,1,20261122,1,20261129,1,20261206,1,20261213,1,20261220,1,20261227,1
'1495214',20260913,1,20260920,1,20260927,1,20261004,1,20261011,1,20261018,1,20261025,1,20261101,1,20261108,1,20261115,1,20261122,1,20261129,1,20261206,1,20261213,1,20261220,1,20261227,1
'1495215',20260913,1,20260920,1,20260927,1,20261004,1,20261011,1,20261018,1,20261025,1,20261101,1,20261108,1,20261115,1,20261122,1,20261129,1,20261206,1,20261213,1,20261220,1,20261227,1
'1495216',20260913,1,20260920,1,20260927,1,20261004,1,20261011,1,20261018,1,20261025,1,20261101,1,20261108,1,20261115,1,20261122,1,20261129,1,20261206,1,20261213,1,20261220,1,20261227,1
'1495217',20260913,1,20260920,1,20260927,1,20261004,1,20261011,1,20261018,1,20261025,1,20261101,1,20261108,1,20261115,1,20261122,1,20261129,1,20261206,1,20261213,1,20261220,1,20261227,1
'1495218',20260913,1,20260920,1,20260927,1,20261004,1,20261011,1,20261018,1,20261025,1,20261101,1,20261108,1,20261115,1,20261122,1,20261129,1,20261206,1,20261213,1,20261220,1,20261227,1
'1495219',20260913,1,20260920,1,20260927,1,20261004,1,20261011,1,20261018,1,20261025,1,20261101,1,20261108,1,20261115,1,20261122,1,20261129,1,20261206,1,20261213,1,20261220,1,20261227,1
'1495220',20260913,1,20260920,1,20260927,1,20261004,1,20261011,1,20261018,1,20261025,1,20261101,1,20261108,1,20261115,1,20261122,1,20261129,1,20261206,1,20261213,1,20261220,1,20261227,1
'1495221',20260913,1,20260920,1,20260927,1,20261004,1,20261011,1,20261018,1,20261025,1,20261101,1,20261108,1,20261115,1,20261122,1,20261129,1,20261206,1,20261213,1,20261220,1,20261227,1
'1495222',20260913,1,20260920,1,20260927,1,20261004,1,20261011,1,20261018,1,20261025,1,20261101,1,20261108,1,20261115,1,20261122,1,20261129,1,20261206,1,20261213,1,20261220,1,20261227,1
'1495223',20260913,1,20260920,1,20260927,1,20261004,1,20261011,1,20261018,1,20261025,1,20261101,1,20261108,1,20261115,1,20261122,1,20261129,1,20261206,1,20261213,1,20261220,1,20261227,1
'1495224',20260912,1,20260919,1,20260926,1,20261003,1,20261010,1,20261017,1,20261024,1,20261031,1,20261107,1,20261114,1,20261121,1,20261128,1,20261205,1,20261212,1,20261219,1
'1495225',20260912,1,20260919,1,20260926,1,20261003,1,20261010,1,20261017,1,20261024,1,20261031,1,20261107,1,20261114,1,20261121,1,20261128,1,20261205,1,20261212,1,20261219,1
'1495226',20260912,1,20260919,1,20260926,1,20261003,1,20261010,1,20261017,1,20261024,1,20261031,1,20261107,1,20261114,1,20261121,1,20261128,1,20261205,1,20261212,1,20261219,1
'1495227',20260912,1,20260919,1,20260926,1,20261003,1,20261010,1,20261017,1,20261024,1,20261031,1,20261107,1,20261114,1,20261121,1,20261128,1,20261205,1,20261212,1,20261219,1
'1495228',20260912,1,20260919,1,20260926,1,20261003,1,20261010,1,20261017,1,20261024,1,20261031,1,20261107,1,20261114,1,20261121,1,20261128,1,20261205,1,20261212,1,20261219,1
'1495229',20260912,1,20260919,1,20260926,1,20261003,1,20261010,1,20261017,1,20261024,1,20261031,1,20261107,1,20261114,1,20261121,1,20261128,1,20261205,1,20261212,1,20261219,1
'1495230',20260912,1,20260919,1,20260926,1,20261003,1,20261010,1,20261017,1,20261024,1,20261031,1,20261107,1,20261114,1,20261121,1,20261128,1,20261205,1,20261212,1,20261219,1
'1495231',20260912,1,20260919,1,20260926,1,20261003,1,20261010,1,20261017,1,20261024,1,20261031,1,20261107,1,20261114,1,20261121,1,20261128,1,20261205,1,20261212,1,20261219,1
'1495232',20260912,1,20260919,1,20260926,1,20261003,1,20261010,1,20261017,1,20261024,1,20261031,1,20261107,1,20261114,1,20261121,1,20261128,1,20261205,1,20261212,1,20261219,1
'1495233',20260912,1,20260919,1,20260926,1,20261003,1,20261010,1,20261017,1,20261024,1,20261031,1,20261107,1,20261114,1,20261121,1,20261128,1,20261205,1,20261212,1,20261219,1
'1495234',20260912,1,20260919,1,20260926,1,20261003,1,20261010,1,20261017,1,20261024,1,20261031,1,20261107,1,20261114,1,20261121,1,20261128,1,20261205,1,20261212,1,20261219,1
'1495235',20260912,1,20260919,1,20260926,1,20261003,1,20261010,1,20261017,1,20261024,1,20261031,1,20261107,1,20261114,1,20261121,1,20261128,1,20261205,1,20261212,1,20261219,1
'1495236',20260912,1,20260919,1,20260926,1,20261003,1,20261010,1,20261017,1,20261024,1,20261031,1,20261107,1,20261114,1,20261121,1,20261128,1,20261205,1,20261212,1,20261219,1
'1495237',20260912,1,20260919,1,20260926,1,20261003,1,20261010,1,20261017,1,20261024,1,20261031,1,20261107,1,20261114,1,20261121,1,20261128,1,20261205,1,20261212,1,20261219,1
'1495238',20260912,1,20260919,1,20260926,1,20261003,1,20261010,1,20261017,1,20261024,1,20261031,1,20261107,1,20261114,1,20261121,1,20261128,1,20261205,1,20261212,1,20261219,1
'1495239',20260912,1,20260919,1,20260926,1,20261003,1,20261010,1,20261017,1,20261024,1,20261031,1,20261107,1,20261114,1,20261121,1,20261128,1,20261205,1,20261212,1,20261219,1
'1495240',20260912,1,20260919,1,20260926,1,20261003,1,20261010,1,20261017,1,20261024,1,20261031,1,20261107,1,20261114,1,20261121,1,20261128,1,20261205,1,20261212,1,20261219,1
'1495241',20260912,1,20260919,1,20260926,1,20261003,1,20261010,1,20261017,1,20261024,1,20261031,1,20261107,1,20261114,1,20261121,1,20261128,1,20261205,1,20261212,1,20261219,1
'1495242',20260912,1,20260919,1,20260926,1,20261003,1,20261010,1,20261017,1,20261024,1,20261031,1,20261107,1,20261114,1,20261121,1,20261128,1,20261205,1,20261212,1,20261219,1
'1495243',20260912,1,20260919,1,20260926,1,20261003,1,20261010,1,20261017,1,20261024,1,20261031,1,20261107,1,20261114,1,20261121,1,20261128,1,20261205,1,20261212,1,20261219,1
'1495244',20260912,1,20260919,1,20260926,1,20261003,1,20261010,1,20261017,1,20261024,1,20261031,1,20261107,1,20261114,1,20261121,1,20261128,1,20261205,1,20261212,1,20261219,1
'1495245',20260912,1,20260919,1,20260926,1,20261003,1,20261010,1,20261017,1,20261024,1,20261031,1,20261107,1,20261114,1,20261121,1,20261128,1,20261205,1,20261212,1,20261219,1
'1495246',20260912,1,20260919,1,20260926,1,20261003,1,20261010,1,20261017,1,20261024,1,20261031,1,20261107,1,20261114,1,20261121,1,20261128,1,20261205,1,20261212,1,20261219,1
'1495247',20260912,1,20260919,1,20260926,1,20261003,1,20261010,1,20261017,1,20261024,1,20261031,1,20261107,1,20261114,1,20261121,1,20261128,1,20261205,1,20261212,1,20261219,1
'1495248',20260912,1,20260919,1,20260926,1,20261003,1,20261010,1,20261017,1,20261024,1,20261031,1,20261107,1,20261114,1,20261121,1,20261128,1,20261205,1,20261212,1,20261219,1
'1495249',20260912,1,20260919,1,20260926,1,20261003,1,20261010,1,20261017,1,20261024,1,20261031,1,20261107,1,20261114,1,20261121,1,20261128,1,20261205,1,20261212,1,20261219,1
'1495250',20260912,1,20260919,1,20260926,1,20261003,1,20261010,1,20261017,1,20261024,1,20261031,1,20261107,1,20261114,1,20261121,1,20261128,1,20261205,1,20261212,1,20261219,1
'1495251',20260912,1,20260919,1,20260926,1,20261003,1,20261010,1,20261017,1,20261024,1,20261031,1,20261107,1,20261114,1,20261121,1,20261128,1,20261205,1,20261212,1,20261219,1
'1495252',20260912,1,20260919,1,20260926,1,20261003,1,20261010,1,20261017,1,20261024,1,20261031,1,20261107,1,20261114,1,20261121,1,20261128,1,20261205,1,20261212,1,20261219,1
'1495253',20260912,1,20260919,1,20260926,1,20261003,1,20261010,1,20261017,1,20261024,1,20261031,1,20261107,1,20261114,1,20261121,1,20261128,1,20261205,1,20261212,1,20261219,1
'1495254',20260912,1,20260919,1,20260926,1,20261003,1,20261010,1,20261017,1,20261024,1,20261031,1,20261107,1,20261114,1,20261121,1,20261128,1,20261205,1,20261212,1,20261219,1
'1495255',20260912,1,20260919,1,20260926,1,20261003,1,20261010,1,20261017,1,20261024,1,20261031,1,20261107,1,20261114,1,20261121,1,20261128,1,20261205,1,20261212,1,20261219,1
'1495256',20260912,1,20260919,1,20260926,1,20261003,1,20261010,1,20261017,1,20261024,1,20261031,1,20261107,1,20261114,1,20261121,1,20261128,1,20261205,1,20261212,1,20261219,1
'1495257',20260912,1,20260919,1,20260926,1,20261003,1,20261010,1,20261017,1,20261024,1,20261031,1,20261107,1,20261114,1,20261121,1,20261128,1,20261205,1,20261212,1,20261219,1
'1495258',20260912,1,20260919,1,20260926,1,20261003,1,20261010,1,20261017,1,20261024,1,20261031,1,20261107,1,20261114,1,20261121,1,20261128,1,20261205,1,20261212,1,20261219,1
'1495259',20260912,1,20260919,1,20260926,1,20261003,1,20261010,1,20261017,1,20261024,1,20261031,1,20261107,1,20261114,1,20261121,1,20261128,1,20261205,1,20261212,1,20261219,1
'1495260',20260912,1,20260919,1,20260926,1,20261003,1,20261010,1,20261017,1,20261024,1,20261031,1,20261107,1,20261114,1,20261121,1,20261128,1,20261205,1,20261212,1,20261219,1
'1495261',20260912,1,20260919,1,20260926,1,20261003,1,20261010,1,20261017,1,20261024,1,20261031,1,20261107,1,20261114,1,20261121,1,20261128,1,20261205,1,20261212,1,20261219,1
'1495262',20260912,1,20260919,1,20260926,1,20261003,1,20261010,1,20261017,1,20261024,1,20261031,1,20261107,1,20261114,1,20261121,1,20261128,1,20261205,1,20261212,1,20261219,1
'1495263',20260912,1,20260919,1,20260926,1,20261003,1,20261010,1,20261017,1,20261024,1,20261031,1,20261107,1,20261114,1,20261121,1,20261128,1,20261205,1,20261212,1,20261219,1
'1495264',20260912,1,20260919,1,20260926,1,20261003,1,20261010,1,20261017,1,20261024,1,20261031,1,20261107,1,20261114,1,20261121,1,20261128,1,20261205,1,20261212,1,20261219,1
'1495265',20260912,1,20260919,1,20260926,1,20261003,1,20261010,1,20261017,1,20261024,1,20261031,1,20261107,1,20261114,1,20261121,1,20261128,1,20261205,1,20261212,1,20261219,1
'1495266',20260912,1,20260919,1,20260926,1,20261003,1,20261010,1,20261017,1,20261024,1,20261031,1,20261107,1,20261114,1,20261121,1,20261128,1,20261205,1,20261212,1,20261219,1
'1495267',20260912,1,20260919,1,20260926,1,20261003,1,20261010,1,20261017,1,20261024,1,20261031,1,20261107,1,20261114,1,20261121,1,20261128,1,20261205,1,20261212,1,20261219,1
'1495268',20260912,1,20260919,1,20260926,1,20261003,1,20261010,1,20261017,1,20261024,1,20261031,1,20261107,1,20261114,1,20261121,1,20261128,1,20261205,1,20261212,1,20261219,1
'1495269',20260912,1,20260919,1,20260926,1,20261003,1,20261010,1,20261017,1,20261024,1,20261031,1,20261107,1,20261114,1,20261121,1,20261128,1,20261205,1,20261212,1,20261219,1
'1495270',20260912,1,20260919,1,20260926,1,20261003,1,20261010,1,20261017,1,20261024,1,20261031,1,20261107,1,20261114,1,20261121,1,20261128,1,20261205,1,20261212,1,20261219,1
'1495271',20260912,1,20260919,1,20260926,1,20261003,1,20261010,1,20261017,1,20261024,1,20261031,1,20261107,1,20261114,1,20261121,1,20261128,1,20261205,1,20261212,1,20261219,1
'1495272',20260912,1,20260919,1,20260926,1,20261003,1,20261010,1,20261017,1,20261024,1,20261031,1,20261107,1,20261114,1,20261121,1,20261128,1,20261205,1,20261212,1,20261219,1
'1495273',20260912,1,20260919,1,20260926,1,20261003,1,20261010,1,20261017,1,20261024,1,20261031,1,20261107,1,20261114,1,20261121,1,20261128,1,20261205,1,20261212,1,20261219,1
'1495274',20260912,1,20260919,1,20260926,1,20261003,1,20261010,1,20261017,1,20261024,1,20261031,1,20261107,1,20261114,1,20261121,1,20261128,1,20261205,1,20261212,1,20261219,1
'1495275',20260912,1,20260919,1,20260926,1,20261003,1,20261010,1,20261017,1,20261024,1,20261031,1,20261107,1,20261114,1,20261121,1,20261128,1,20261205,1,20261212,1,20261219,1
'1495276',20260912,1,20260919,1,20260926,1,20261003,1,20261010,1,20261017,1,20261024,1,20261031,1,20261107,1,20261114,1,20261121,1,20261128,1,20261205,1,20261212,1,20261219,1
'1495277',20260912,1,20260919,1,20260926,1,20261003,1,20261010,1,20261017,1,20261024,1,20261031,1,20261107,1,20261114,1,20261121,1,20261128,1,20261205,1,20261212,1,20261219,1
'1495278',20260912,1,20260919,1,20260926,1,20261003,1,20261010,1,20261017,1,20261024,1,20261031,1,20261107,1,20261114,1,20261121,1,20261128,1,20261205,1,20261212,1,20261219,1
'1495279',20260912,1,20260919,1,20260926,1,20261003,1,20261010,1,20261017,1,20261024,1,20261031,1,20261107,1,20261114,1,20261121,1,20261128,1,20261205,1,20261212,1,20261219,1
'1495280',20260912,1,20260919,1,20260926,1,20261003,1,20261010,1,20261017,1,20261024,1,20261031,1,20261107,1,20261114,1,20261121,1,20261128,1,20261205,1,20261212,1,20261219,1
'1495281',20260912,1,20260919,1,20260926,1,20261003,1,20261010,1,20261017,1,20261024,1,20261031,1,20261107,1,20261114,1,20261121,1,20261128,1,20261205,1,20261212,1,20261219,1
'1495282',20260912,1,20260919,1,20260926,1,20261003,1,20261010,1,20261017,1,20261024,1,20261031,1,20261107,1,20261114,1,20261121,1,20261128,1,20261205,1,20261212,1,20261219,1
'1495283',20260912,1,20260919,1,20260926,1,20261003,1,20261010,1,20261017,1,20261024,1,20261031,1,20261107,1,20261114,1,20261121,1,20261128,1,20261205,1,20261212,1,20261219,1
'1495284',20260912,1,20260919,1,20260926,1,20261003,1,20261010,1,20261017,1,20261024,1,20261031,1,20261107,1,20261114,1,20261121,1,20261128,1,20261205,1,20261212,1,20261219,1
'1495285',20260912,1,20260919,1,20260926,1,20261003,1,20261010,1,20261017,1,20261024,1,20261031,1,20261107,1,20261114,1,20261121,1,20261128,1,20261205,1,20261212,1,20261219,1
'1495286',20260912,1,20260919,1,20260926,1,20261003,1,20261010,1,20261017,1,20261024,1,20261031,1,20261107,1,20261114,1,20261121,1,20261128,1,20261205,1,20261212,1,20261219,1
'1495287',20260912,1,20260919,1,20260926,1,20261003,1,20261010,1,20261017,1,20261024,1,20261031,1,20261107,1,20261114,1,20261121,1,20261128,1,20261205,1,20261212,1,20261219,1
'1495288',20260912,1,20260919,1,20260926,1,20261003,1,20261010,1,20261017,1,20261024,1,20261031,1,20261107,1,20261114,1,20261121,1,20261128,1,20261205,1,20261212,1,20261219,1
'1495289',20260912,1,20260919,1,20260926,1,20261003,1,20261010,1,20261017,1,20261024,1,20261031,1,20261107,1,20261114,1,20261121,1,20261128,1,20261205,1,20261212,1,20261219,1
'1495290',20260912,1,20260919,1,20260926,1,20261003,1,20261010,1,20261017,1,20261024,1,20261031,1,20261107,1,20261114,1,20261121,1,20261128,1,20261205,1,20261212,1,20261219,1
'1495291',20260912,1,20260919,1,20260926,1,20261003,1,20261010,1,20261017,1,20261024,1,20261031,1,20261107,1,20261114,1,20261121,1,20261128,1,20261205,1,20261212,1,20261219,1
'1495292',20260912,1,20260919,1,20260926,1,20261003,1,20261010,1,20261017,1,20261024,1,20261031,1,20261107,1,20261114,1,20261121,1,20261128,1,20261205,1,20261212,1,20261219,1
'1495293',20260912,1,20260919,1,20260926,1,20261003,1,20261010,1,20261017,1,20261024,1,20261031,1,20261107,1,20261114,1,20261121,1,20261128,1,20261205,1,20261212,1,20261219,1
'1495294',20260912,1,20260919,1,20260926,1,20261003,1,20261010,1,20261017,1,20261024,1,20261031,1,20261107,1,20261114,1,20261121,1,20261128,1,20261205,1,20261212,1,20261219,1
'1495295',20260912,1,20260919,1,20260926,1,20261003,1,20261010,1,20261017,1,20261024,1,20261031,1,20261107,1,20261114,1,20261121,1,20261128,1,20261205,1,20261212,1,20261219,1
'1495296',20260912,1,20260919,1,20260926,1,20261003,1,20261010,1,20261017,1,20261024,1,20261031,1,20261107,1,20261114,1,20261121,1,20261128,1,20261205,1,20261212,1,20261219,1
'1495297',20260912,1,20260919,1,20260926,1,20261003,1,20261010,1,20261017,1,20261024,1,20261031,1,20261107,1,20261114,1,20261121,1,20261128,1,20261205,1,20261212,1,20261219,1
'1495298',20260912,1,20260919,1,20260926,1,20261003,1,20261010,1,20261017,1,20261024,1,20261031,1,20261107,1,20261114,1,20261121,1,20261128,1,20261205,1,20261212,1,20261219,1
'1495299',20260912,1,20260919,1,20260926,1,20261003,1,20261010,1,20261017,1,20261024,1,20261031,1,20261107,1,20261114,1,20261121,1,20261128,1,20261205,1,20261212,1,20261219,1
'1495300',20260912,1,20260919,1,20260926,1,20261003,1,20261010,1,20261017,1,20261024,1,20261031,1,20261107,1,20261114,1,20261121,1,20261128,1,20261205,1,20261212,1,20261219,1
'1495301',20260912,1,20260919,1,20260926,1,20261003,1,20261010,1,20261017,1,20261024,1,20261031,1,20261107,1,20261114,1,20261121,1,20261128,1,20261205,1,20261212,1,20261219,1
'1495302',20260912,1,20260919,1,20260926,1,20261003,1,20261010,1,20261017,1,20261024,1,20261031,1,20261107,1,20261114,1,20261121,1,20261128,1,20261205,1,20261212,1,20261219,1
'1495303',20260912,1,20260919,1,20260926,1,20261003,1,20261010,1,20261017,1,20261024,1,20261031,1,20261107,1,20261114,1,20261121,1,20261128,1,20261205,1,20261212,1,20261219,1
'1495304',20260912,1,20260919,1,20260926,1,20261003,1,20261010,1,20261017,1,20261024,1,20261031,1,20261107,1,20261114,1,20261121,1,20261128,1,20261205,1,20261212,1,20261219,1
'1495305',20260912,1,20260919,1,20260926,1,20261003,1,20261010,1,20261017,1,20261024,1,20261031,1,20261107,1,20261114,1,20261121,1,20261128,1,20261205,1,20261212,1,20261219,1
'1495306',20260912,1,20260919,1,20260926,1,20261003,1,20261010,1,20261017,1,20261024,1,20261031,1,20261107,1,20261114,1,20261121,1,20261128,1,20261205,1,20261212,1,20261219,1
'1495307',20260912,1,20260919,1,20260926,1,20261003,1,20261010,1,20261017,1,20261024,1,20261031,1,20261107,1,20261114,1,20261121,1,20261128,1,20261205,1,20261212,1,20261219,1
'1495308',20260912,1,20260919,1,20260926,1,20261003,1,20261010,1,20261017,1,20261024,1,20261031,1,20261107,1,20261114,1,20261121,1,20261128,1,20261205,1,20261212,1,20261219,1
'1495309',20260912,1,20260919,1,20260926,1,20261003,1,20261010,1,20261017,1,20261024,1,20261031,1,20261107,1,20261114,1,20261121,1,20261128,1,20261205,1,20261212,1,20261219,1
'1495310',20260912,1,20260919,1,20260926,1,20261003,1,20261010,1,20261017,1,20261024,1,20261031,1,20261107,1,20261114,1,20261121,1,20261128,1,20261205,1,20261212,1,20261219,1
'1495311',20260912,1,20260919,1,20260926,1,20261003,1,20261010,1,20261017,1,20261024,1,20261031,1,20261107,1,20261114,1,20261121,1,20261128,1,20261205,1,20261212,1,20261219,1
'1495312',20260912,1,20260919,1,20260926,1,20261003,1,20261010,1,20261017,1,20261024,1,20261031,1,20261107,1,20261114,1,20261121,1,20261128,1,20261205,1,20261212,1,20261219,1
'1495313',20260912,1,20260919,1,20260926,1,20261003,1,20261010,1,20261017,1,20261024,1,20261031,1,20261107,1,20261114,1,20261121,1,20261128,1,20261205,1,20261212,1,20261219,1
'1495314',20260912,1,20260919,1,20260926,1,20261003,1,20261010,1,20261017,1,20261024,1,20261031,1,20261107,1,20261114,1,20261121,1,20261128,1,20261205,1,20261212,1,20261219,1
'1495315',20260912,1,20260919,1,20260926,1,20261003,1,20261010,1,20261017,1,20261024,1,20261031,1,20261107,1,20261114,1,20261121,1,20261128,1,20261205,1,20261212,1,20261219,1
'1495316',20260912,1,20260919,1,20260926,1,20261003,1,20261010,1,20261017,1,20261024,1,20261031,1,20261107,1,20261114,1,20261121,1,20261128,1,20261205,1,20261212,1,20261219,1
'1495317',20260912,1,20260919,1,20260926,1,20261003,1,20261010,1,20261017,1,20261024,1,20261031,1,20261107,1,20261114,1,20261121,1,20261128,1,20261205,1,20261212,1,20261219,1
'1495318',20260912,1,20260919,1,20260926,1,20261003,1,20261010,1,20261017,1,20261024,1,20261031,1,20261107,1,20261114,1,20261121,1,20261128,1,20261205,1,20261212,1,20261219,1
'1495319',20260912,1,20260919,1,20260926,1,20261003,1,20261010,1,20261017,1,20261024,1,20261031,1,20261107,1,20261114,1,20261121,1,20261128,1,20261205,1,20261212,1,20261219,1
'1495320',20260912,1,20260919,1,20260926,1,20261003,1,20261010,1,20261017,1,20261024,1,20261031,1,20261107,1,20261114,1,20261121,1,20261128,1,20261205,1,20261212,1,20261219,1
'1495321',20260912,1,20260919,1,20260926,1,20261003,1,20261010,1,20261017,1,20261024,1,20261031,1,20261107,1,20261114,1,20261121,1,20261128,1,20261205,1,20261212,1,20261219,1
'1495322',20260912,1,20260919,1,20260926,1,20261003,1,20261010,1,20261017,1,20261024,1,20261031,1,20261107,1,20261114,1,20261121,1,20261128,1,20261205,1,20261212,1,20261219,1
'1495323',20260912,1,20260919,1,20260926,1,20261003,1,20261010,1,20261017,1,20261024,1,20261031,1,20261107,1,20261114,1,20261121,1,20261128,1,20261205,1,20261212,1,20261219,1
'1495324',20260912,1,20260919,1,20260926,1,20261003,1,20261010,1,20261017,1,20261024,1,20261031,1,20261107,1,20261114,1,20261121,1,20261128,1,20261205,1,20261212,1,20261219,1
'1495325',20260912,1,20260919,1,20260926,1,20261003,1,20261010,1,20261017,1,20261024,1,20261031,1,20261107,1,20261114,1,20261121,1,20261128,1,20261205,1,20261212,1,20261219,1
'1495326',20260912,1,20260919,1,20260926,1,20261003,1,20261010,1,20261017,1,20261024,1,20261031,1,20261107,1,20261114,1,20261121,1,20261128,1,20261205,1,20261212,1,20261219,1
'1495327',20260912,1,20260919,1,20260926,1,20261003,1,20261010,1,20261017,1,20261024,1,20261031,1,20261107,1,20261114,1,20261121,1,20261128,1,20261205,1,20261212,1,20261219,1
'1495328',20260912,1,20260919,1,20260926,1,20261003,1,20261010,1,20261017,1,20261024,1,20261031,1,20261107,1,20261114,1,20261121,1,20261128,1,20261205,1,20261212,1,20261219,1
'1495329',20260912,1,20260919,1,20260926,1,20261003,1,20261010,1,20261017,1,20261024,1,20261031,1,20261107,1,20261114,1,20261121,1,20261128,1,20261205,1,20261212,1,20261219,1
'1495330',20260912,1,20260919,1,20260926,1,20261003,1,20261010,1,20261017,1,20261024,1,20261031,1,20261107,1,20261114,1,20261121,1,20261128,1,20261205,1,20261212,1,20261219,1
'1495331',20260912,1,20260919,1,20260926,1,20261003,1,20261010,1,20261017,1,20261024,1,20261031,1,20261107,1,20261114,1,20261121,1,20261128,1,20261205,1,20261212,1,20261219,1
'1495332',20260912,1,20260919,1,20260926,1,20261003,1,20261010,1,20261017,1,20261024,1,20261031,1,20261107,1,20261114,1,20261121,1,20261128,1,20261205,1,20261212,1,20261219,1
'1495333',20260912,1,20260919,1,20260926,1,20261003,1,20261010,1,20261017,1,20261024,1,20261031,1,20261107,1,20261114,1,20261121,1,20261128,1,20261205,1,20261212,1,20261219,1
'1495334',20260912,1,20260919,1,20260926,1,20261003,1,20261010,1,20261017,1,20261024,1,20261031,1,20261107,1,20261114,1,20261121,1,20261128,1,20261205,1,20261212,1,20261219,1
'1495335',20260912,1,20260919,1,20260926,1,20261003,1,20261010,1,20261017,1,20261024,1,20261031,1,20261107,1,20261114,1,20261121,1,20261128,1,20261205,1,20261212,1,20261219,1
'1495336',20260912,1,20260919,1,20260926,1,20261003,1,20261010,1,20261017,1,20261024,1,20261031,1,20261107,1,20261114,1,20261121,1,20261128,1,20261205,1,20261212,1,20261219,1
'1495337',20260912,1,20260919,1,20260926,1,20261003,1,20261010,1,20261017,1,20261024,1,20261031,1,20261107,1,20261114,1,20261121,1,20261128,1,20261205,1,20261212,1,20261219,1
'1495338',20260912,1,20260919,1,20260926,1,20261003,1,20261010,1,20261017,1,20261024,1,20261031,1,20261107,1,20261114,1,20261121,1,20261128,1,20261205,1,20261212,1,20261219,1
'1495339',20260912,1,20260919,1,20260926,1,20261003,1,20261010,1,20261017,1,20261024,1,20261031,1,20261107,1,20261114,1,20261121,1,20261128,1,20261205,1,20261212,1,20261219,1
'1495340',20260912,1,20260919,1,20260926,1,20261003,1,20261010,1,20261017,1,20261024,1,20261031,1,20261107,1,20261114,1,20261121,1,20261128,1,20261205,1,20261212,1,20261219,1
'1495341',20260912,1,20260919,1,20260926,1,20261003,1,20261010,1,20261017,1,20261024,1,20261031,1,20261107,1,20261114,1,20261121,1,20261128,1,20261205,1,20261212,1,20261219,1
'1495342',20260912,1,20260919,1,20260926,1,20261003,1,20261010,1,20261017,1,20261024,1,20261031,1,20261107,1,20261114,1,20261121,1,20261128,1,20261205,1,20261212,1,20261219,1
'1495343',20260912,1,20260919,1,20260926,1,20261003,1,20261010,1,20261017,1,20261024,1,20261031,1,20261107,1,20261114,1,20261121,1,20261128,1,20261205,1,20261212,1,20261219,1
'1495344',20260912,1,20260919,1,20260926,1,20261003,1,20261010,1,20261017,1,20261024,1,20261031,1,20261107,1,20261114,1,20261121,1,20261128,1,20261205,1,20261212,1,20261219,1
'1495345',20260912,1,20260919,1,20260926,1,20261003,1,20261010,1,20261017,1,20261024,1,20261031,1,20261107,1,20261114,1,20261121,1,20261128,1,20261205,1,20261212,1,20261219,1
'1495346',20260912,1,20260919,1,20260926,1,20261003,1,20261010,1,20261017,1,20261024,1,20261031,1,20261107,1,20261114,1,20261121,1,20261128,1,20261205,1,20261212,1,20261219,1
'1495347',20260912,1,20260919,1,20260926,1,20261003,1,20261010,1,20261017,1,20261024,1,20261031,1,20261107,1,20261114,1,20261121,1,20261128,1,20261205,1,20261212,1,20261219,1
'1495348',20260912,1,20260919,1,20260926,1,20261003,1,20261010,1,20261017,1,20261024,1,20261031,1,20261107,1,20261114,1,20261121,1,20261128,1,20261205,1,20261212,1,20261219,1
'1495349',20260912,1,20260919,1,20260926,1,20261003,1,20261010,1,20261017,1,20261024,1,20261031,1,20261107,1,20261114,1,20261121,1,20261128,1,20261205,1,20261212,1,20261219,1
'1495350',20260912,1,20260919,1,20260926,1,20261003,1,20261010,1,20261017,1,20261024,1,20261031,1,20261107,1,20261114,1,20261121,1,20261128,1,20261205,1,20261212,1,20261219,1
'1495351',20260912,1,20260919,1,20260926,1,20261003,1,20261010,1,20261017,1,20261024,1,20261031,1,20261107,1,20261114,1,20261121,1,20261128,1,20261205,1,20261212,1,20261219,1
'1495352',20260912,1,20260919,1,20260926,1,20261003,1,20261010,1,20261017,1,20261024,1,20261031,1,20261107,1,20261114,1,20261121,1,20261128,1,20261205,1,20261212,1,20261219,1
'1495353',20260912,1,20260919,1,20260926,1,20261003,1,20261010,1,20261017,1,20261024,1,20261031,1,20261107,1,20261114,1,20261121,1,20261128,1,20261205,1,20261212,1,20261219,1
'1495354',20260912,1,20260919,1,20260926,1,20261003,1,20261010,1,20261017,1,20261024,1,20261031,1,20261107,1,20261114,1,20261121,1,20261128,1,20261205,1,20261212,1,20261219,1
'1495355',20260912,1,20260919,1,20260926,1,20261003,1,20261010,1,20261017,1,20261024,1,20261031,1,20261107,1,20261114,1,20261121,1,20261128,1,20261205,1,20261212,1,20261219,1
'1495356',20260912,1,20260919,1,20260926,1,20261003,1,20261010,1,20261017,1,20261024,1,20261031,1,20261107,1,20261114,1,20261121,1,20261128,1,20261205,1,20261212,1,20261219,1
'1495357',20260912,1,20260919,1,20260926,1,20261003,1,20261010,1,20261017,1,20261024,1,20261031,1,20261107,1,20261114,1,20261121,1,20261128,1,20261205,1,20261212,1,20261219,1
'1495358',20260912,1,20260919,1,20260926,1,20261003,1,20261010,1,20261017,1,20261024,1,20261031,1,20261107,1,20261114,1,20261121,1,20261128,1,20261205,1,20261212,1,20261219,1
'1495359',20260912,1,20260919,1,20260926,1,20261003,1,20261010,1,20261017,1,20261024,1,20261031,1,20261107,1,20261114,1,20261121,1,20261128,1,20261205,1,20261212,1,20261219,1
'1495360',20260912,1,20260919,1,20260926,1,20261003,1,20261010,1,20261017,1,20261024,1,20261031,1,20261107,1,20261114,1,20261121,1,20261128,1,20261205,1,20261212,1,20261219,1
'1495361',20260912,1,20260919,1,20260926,1,20261003,1,20261010,1,20261017,1,20261024,1,20261031,1,20261107,1,20261114,1,20261121,1,20261128,1,20261205,1,20261212,1,20261219,1
'1495362',20260912,1,20260919,1,20260926,1,20261003,1,20261010,1,20261017,1,20261024,1,20261031,1,20261107,1,20261114,1,20261121,1,20261128,1,20261205,1,20261212,1,20261219,1
'1495363',20260912,1,20260919,1,20260926,1,20261003,1,20261010,1,20261017,1,20261024,1,20261031,1,20261107,1,20261114,1,20261121,1,20261128,1,20261205,1,20261212,1,20261219,1
'1495364',20260912,1,20260919,1,20260926,1,20261003,1,20261010,1,20261017,1,20261024,1,20261031,1,20261107,1,20261114,1,20261121,1,20261128,1,20261205,1,20261212,1,20261219,1
'1495365',20260912,1,20260919,1,20260926,1,20261003,1,20261010,1,20261017,1,20261024,1,20261031,1,20261107,1,20261114,1,20261121,1,20261128,1,20261205,1,20261212,1,20261219,1
'1495366',20260912,1,20260919,1,20260926,1,20261003,1,20261010,1,20261017,1,20261024,1,20261031,1,20261107,1,20261114,1,20261121,1,20261128,1,20261205,1,20261212,1,20261219,1
'1495367',20260912,1,20260919,1,20260926,1,20261003,1,20261010,1,20261017,1,20261024,1,20261031,1,20261107,1,20261114,1,20261121,1,20261128,1,20261205,1,20261212,1,20261219,1
'1495368',20260912,1,20260919,1,20260926,1,20261003,1,20261010,1,20261017,1,20261024,1,20261031,1,20261107,1,20261114,1,20261121,1,20261128,1,20261205,1,20261212,1,20261219,1
'1495369',20260912,1,20260919,1,20260926,1,20261003,1,20261010,1,20261017,1,20261024,1,20261031,1,20261107,1,20261114,1,20261121,1,20261128,1,20261205,1,20261212,1,20261219,1
'1495370',20260912,1,20260919,1,20260926,1,20261003,1,20261010,1,20261017,1,20261024,1,20261031,1,20261107,1,20261114,1,20261121,1,20261128,1,20261205,1,20261212,1,20261219,1
'1495371',20260912,1,20260919,1,20260926,1,20261003,1,20261010,1,20261017,1,20261024,1,20261031,1,20261107,1,20261114,1,20261121,1,20261128,1,20261205,1,20261212,1,20261219,1
'1495372',20260912,1,20260919,1,20260926,1,20261003,1,20261010,1,20261017,1,20261024,1,20261031,1,20261107,1,20261114,1,20261121,1,20261128,1,20261205,1,20261212,1,20261219,1
'1495373',20260912,1,20260919,1,20260926,1,20261003,1,20261010,1,20261017,1,20261024,1,20261031,1,20261107,1,20261114,1,20261121,1,20261128,1,20261205,1,20261212,1,20261219,1
'1495374',20260912,1,20260919,1,20260926,1,20261003,1,20261010,1,20261017,1,20261024,1,20261031,1,20261107,1,20261114,1,20261121,1,20261128,1,20261205,1,20261212,1,20261219,1
'1495375',20260912,1,20260919,1,20260926,1,20261003,1,20261010,1,20261017,1,20261024,1,20261031,1,20261107,1,20261114,1,20261121,1,20261128,1,20261205,1,20261212,1,20261219,1
'1495376',20260912,1,20260919,1,20260926,1,20261003,1,20261010,1,20261017,1,20261024,1,20261031,1,20261107,1,20261114,1,20261121,1,20261128,1,20261205,1,20261212,1,20261219,1
'1495377',20260912,1,20260919,1,20260926,1,20261003,1,20261010,1,20261017,1,20261024,1,20261031,1,20261107,1,20261114,1,20261121,1,20261128,1,20261205,1,20261212,1,20261219,1
'1495378',20260912,1,20260919,1,20260926,1,20261003,1,20261010,1,20261017,1,20261024,1,20261031,1,20261107,1,20261114,1,20261121,1,20261128,1,20261205,1,20261212,1,20261219,1
'1495379',20260912,1,20260919,1,20260926,1,20261003,1,20261010,1,20261017,1,20261024,1,20261031,1,20261107,1,20261114,1,20261121,1,20261128,1,20261205,1,20261212,1,20261219,1
'1495380',20260912,1,20260919,1,20260926,1,20261003,1,20261010,1,20261017,1,20261024,1,20261031,1,20261107,1,20261114,1,20261121,1,20261128,1,20261205,1,20261212,1,20261219,1
'1495381',20260912,1,20260919,1,20260926,1,20261003,1,20261010,1,20261017,1,20261024,1,20261031,1,20261107,1,20261114,1,20261121,1,20261128,1,20261205,1,20261212,1,20261219,1
'1495382',20260912,1,20260919,1,20260926,1,20261003,1,20261010,1,20261017,1,20261024,1,20261031,1,20261107,1,20261114,1,20261121,1,20261128,1,20261205,1,20261212,1,20261219,1
'1495383',20260912,1,20260919,1,20260926,1,20261003,1,20261010,1,20261017,1,20261024,1,20261031,1,20261107,1,20261114,1,20261121,1,20261128,1,20261205,1,20261212,1,20261219,1
'1495384',20260912,1,20260919,1,20260926,1,20261003,1,20261010,1,20261017,1,20261024,1,20261031,1,20261107,1,20261114,1,20261121,1,20261128,1,20261205,1,20261212,1,20261219,1
'1495385',20260912,1,20260919,1,20260926,1,20261003,1,20261010,1,20261017,1,20261024,1,20261031,1,20261107,1,20261114,1,20261121,1,20261128,1,20261205,1,20261212,1,20261219,1
'1495386',20260912,1,20260919,1,20260926,1,20261003,1,20261010,1,20261017,1,20261024,1,20261031,1,20261107,1,20261114,1,20261121,1,20261128,1,20261205,1,20261212,1,20261219,1
'1495387',20260912,1,20260919,1,20260926,1,20261003,1,20261010,1,20261017,1,20261024,1,20261031,1,20261107,1,20261114,1,20261121,1,20261128,1,20261205,1,20261212,1,20261219,1
'1495388',20260912,1,20260919,1,20260926,1,20261003,1,20261010,1,20261017,1,20261024,1,20261031,1,20261107,1,20261114,1,20261121,1,20261128,1,20261205,1,20261212,1,20261219,1
'1495389',20260912,1,20260919,1,20260926,1,20261003,1,20261010,1,20261017,1,20261024,1,20261031,1,20261107,1,20261114,1,20261121,1,20261128,1,20261205,1,20261212,1,20261219,1
'1495390',20260912,1,20260919,1,20260926,1,20261003,1,20261010,1,20261017,1,20261024,1,20261031,1,20261107,1,20261114,1,20261121,1,20261128,1,20261205,1,20261212,1,20261219,1
'1495391',20260912,1,20260919,1,20260926,1,20261003,1,20261010,1,20261017,1,20261024,1,20261031,1,20261107,1,20261114,1,20261121,1,20261128,1,20261205,1,20261212,1,20261219,1
'1495392',20260912,1,20260919,1,20260926,1,20261003,1,20261010,1,20261017,1,20261024,1,20261031,1,20261107,1,20261114,1,20261121,1,20261128,1,20261205,1,20261212,1,20261219,1
'1495393',20260912,1,20260919,1,20260926,1,20261003,1,20261010,1,20261017,1,20261024,1,20261031,1,20261107,1,20261114,1,20261121,1,20261128,1,20261205,1,20261212,1,20261219,1
'1495394',20260912,1,20260919,1,20260926,1,20261003,1,20261010,1,20261017,1,20261024,1,20261031,1,20261107,1,20261114,1,20261121,1,20261128,1,20261205,1,20261212,1,20261219,1
'1495395',20260912,1,20260919,1,20260926,1,20261003,1,20261010,1,20261017,1,20261024,1,20261031,1,20261107,1,20261114,1,20261121,1,20261128,1,20261205,1,20261212,1,20261219,1
'1495396',20260912,1,20260919,1,20260926,1,20261003,1,20261010,1,20261017,1,20261024,1,20261031,1,20261107,1,20261114,1,20261121,1,20261128,1,20261205,1,20261212,1,20261219,1
'1495397',20260912,1,20260919,1,20260926,1,20261003,1,20261010,1,20261017,1,20261024,1,20261031,1,20261107,1,20261114,1,20261121,1,20261128,1,20261205,1,20261212,1,20261219,1
'1495398',20260912,1,20260919,1,20260926,1,20261003,1,20261010,1,20261017,1,20261024,1,20261031,1,20261107,1,20261114,1,20261121,1,20261128,1,20261205,1,20261212,1,20261219,1
'1495399',20260912,1,20260919,1,20260926,1,20261003,1,20261010,1,20261017,1,20261024,1,20261031,1,20261107,1,20261114,1,20261121,1,20261128,1,20261205,1,20261212,1,20261219,1
'1495400',20260912,1,20260919,1,20260926,1,20261003,1,20261010,1,20261017,1,20261024,1,20261031,1,20261107,1,20261114,1,20261121,1,20261128,1,20261205,1,20261212,1,20261219,1
'1495401',20260912,1,20260919,1,20260926,1,20261003,1,20261010,1,20261017,1,20261024,1,20261031,1,20261107,1,20261114,1,20261121,1,20261128,1,20261205,1,20261212,1,20261219,1
'1495402',20260912,1,20260919,1,20260926,1,20261003,1,20261010,1,20261017,1,20261024,1,20261031,1,20261107,1,20261114,1,20261121,1,20261128,1,20261205,1,20261212,1,20261219,1
'1495403',20260912,1,20260919,1,20260926,1,20261003,1,20261010,1,20261017,1,20261024,1,20261031,1,20261107,1,20261114,1,20261121,1,20261128,1,20261205,1,20261212,1,20261219,1
'1495404',20260912,1,20260919,1,20260926,1,20261003,1,20261010,1,20261017,1,20261024,1,20261031,1,20261107,1,20261114,1,20261121,1,20261128,1,20261205,1,20261212,1,20261219,1
'1495405',20260912,1,20260919,1,20260926,1,20261003,1,20261010,1,20261017,1,20261024,1,20261031,1,20261107,1,20261114,1,20261121,1,20261128,1,20261205,1,20261212,1,20261219,1
'1495406',20260912,1,20260919,1,20260926,1,20261003,1,20261010,1,20261017,1,20261024,1,20261031,1,20261107,1,20261114,1,20261121,1,20261128,1,20261205,1,20261212,1,20261219,1
'1495407',20260912,1,20260919,1,20260926,1,20261003,1,20261010,1,20261017,1,20261024,1,20261031,1,20261107,1,20261114,1,20261121,1,20261128,1,20261205,1,20261212,1,20261219,1
'1495408',20260912,1,20260919,1,20260926,1,20261003,1,20261010,1,20261017,1,20261024,1,20261031,1,20261107,1,20261114,1,20261121,1,20261128,1,20261205,1,20261212,1,20261219,1
'1495409',20260912,1,20260919,1,20260926,1,20261003,1,20261010,1,20261017,1,20261024,1,20261031,1,20261107,1,20261114,1,20261121,1,20261128,1,20261205,1,20261212,1,20261219,1
'1495410',20260912,1,20260919,1,20260926,1,20261003,1,20261010,1,20261017,1,20261024,1,20261031,1,20261107,1,20261114,1,20261121,1,20261128,1,20261205,1,20261212,1,20261219,1
'1495411',20260912,1,20260919,1,20260926,1,20261003,1,20261010,1,20261017,1,20261024,1,20261031,1,20261107,1,20261114,1,20261121,1,20261128,1,20261205,1,20261212,1,20261219,1
'1495412',20260912,1,20260919,1,20260926,1,20261003,1,20261010,1,20261017,1,20261024,1,20261031,1,20261107,1,20261114,1,20261121,1,20261128,1,20261205,1,20261212,1,20261219,1
'1495413',20260912,1,20260919,1,20260926,1,20261003,1,20261010,1,20261017,1,20261024,1,20261031,1,20261107,1,20261114,1,20261121,1,20261128,1,20261205,1,20261212,1,20261219,1
'1495414',20260912,1,20260919,1,20260926,1,20261003,1,20261010,1,20261017,1,20261024,1,20261031,1,20261107,1,20261114,1,20261121,1,20261128,1,20261205,1,20261212,1,20261219,1
'1495415',20260912,1,20260919,1,20260926,1,20261003,1,20261010,1,20261017,1,20261024,1,20261031,1,20261107,1,20261114,1,20261121,1,20261128,1,20261205,1,20261212,1,20261219,1
'1495416',20260912,1,20260919,1,20260926,1,20261003,1,20261010,1,20261017,1,20261024,1,20261031,1,20261107,1,20261114,1,20261121,1,20261128,1,20261205,1,20261212,1,20261219,1
'1495417',20260912,1,20260919,1,20260926,1,20261003,1,20261010,1,20261017,1,20261024,1,20261031,1,20261107,1,20261114,1,20261121,1,20261128,1,20261205,1,20261212,1,20261219,1
'1495418',20260912,1,20260919,1,20260926,1,20261003,1,20261010,1,20261017,1,20261024,1,20261031,1,20261107,1,20261114,1,20261121,1,20261128,1,20261205,1,20261212,1,20261219,1
'1495419',20260912,1,20260919,1,20260926,1,20261003,1,20261010,1,20261017,1,20261024,1,20261031,1,20261107,1,20261114,1,20261121,1,20261128,1,20261205,1,20261212,1,20261219,1
'1495420',20260912,1,20260919,1,20260926,1,20261003,1,20261010,1,20261017,1,20261024,1,20261031,1,20261107,1,20261114,1,20261121,1,20261128,1,20261205,1,20261212,1,20261219,1
'1495421',20260912,1,20260919,1,20260926,1,20261003,1,20261010,1,20261017,1,20261024,1,20261031,1,20261107,1,20261114,1,20261121,1,20261128,1,20261205,1,20261212,1,20261219,1
'1495422',20260912,1,20260919,1,20260926,1,20261003,1,20261010,1,20261017,1,20261024,1,20261031,1,20261107,1,20261114,1,20261121,1,20261128,1,20261205,1,20261212,1,20261219,1
'1495423',20260912,1,20260919,1,20260926,1,20261003,1,20261010,1,20261017,1,20261024,1,20261031,1,20261107,1,20261114,1,20261121,1,20261128,1,20261205,1,20261212,1,20261219,1
'1495424',20260912,1,20260919,1,20260926,1,20261003,1,20261010,1,20261017,1,20261024,1,20261031,1,20261107,1,20261114,1,20261121,1,20261128,1,20261205,1,20261212,1,20261219,1
'1495425',20260912,1,20260919,1,20260926,1,20261003,1,20261010,1,20261017,1,20261024,1,20261031,1,20261107,1,20261114,1,20261121,1,20261128,1,20261205,1,20261212,1,20261219,1
'1495426',20260912,1,20260919,1,20260926,1,20261003,1,20261010,1,20261017,1,20261024,1,20261031,1,20261107,1,20261114,1,20261121,1,20261128,1,20261205,1,20261212,1,20261219,1
'1495427',20260912,1,20260919,1,20260926,1,20261003,1,20261010,1,20261017,1,20261024,1,20261031,1,20261107,1,20261114,1,20261121,1,20261128,1,20261205,1,20261212,1,20261219,1
'1495428',20260912,1,20260919,1,20260926,1,20261003,1,20261010,1,20261017,1,20261024,1,20261031,1,20261107,1,20261114,1,20261121,1,20261128,1,20261205,1,20261212,1,20261219,1
'1495429',20260912,1,20260919,1,20260926,1,20261003,1,20261010,1,20261017,1,20261024,1,20261031,1,20261107,1,20261114,1,20261121,1,20261128,1,20261205,1,20261212,1,20261219,1
'1495430',20260912,1,20260919,1,20260926,1,20261003,1,20261010,1,20261017,1,20261024,1,20261031,1,20261107,1,20261114,1,20261121,1,20261128,1,20261205,1,20261212,1,20261219,1
'1495431',20260912,1,20260919,1,20260926,1,20261003,1,20261010,1,20261017,1,20261024,1,20261031,1,20261107,1,20261114,1,20261121,1,20261128,1,20261205,1,20261212,1,20261219,1
'1495432',20260912,1,20260919,1,20260926,1,20261003,1,20261010,1,20261017,1,20261024,1,20261031,1,20261107,1,20261114,1,20261121,1,20261128,1,20261205,1,20261212,1,20261219,1
'1495433',20260912,1,20260919,1,20260926,1,20261003,1,20261010,1,20261017,1,20261024,1,20261031,1,20261107,1,20261114,1,20261121,1,20261128,1,20261205,1,20261212,1,20261219,1
'1495434',20260912,1,20260919,1,20260926,1,20261003,1,20261010,1,20261017,1,20261024,1,20261031,1,20261107,1,20261114,1,20261121,1,20261128,1,20261205,1,20261212,1,20261219,1
'1495435',20260912,1,20260919,1,20260926,1,20261003,1,20261010,1,20261017,1,20261024,1,20261031,1,20261107,1,20261114,1,20261121,1,20261128,1,20261205,1,20261212,1,20261219,1
'1495436',20260912,1,20260919,1,20260926,1,20261003,1,20261010,1,20261017,1,20261024,1,20261031,1,20261107,1,20261114,1,20261121,1,20261128,1,20261205,1,20261212,1,20261219,1
'1495437',20260912,1,20260919,1,20260926,1,20261003,1,20261010,1,20261017,1,20261024,1,20261031,1,20261107,1,20261114,1,20261121,1,20261128,1,20261205,1,20261212,1,20261219,1
'1495438',20260912,1,20260919,1,20260926,1,20261003,1,20261010,1,20261017,1,20261024,1,20261031,1,20261107,1,20261114,1,20261121,1,20261128,1,20261205,1,20261212,1,20261219,1
'1495439',20260912,1,20260919,1,20260926,1,20261003,1,20261010,1,20261017,1,20261024,1,20261031,1,20261107,1,20261114,1,20261121,1,20261128,1,20261205,1,20261212,1,20261219,1
'1495440',20260912,1,20260919,1,20260926,1,20261003,1,20261010,1,20261017,1,20261024,1,20261031,1,20261107,1,20261114,1,20261121,1,20261128,1,20261205,1,20261212,1,20261219,1
'1495441',20260912,1,20260919,1,20260926,1,20261003,1,20261010,1,20261017,1,20261024,1,20261031,1,20261107,1,20261114,1,20261121,1,20261128,1,20261205,1,20261212,1,20261219,1
'1495442',20260912,1,20260919,1,20260926,1,20261003,1,20261010,1,20261017,1,20261024,1,20261031,1,20261107,1,20261114,1,20261121,1,20261128,1,20261205,1,20261212,1,20261219,1
'1495443',20260912,1,20260919,1,20260926,1,20261003,1,20261010,1,20261017,1,20261024,1,20261031,1,20261107,1,20261114,1,20261121,1,20261128,1,20261205,1,20261212,1,20261219,1
'1495444',20260912,1,20260919,1,20260926,1,20261003,1,20261010,1,20261017,1,20261024,1,20261031,1,20261107,1,20261114,1,20261121,1,20261128,1,20261205,1,20261212,1,20261219,1
'1495445',20260912,1,20260919,1,20260926,1,20261003,1,20261010,1,20261017,1,20261024,1,20261031,1,20261107,1,20261114,1,20261121,1,20261128,1,20261205,1,20261212,1,20261219,1
'1495446',20260912,1,20260919,1,20260926,1,20261003,1,20261010,1,20261017,1,20261024,1,20261031,1,20261107,1,20261114,1,20261121,1,20261128,1,20261205,1,20261212,1,20261219,1
'1495447',20260912,1,20260919,1,20260926,1,20261003,1,20261010,1,20261017,1,20261024,1,20261031,1,20261107,1,20261114,1,20261121,1,20261128,1,20261205,1,20261212,1,20261219,1
'1495448',20260912,1,20260919,1,20260926,1,20261003,1,20261010,1,20261017,1,20261024,1,20261031,1,20261107,1,20261114,1,20261121,1,20261128,1,20261205,1,20261212,1,20261219,1
'1495449',20260912,1,20260919,1,20260926,1,20261003,1,20261010,1,20261017,1,20261024,1,20261031,1,20261107,1,20261114,1,20261121,1,20261128,1,20261205,1,20261212,1,20261219,1
'1495450',20260912,1,20260919,1,20260926,1,20261003,1,20261010,1,20261017,1,20261024,1,20261031,1,20261107,1,20261114,1,20261121,1,20261128,1,20261205,1,20261212,1,20261219,1
'1495451',20260912,1,20260919,1,20260926,1,20261003,1,20261010,1,20261017,1,20261024,1,20261031,1,20261107,1,20261114,1,20261121,1,20261128,1,20261205,1,20261212,1,20261219,1
'1495452',20260912,1,20260919,1,20260926,1,20261003,1,20261010,1,20261017,1,20261024,1,20261031,1,20261107,1,20261114,1,20261121,1,20261128,1,20261205,1,20261212,1,20261219,1
'1495453',20260912,1,20260919,1,20260926,1,20261003,1,20261010,1,20261017,1,20261024,1,20261031,1,20261107,1,20261114,1,20261121,1,20261128,1,20261205,1,20261212,1,20261219,1
'1495454',20260912,1,20260919,1,20260926,1,20261003,1,20261010,1,20261017,1,20261024,1,20261031,1,20261107,1,20261114,1,20261121,1,20261128,1,20261205,1,20261212,1,20261219,1
'1495455',20260912,1,20260919,1,20260926,1,20261003,1,20261010,1,20261017,1,20261024,1,20261031,1,20261107,1,20261114,1,20261121,1,20261128,1,20261205,1,20261212,1,20261219,1
'1495456',20260912,1,20260919,1,20260926,1,20261003,1,20261010,1,20261017,1,20261024,1,20261031,1,20261107,1,20261114,1,20261121,1,20261128,1,20261205,1,20261212,1,20261219,1
'1495457',20260912,1,20260919,1,20260926,1,20261003,1,20261010,1,20261017,1,20261024,1,20261031,1,20261107,1,20261114,1,20261121,1,20261128,1,20261205,1,20261212,1,20261219,1
'1495458',20260912,1,20260919,1,20260926,1,20261003,1,20261010,1,20261017,1,20261024,1,20261031,1,20261107,1,20261114,1,20261121,1,20261128,1,20261205,1,20261212,1,20261219,1
'1495459',20260912,1,20260919,1,20260926,1,20261003,1,20261010,1,20261017,1,20261024,1,20261031,1,20261107,1,20261114,1,20261121,1,20261128,1,20261205,1,20261212,1,20261219,1
'1495460',20260912,1,20260919,1,20260926,1,20261003,1,20261010,1,20261017,1,20261024,1,20261031,1,20261107,1,20261114,1,20261121,1,20261128,1,20261205,1,20261212,1,20261219,1
'1495461',20260912,1,20260919,1,20260926,1,20261003,1,20261010,1,20261017,1,20261024,1,20261031,1,20261107,1,20261114,1,20261121,1,20261128,1,20261205,1,20261212,1,20261219,1
'1495462',20260912,1,20260919,1,20260926,1,20261003,1,20261010,1,20261017,1,20261024,1,20261031,1,20261107,1,20261114,1,20261121,1,20261128,1,20261205,1,20261212,1,20261219,1
'1495463',20260912,1,20260919,1,20260926,1,20261003,1,20261010,1,20261017,1,20261024,1,20261031,1,20261107,1,20261114,1,20261121,1,20261128,1,20261205,1,20261212,1,20261219,1
'1495464',20260912,1,20260919,1,20260926,1,20261003,1,20261010,1,20261017,1,20261024,1,20261031,1,20261107,1,20261114,1,20261121,1,20261128,1,20261205,1,20261212,1,20261219,1
'1495465',20260912,1,20260919,1,20260926,1,20261003,1,20261010,1,20261017,1,20261024,1,20261031,1,20261107,1,20261114,1,20261121,1,20261128,1,20261205,1,20261212,1,20261219,1
'1495466',20260912,1,20260919,1,20260926,1,20261003,1,20261010,1,20261017,1,20261024,1,20261031,1,20261107,1,20261114,1,20261121,1,20261128,1,20261205,1,20261212,1,20261219,1
'1495467',20260912,1,20260919,1,20260926,1,20261003,1,20261010,1,20261017,1,20261024,1,20261031,1,20261107,1,20261114,1,20261121,1,20261128,1,20261205,1,20261212,1,20261219,1
'1495468',20260912,1,20260919,1,20260926,1,20261003,1,20261010,1,20261017,1,20261024,1,20261031,1,20261107,1,20261114,1,20261121,1,20261128,1,20261205,1,20261212,1,20261219,1
'1495469',20260912,1,20260919,1,20260926,1,20261003,1,20261010,1,20261017,1,20261024,1,20261031,1,20261107,1,20261114,1,20261121,1,20261128,1,20261205,1,20261212,1,20261219,1
'1495470',20260912,1,20260919,1,20260926,1,20261003,1,20261010,1,20261017,1,20261024,1,20261031,1,20261107,1,20261114,1,20261121,1,20261128,1,20261205,1,20261212,1,20261219,1
'1495471',20260912,1,20260919,1,20260926,1,20261003,1,20261010,1,20261017,1,20261024,1,20261031,1,20261107,1,20261114,1,20261121,1,20261128,1,20261205,1,20261212,1,20261219,1
'1495472',20260912,1,20260919,1,20260926,1,20261003,1,20261010,1,20261017,1,20261024,1,20261031,1,20261107,1,20261114,1,20261121,1,20261128,1,20261205,1,20261212,1,20261219,1
'1495473',20260912,1,20260919,1,20260926,1,20261003,1,20261010,1,20261017,1,20261024,1,20261031,1,20261107,1,20261114,1,20261121,1,20261128,1,20261205,1,20261212,1,20261219,1
'1495474',20260912,1,20260919,1,20260926,1,20261003,1,20261010,1,20261017,1,20261024,1,20261031,1,20261107,1,20261114,1,20261121,1,20261128,1,20261205,1,20261212,1,20261219,1
'1495475',20260912,1,20260919,1,20260926,1,20261003,1,20261010,1,20261017,1,20261024,1,20261031,1,20261107,1,20261114,1,20261121,1,20261128,1,20261205,1,20261212,1,20261219,1
'1495476',20260912,1,20260919,1,20260926,1,20261003,1,20261010,1,20261017,1,20261024,1,20261031,1,20261107,1,20261114,1,20261121,1,20261128,1,20261205,1,20261212,1,20261219,1
'1495477',20260912,1,20260919,1,20260926,1,20261003,1,20261010,1,20261017,1,20261024,1,20261031,1,20261107,1,20261114,1,20261121,1,20261128,1,20261205,1,20261212,1,20261219,1
'1495478',20260912,1,20260919,1,20260926,1,20261003,1,20261010,1,20261017,1,20261024,1,20261031,1,20261107,1,20261114,1,20261121,1,20261128,1,20261205,1,20261212,1,20261219,1
'1495479',20260912,1,20260919,1,20260926,1,20261003,1,20261010,1,20261017,1,20261024,1,20261031,1,20261107,1,20261114,1,20261121,1,20261128,1,20261205,1,20261212,1,20261219,1
'1495480',20260912,1,20260919,1,20260926,1,20261003,1,20261010,1,20261017,1,20261024,1,20261031,1,20261107,1,20261114,1,20261121,1,20261128,1,20261205,1,20261212,1,20261219,1
'1495481',20260912,1,20260919,1,20260926,1,20261003,1,20261010,1,20261017,1,20261024,1,20261031,1,20261107,1,20261114,1,20261121,1,20261128,1,20261205,1,20261212,1,20261219,1
'1495482',20260912,1,20260919,1,20260926,1,20261003,1,20261010,1,20261017,1,20261024,1,20261031,1,20261107,1,20261114,1,20261121,1,20261128,1,20261205,1,20261212,1,20261219,1
'1495483',20260912,1,20260919,1,20260926,1,20261003,1,20261010,1,20261017,1,20261024,1,20261031,1,20261107,1,20261114,1,20261121,1,20261128,1,20261205,1,20261212,1,20261219,1
'1495484',20260912,1,20260919,1,20260926,1,20261003,1,20261010,1,20261017,1,20261024,1,20261031,1,20261107,1,20261114,1,20261121,1,20261128,1,20261205,1,20261212,1,20261219,1
'1495485',20260912,1,20260919,1,20260926,1,20261003,1,20261010,1,20261017,1,20261024,1,20261031,1,20261107,1,20261114,1,20261121,1,20261128,1,20261205,1,20261212,1,20261219,1
'1495486',20260912,1,20260919,1,20260926,1,20261003,1,20261010,1,20261017,1,20261024,1,20261031,1,20261107,1,20261114,1,20261121,1,20261128,1,20261205,1,20261212,1,20261219,1
'1495487',20260912,1,20260919,1,20260926,1,20261003,1,20261010,1,20261017,1,20261024,1,20261031,1,20261107,1,20261114,1,20261121,1,20261128,1,20261205,1,20261212,1,20261219,1
'1495488',20260912,1,20260919,1,20260926,1,20261003,1,20261010,1,20261017,1,20261024,1,20261031,1,20261107,1,20261114,1,20261121,1,20261128,1,20261205,1,20261212,1,20261219,1
'1495489',20260912,1,20260919,1,20260926,1,20261003,1,20261010,1,20261017,1,20261024,1,20261031,1,20261107,1,20261114,1,20261121,1,20261128,1,20261205,1,20261212,1,20261219,1
'1495490',20260912,1,20260919,1,20260926,1,20261003,1,20261010,1,20261017,1,20261024,1,20261031,1,20261107,1,20261114,1,20261121,1,20261128,1,20261205,1,20261212,1,20261219,1
'1495491',20260912,1,20260919,1,20260926,1,20261003,1,20261010,1,20261017,1,20261024,1,20261031,1,20261107,1,20261114,1,20261121,1,20261128,1,20261205,1,20261212,1,20261219,1
'1495492',20260912,1,20260919,1,20260926,1,20261003,1,20261010,1,20261017,1,20261024,1,20261031,1,20261107,1,20261114,1,20261121,1,20261128,1,20261205,1,20261212,1,20261219,1
'1495493',20260912,1,20260919,1,20260926,1,20261003,1,20261010,1,20261017,1,20261024,1,20261031,1,20261107,1,20261114,1,20261121,1,20261128,1,20261205,1,20261212,1,20261219,1
'1495494',20260912,1,20260919,1,20260926,1,20261003,1,20261010,1,20261017,1,20261024,1,20261031,1,20261107,1,20261114,1,20261121,1,20261128,1,20261205,1,20261212,1,20261219,1
'1495495',20260912,1,20260919,1,20260926,1,20261003,1,20261010,1,20261017,1,20261024,1,20261031,1,20261107,1,20261114,1,20261121,1,20261128,1,20261205,1,20261212,1,20261219,1
'1495496',20260912,1,20260919,1,20260926,1,20261003,1,20261010,1,20261017,1,20261024,1,20261031,1,20261107,1,20261114,1,20261121,1,20261128,1,20261205,1,20261212,1,20261219,1
'1495497',20260912,1,20260919,1,20260926,1,20261003,1,20261010,1,20261017,1,20261024,1,20261031,1,20261107,1,20261114,1,20261121,1,20261128,1,20261205,1,20261212,1,20261219,1
'1495498',20260912,1,20260919,1,20260926,1,20261003,1,20261010,1,20261017,1,20261024,1,20261031,1,20261107,1,20261114,1,20261121,1,20261128,1,20261205,1,20261212,1,20261219,1
'1495499',20260912,1,20260919,1,20260926,1,20261003,1,20261010,1,20261017,1,20261024,1,20261031,1,20261107,1,20261114,1,20261121,1,20261128,1,20261205,1,20261212,1,20261219,1
'1495500',20260912,1,20260919,1,20260926,1,20261003,1,20261010,1,20261017,1,20261024,1,20261031,1,20261107,1,20261114,1,20261121,1,20261128,1,20261205,1,20261212,1,20261219,1
'1495501',20260912,1,20260919,1,20260926,1,20261003,1,20261010,1,20261017,1,20261024,1,20261031,1,20261107,1,20261114,1,20261121,1,20261128,1,20261205,1,20261212,1,20261219,1
'1495502',20260912,1,20260919,1,20260926,1,20261003,1,20261010,1,20261017,1,20261024,1,20261031,1,20261107,1,20261114,1,20261121,1,20261128,1,20261205,1,20261212,1,20261219,1
'1495503',20260912,1,20260919,1,20260926,1,20261003,1,20261010,1,20261017,1,20261024,1,20261031,1,20261107,1,20261114,1,20261121,1,20261128,1,20261205,1,20261212,1,20261219,1
'1495504',20260912,1,20260919,1,20260926,1,20261003,1,20261010,1,20261017,1,20261024,1,20261031,1,20261107,1,20261114,1,20261121,1,20261128,1,20261205,1,20261212,1,20261219,1
'1495505',20260912,1,20260919,1,20260926,1,20261003,1,20261010,1,20261017,1,20261024,1,20261031,1,20261107,1,20261114,1,20261121,1,20261128,1,20261205,1,20261212,1,20261219,1
'1495506',20260912,1,20260919,1,20260926,1,20261003,1,20261010,1,20261017,1,20261024,1,20261031,1,20261107,1,20261114,1,20261121,1,20261128,1,20261205,1,20261212,1,20261219,1
'1495507',20260912,1,20260919,1,20260926,1,20261003,1,20261010,1,20261017,1,20261024,1,20261031,1,20261107,1,20261114,1,20261121,1,20261128,1,20261205,1,20261212,1,20261219,1
'1495508',20260910,1,20260911,1,20260914,1,20260915,1,20260916,1,20260917,1,20260918,1,20260921,1,20260922,1,20260923,1,20260924,1,20260925,1,20260928,1,20260929,1,20260930,1,20261001,1,20261002,1,20261005,1,20261006,1,20261007,1,20261008,1,20261009,1,20261013,1,20261014,1,20261015,1,20261016,1,20261019,1,20261020,1,20261021,1,20261022,1,20261023,1,20261026,1,20261027,1,20261028,1,20261029,1,20261030,1,20261102,1,20261103,1,20261104,1,20261105,1,20261106,1,20261109,1,20261110,1,20261111,1,20261112,1,20261113,1,20261116,1,20261117,1,20261118,1,20261119,1,20261120,1,20261123,1,20261124,1,20261125,1,20261126,1,20261127,1,20261130,1,20261201,1,20261202,1,20261203,1,20261204,1,20261207,1,20261208,1,20261209,1,20261210,1,20261211,1,20261214,1,20261215,1,20261216,1,20261217,1,20261218,1,20261221,1,20261222,1,20261223,1,20261224,1,20261228,1,20261229,1,20261230,1,20261231,1
'1495509',20260910,1,20260911,1,20260914,1,20260915,1,20260916,1,20260917,1,20260918,1,20260921,1,20260922,1,20260923,1,20260924,1,20260925,1,20260928,1,20260929,1,20260930,1,20261001,1,20261002,1,20261005,1,20261006,1,20261007,1,20261008,1,20261009,1,20261013,1,20261014,1,20261015,1,20261016,1,20261019,1,20261020,1,20261021,1,20261022,1,20261023,1,20261026,1,20261027,1,20261028,1,20261029,1,20261030,1,20261102,1,20261103,1,20261104,1,20261105,1,20261106,1,20261109,1,20261110,1,20261111,1,20261112,1,20261113,1,20261116,1,20261117,1,20261118,1,20261119,1,20261120,1,20261123,1,20261124,1,20261125,1,20261126,1,20261127,1,20261130,1,20261201,1,20261202,1,20261203,1,20261204,1,20261207,1,20261208,1,20261209,1,20261210,1,20261211,1,20261214,1,20261215,1,20261216,1,20261217,1,20261218,1,20261221,1,20261222,1,20261223,1,20261224,1,20261228,1,20261229,1,20261230,1,20261231,1
'1495510',20260910,1,20260911,1,20260914,1,20260915,1,20260916,1,20260917,1,20260918,1,20260921,1,20260922,1,20260923,1,20260924,1,20260925,1,20260928,1,20260929,1,20260930,1,20261001,1,20261002,1,20261005,1,20261006,1,20261007,1,20261008,1,20261009,1,20261013,1,20261014,1,20261015,1,20261016,1,20261019,1,20261020,1,20261021,1,20261022,1,20261023,1,20261026,1,20261027,1,20261028,1,20261029,1,20261030,1,20261102,1,20261103,1,20261104,1,20261105,1,20261106,1,20261109,1,20261110,1,20261111,1,20261112,1,20261113,1,20261116,1,20261117,1,20261118,1,20261119,1,20261120,1,20261123,1,20261124,1,20261125,1,20261126,1,20261127,1,20261130,1,20261201,1,20261202,1,20261203,1,20261204,1,20261207,1,20261208,1,20261209,1,20261210,1,20261211,1,20261214,1,20261215,1,20261216,1,20261217,1,20261218,1,20261221,1,20261222,1,20261223,1,20261224,1,20261228,1,20261229,1,20261230,1,20261231,1
'1495511',20260910,1,20260911,1,20260914,1,20260915,1,20260916,1,20260917,1,20260918,1,20260921,1,20260922,1,20260923,1,20260924,1,20260925,1,20260928,1,20260929,1,20260930,1,20261001,1,20261002,1,20261005,1,20261006,1,20261007,1,20261008,1,20261009,1,20261013,1,20261014,1,20261015,1,20261016,1,20261019,1,20261020,1,20261021,1,20261022,1,20261023,1,20261026,1,20261027,1,20261028,1,20261029,1,20261030,1,20261102,1,20261103,1,20261104,1,20261105,1,20261106,1,20261109,1,20261110,1,20261111,1,20261112,1,20261113,1,20261116,1,20261117,1,20261118,1,20261119,1,20261120,1,20261123,1,20261124,1,20261125,1,20261126,1,20261127,1,20261130,1,20261201,1,20261202,1,20261203,1,20261204,1,20261207,1,20261208,1,20261209,1,20261210,1,20261211,1,20261214,1,20261215,1,20261216,1,20261217,1,20261218,1,20261221,1,20261222,1,20261223,1,20261224,1,20261228,1,20261229,1,20261230,1,20261231,1
'1495512',20260910,1,20260911,1,20260914,1,20260915,1,20260916,1,20260917,1,20260918,1,20260921,1,20260922,1,20260923,1,20260924,1,20260925,1,20260928,1,20260929,1,20260930,1,20261001,1,20261002,1,20261005,1,20261006,1,20261007,1,20261008,1,20261009,1,20261013,1,20261014,1,20261015,1,20261016,1,20261019,1,20261020,1,20261021,1,20261022,1,20261023,1,20261026,1,20261027,1,20261028,1,20261029,1,20261030,1,20261102,1,20261103,1,20261104,1,20261105,1,20261106,1,20261109,1,20261110,1,20261111,1,20261112,1,20261113,1,20261116,1,20261117,1,20261118,1,20261119,1,20261120,1,20261123,1,20261124,1,20261125,1,20261126,1,20261127,1,20261130,1,20261201,1,20261202,1,20261203,1,20261204,1,20261207,1,20261208,1,20261209,1,20261210,1,20261211,1,20261214,1,20261215,1,20261216,1,20261217,1,20261218,1,20261221,1,20261222,1,20261223,1,20261224,1,20261228,1,20261229,1,20261230,1,20261231,1
'1495513',20260910,1,20260911,1,20260914,1,20260915,1,20260916,1,20260917,1,20260918,1,20260921,1,20260922,1,20260923,1,20260924,1,20260925,1,20260928,1,20260929,1,20260930,1,20261001,1,20261002,1,20261005,1,20261006,1,20261007,1,20261008,1,20261009,1,20261013,1,20261014,1,20261015,1,20261016,1,20261019,1,20261020,1,20261021,1,20261022,1,20261023,1,20261026,1,20261027,1,20261028,1,20261029,1,20261030,1,20261102,1,20261103,1,20261104,1,20261105,1,20261106,1,20261109,1,20261110,1,20261111,1,20261112,1,20261113,1,20261116,1,20261117,1,20261118,1,20261119,1,20261120,1,20261123,1,20261124,1,20261125,1,20261126,1,20261127,1,20261130,1,20261201,1,20261202,1,20261203,1,20261204,1,20261207,1,20261208,1,20261209,1,20261210,1,20261211,1,20261214,1,20261215,1,20261216,1,20261217,1,20261218,1,20261221,1,20261222,1,20261223,1,20261224,1,20261228,1,20261229,1,20261230,1,20261231,1
'1495514',20260910,1,20260911,1,20260914,1,20260915,1,20260916,1,20260917,1,20260918,1,20260921,1,20260922,1,20260923,1,20260924,1,20260925,1,20260928,1,20260929,1,20260930,1,20261001,1,20261002,1,20261005,1,20261006,1,20261007,1,20261008,1,20261009,1,20261013,1,20261014,1,20261015,1,20261016,1,20261019,1,20261020,1,20261021,1,20261022,1,20261023,1,20261026,1,20261027,1,20261028,1,20261029,1,20261030,1,20261102,1,20261103,1,20261104,1,20261105,1,20261106,1,20261109,1,20261110,1,20261111,1,20261112,1,20261113,1,20261116,1,20261117,1,20261118,1,20261119,1,20261120,1,20261123,1,20261124,1,20261125,1,20261126,1,20261127,1,20261130,1,20261201,1,20261202,1,20261203,1,20261204,1,20261207,1,20261208,1,20261209,1,20261210,1,20261211,1,20261214,1,20261215,1,20261216,1,20261217,1,20261218,1,20261221,1,20261222,1,20261223,1,20261224,1,20261228,1,20261229,1,20261230,1,20261231,1
'1495515',20260910,1,20260911,1,20260914,1,20260915,1,20260916,1,20260917,1,20260918,1,20260921,1,20260922,1,20260923,1,20260924,1,20260925,1,20260928,1,20260929,1,20260930,1,20261001,1,20261002,1,20261005,1,20261006,1,20261007,1,20261008,1,20261009,1,20261013,1,20261014,1,20261015,1,20261016,1,20261019,1,20261020,1,20261021,1,20261022,1,20261023,1,20261026,1,20261027,1,20261028,1,20261029,1,20261030,1,20261102,1,20261103,1,20261104,1,20261105,1,20261106,1,20261109,1,20261110,1,20261111,1,20261112,1,20261113,1,20261116,1,20261117,1,20261118,1,20261119,1,20261120,1,20261123,1,20261124,1,20261125,1,20261126,1,20261127,1,20261130,1,20261201,1,20261202,1,20261203,1,20261204,1,20261207,1,20261208,1,20261209,1,20261210,1,20261211,1,20261214,1,20261215,1,20261216,1,20261217,1,20261218,1,20261221,1,20261222,1,20261223,1,20261224,1,20261228,1,20261229,1,20261230,1,20261231,1
'1495516',20260910,1,20260911,1,20260914,1,20260915,1,20260916,1,20260917,1,20260918,1,20260921,1,20260922,1,20260923,1,20260924,1,20260925,1,20260928,1,20260929,1,20260930,1,20261001,1,20261002,1,20261005,1,20261006,1,20261007,1,20261008,1,20261009,1,20261013,1,20261014,1,20261015,1,20261016,1,20261019,1,20261020,1,20261021,1,20261022,1,20261023,1,20261026,1,20261027,1,20261028,1,20261029,1,20261030,1,20261102,1,20261103,1,20261104,1,20261105,1,20261106,1,20261109,1,20261110,1,20261111,1,20261112,1,20261113,1,20261116,1,20261117,1,20261118,1,20261119,1,20261120,1,20261123,1,20261124,1,20261125,1,20261126,1,20261127,1,20261130,1,20261201,1,20261202,1,20261203,1,20261204,1,20261207,1,20261208,1,20261209,1,20261210,1,20261211,1,20261214,1,20261215,1,20261216,1,20261217,1,20261218,1,20261221,1,20261222,1,20261223,1,20261224,1,20261228,1,20261229,1,20261230,1,20261231,1
'1495517',20260910,1,20260911,1,20260914,1,20260915,1,20260916,1,20260917,1,20260918,1,20260921,1,20260922,1,20260923,1,20260924,1,20260925,1,20260928,1,20260929,1,20260930,1,20261001,1,20261002,1,20261005,1,20261006,1,20261007,1,20261008,1,20261009,1,20261013,1,20261014,1,20261015,1,20261016,1,20261019,1,20261020,1,20261021,1,20261022,1,20261023,1,20261026,1,20261027,1,20261028,1,20261029,1,20261030,1,20261102,1,20261103,1,20261104,1,20261105,1,20261106,1,20261109,1,20261110,1,20261111,1,20261112,1,20261113,1,20261116,1,20261117,1,20261118,1,20261119,1,20261120,1,20261123,1,20261124,1,20261125,1,20261126,1,20261127,1,20261130,1,20261201,1,20261202,1,20261203,1,20261204,1,20261207,1,20261208,1,20261209,1,20261210,1,20261211,1,20261214,1,20261215,1,20261216,1,20261217,1,20261218,1,20261221,1,20261222,1,20261223,1,20261224,1,20261228,1,20261229,1,20261230,1,20261231,1
'1495518',20260910,1,20260911,1,20260914,1,20260915,1,20260916,1,20260917,1,20260918,1,20260921,1,20260922,1,20260923,1,20260924,1,20260925,1,20260928,1,20260929,1,20260930,1,20261001,1,20261002,1,20261005,1,20261006,1,20261007,1,20261008,1,20261009,1,20261013,1,20261014,1,20261015,1,20261016,1,20261019,1,20261020,1,20261021,1,20261022,1,20261023,1,20261026,1,20261027,1,20261028,1,20261029,1,20261030,1,20261102,1,20261103,1,20261104,1,20261105,1,20261106,1,20261109,1,20261110,1,20261111,1,20261112,1,20261113,1,20261116,1,20261117,1,20261118,1,20261119,1,20261120,1,20261123,1,20261124,1,20261125,1,20261126,1,20261127,1,20261130,1,20261201,1,20261202,1,20261203,1,20261204,1,20261207,1,20261208,1,20261209,1,20261210,1,20261211,1,20261214,1,20261215,1,20261216,1,20261217,1,20261218,1,20261221,1,20261222,1,20261223,1,20261224,1,20261228,1,20261229,1,20261230,1,20261231,1
'1495519',20260910,1,20260911,1,20260914,1,20260915,1,20260916,1,20260917,1,20260918,1,20260921,1,20260922,1,20260923,1,20260924,1,20260925,1,20260928,1,20260929,1,20260930,1,20261001,1,20261002,1,20261005,1,20261006,1,20261007,1,20261008,1,20261009,1,20261013,1,20261014,1,20261015,1,20261016,1,20261019,1,20261020,1,20261021,1,20261022,1,20261023,1,20261026,1,20261027,1,20261028,1,20261029,1,20261030,1,20261102,1,20261103,1,20261104,1,20261105,1,20261106,1,20261109,1,20261110,1,20261111,1,20261112,1,20261113,1,20261116,1,20261117,1,20261118,1,20261119,1,20261120,1,20261123,1,20261124,1,20261125,1,20261126,1,20261127,1,20261130,1,20261201,1,20261202,1,20261203,1,20261204,1,20261207,1,20261208,1,20261209,1,20261210,1,20261211,1,20261214,1,20261215,1,20261216,1,20261217,1,20261218,1,20261221,1,20261222,1,20261223,1,20261224,1,20261228,1,20261229,1,20261230,1,20261231,1
'1495520',20260910,1,20260911,1,20260914,1,20260915,1,20260916,1,20260917,1,20260918,1,20260921,1,20260922,1,20260923,1,20260924,1,20260925,1,20260928,1,20260929,1,20260930,1,20261001,1,20261002,1,20261005,1,20261006,1,20261007,1,20261008,1,20261009,1,20261013,1,20261014,1,20261015,1,20261016,1,20261019,1,20261020,1,20261021,1,20261022,1,20261023,1,20261026,1,20261027,1,20261028,1,20261029,1,20261030,1,20261102,1,20261103,1,20261104,1,20261105,1,20261106,1,20261109,1,20261110,1,20261111,1,20261112,1,20261113,1,20261116,1,20261117,1,20261118,1,20261119,1,20261120,1,20261123,1,20261124,1,20261125,1,20261126,1,20261127,1,20261130,1,20261201,1,20261202,1,20261203,1,20261204,1,20261207,1,20261208,1,20261209,1,20261210,1,20261211,1,20261214,1,20261215,1,20261216,1,20261217,1,20261218,1,20261221,1,20261222,1,20261223,1,20261224,1,20261228,1,20261229,1,20261230,1,20261231,1
'1495521',20260910,1,20260911,1,20260914,1,20260915,1,20260916,1,20260917,1,20260918,1,20260921,1,20260922,1,20260923,1,20260924,1,20260925,1,20260928,1,20260929,1,20260930,1,20261001,1,20261002,1,20261005,1,20261006,1,20261007,1,20261008,1,20261009,1,20261013,1,20261014,1,20261015,1,20261016,1,20261019,1,20261020,1,20261021,1,20261022,1,20261023,1,20261026,1,20261027,1,20261028,1,20261029,1,20261030,1,20261102,1,20261103,1,20261104,1,20261105,1,20261106,1,20261109,1,20261110,1,20261111,1,20261112,1,20261113,1,20261116,1,20261117,1,20261118,1,20261119,1,20261120,1,20261123,1,20261124,1,20261125,1,20261126,1,20261127,1,20261130,1,20261201,1,20261202,1,20261203,1,20261204,1,20261207,1,20261208,1,20261209,1,20261210,1,20261211,1,20261214,1,20261215,1,20261216,1,20261217,1,20261218,1,20261221,1,20261222,1,20261223,1,20261224,1,20261228,1,20261229,1,20261230,1,20261231,1
'1495522',20260910,1,20260911,1,20260914,1,20260915,1,20260916,1,20260917,1,20260918,1,20260921,1,20260922,1,20260923,1,20260924,1,20260925,1,20260928,1,20260929,1,20260930,1,20261001,1,20261002,1,20261005,1,20261006,1,20261007,1,20261008,1,20261009,1,20261013,1,20261014,1,20261015,1,20261016,1,20261019,1,20261020,1,20261021,1,20261022,1,20261023,1,20261026,1,20261027,1,20261028,1,20261029,1,20261030,1,20261102,1,20261103,1,20261104,1,20261105,1,20261106,1,20261109,1,20261110,1,20261111,1,20261112,1,20261113,1,20261116,1,20261117,1,20261118,1,20261119,1,20261120,1,20261123,1,20261124,1,20261125,1,20261126,1,20261127,1,20261130,1,20261201,1,20261202,1,20261203,1,20261204,1,20261207,1,20261208,1,20261209,1,20261210,1,20261211,1,20261214,1,20261215,1,20261216,1,20261217,1,20261218,1,20261221,1,20261222,1,20261223,1,20261224,1,20261228,1,20261229,1,20261230,1,20261231,1
'1495523',20260910,1,20260911,1,20260914,1,20260915,1,20260916,1,20260917,1,20260918,1,20260921,1,20260922,1,20260923,1,20260924,1,20260925,1,20260928,1,20260929,1,20260930,1,20261001,1,20261002,1,20261005,1,20261006,1,20261007,1,20261008,1,20261009,1,20261013,1,20261014,1,20261015,1,20261016,1,20261019,1,20261020,1,20261021,1,20261022,1,20261023,1,20261026,1,20261027,1,20261028,1,20261029,1,20261030,1,20261102,1,20261103,1,20261104,1,20261105,1,20261106,1,20261109,1,20261110,1,20261111,1,20261112,1,20261113,1,20261116,1,20261117,1,20261118,1,20261119,1,20261120,1,20261123,1,20261124,1,20261125,1,20261126,1,20261127,1,20261130,1,20261201,1,20261202,1,20261203,1,20261204,1,20261207,1,20261208,1,20261209,1,20261210,1,20261211,1,20261214,1,20261215,1,20261216,1,20261217,1,20261218,1,20261221,1,20261222,1,20261223,1,20261224,1,20261228,1,20261229,1,20261230,1,20261231,1
'1495524',20260910,1,20260911,1,20260914,1,20260915,1,20260916,1,20260917,1,20260918,1,20260921,1,20260922,1,20260923,1,20260924,1,20260925,1,20260928,1,20260929,1,20260930,1,20261001,1,20261002,1,20261005,1,20261006,1,20261007,1,20261008,1,20261009,1,20261013,1,20261014,1,20261015,1,20261016,1,20261019,1,20261020,1,20261021,1,20261022,1,20261023,1,20261026,1,20261027,1,20261028,1,20261029,1,20261030,1,20261102,1,20261103,1,20261104,1,20261105,1,20261106,1,20261109,1,20261110,1,20261111,1,20261112,1,20261113,1,20261116,1,20261117,1,20261118,1,20261119,1,20261120,1,20261123,1,20261124,1,20261125,1,20261126,1,20261127,1,20261130,1,20261201,1,20261202,1,20261203,1,20261204,1,20261207,1,20261208,1,20261209,1,20261210,1,20261211,1,20261214,1,20261215,1,20261216,1,20261217,1,20261218,1,20261221,1,20261222,1,20261223,1,20261224,1,20261228,1,20261229,1,20261230,1,20261231,1
'1495525',20260910,1,20260911,1,20260914,1,20260915,1,20260916,1,20260917,1,20260918,1,20260921,1,20260922,1,20260923,1,20260924,1,20260925,1,20260928,1,20260929,1,20260930,1,20261001,1,20261002,1,20261005,1,20261006,1,20261007,1,20261008,1,20261009,1,20261013,1,20261014,1,20261015,1,20261016,1,20261019,1,20261020,1,20261021,1,20261022,1,20261023,1,20261026,1,20261027,1,20261028,1,20261029,1,20261030,1,20261102,1,20261103,1,20261104,1,20261105,1,20261106,1,20261109,1,20261110,1,20261111,1,20261112,1,20261113,1,20261116,1,20261117,1,20261118,1,20261119,1,20261120,1,20261123,1,20261124,1,20261125,1,20261126,1,20261127,1,20261130,1,20261201,1,20261202,1,20261203,1,20261204,1,20261207,1,20261208,1,20261209,1,20261210,1,20261211,1,20261214,1,20261215,1,20261216,1,20261217,1,20261218,1,20261221,1,20261222,1,20261223,1,20261224,1,20261228,1,20261229,1,20261230,1,20261231,1
'1495526',20260910,1,20260911,1,20260914,1,20260915,1,20260916,1,20260917,1,20260918,1,20260921,1,20260922,1,20260923,1,20260924,1,20260925,1,20260928,1,20260929,1,20260930,1,20261001,1,20261002,1,20261005,1,20261006,1,20261007,1,20261008,1,20261009,1,20261013,1,20261014,1,20261015,1,20261016,1,20261019,1,20261020,1,20261021,1,20261022,1,20261023,1,20261026,1,20261027,1,20261028,1,20261029,1,20261030,1,20261102,1,20261103,1,20261104,1,20261105,1,20261106,1,20261109,1,20261110,1,20261111,1,20261112,1,20261113,1,20261116,1,20261117,1,20261118,1,20261119,1,20261120,1,20261123,1,20261124,1,20261125,1,20261126,1,20261127,1,20261130,1,20261201,1,20261202,1,20261203,1,20261204,1,20261207,1,20261208,1,20261209,1,20261210,1,20261211,1,20261214,1,20261215,1,20261216,1,20261217,1,20261218,1,20261221,1,20261222,1,20261223,1,20261224,1,20261228,1,20261229,1,20261230,1,20261231,1
'1495527',20260910,1,20260911,1,20260914,1,20260915,1,20260916,1,20260917,1,20260918,1,20260921,1,20260922,1,20260923,1,20260924,1,20260925,1,20260928,1,20260929,1,20260930,1,20261001,1,20261002,1,20261005,1,20261006,1,20261007,1,20261008,1,20261009,1,20261013,1,20261014,1,20261015,1,20261016,1,20261019,1,20261020,1,20261021,1,20261022,1,20261023,1,20261026,1,20261027,1,20261028,1,20261029,1,20261030,1,20261102,1,20261103,1,20261104,1,20261105,1,20261106,1,20261109,1,20261110,1,20261111,1,20261112,1,20261113,1,20261116,1,20261117,1,20261118,1,20261119,1,20261120,1,20261123,1,20261124,1,20261125,1,20261126,1,20261127,1,20261130,1,20261201,1,20261202,1,20261203,1,20261204,1,20261207,1,20261208,1,20261209,1,20261210,1,20261211,1,20261214,1,20261215,1,20261216,1,20261217,1,20261218,1,20261221,1,20261222,1,20261223,1,20261224,1,20261228,1,20261229,1,20261230,1,20261231,1
'1495528',20260910,1,20260911,1,20260914,1,20260915,1,20260916,1,20260917,1,20260918,1,20260921,1,20260922,1,20260923,1,20260924,1,20260925,1,20260928,1,20260929,1,20260930,1,20261001,1,20261002,1,20261005,1,20261006,1,20261007,1,20261008,1,20261009,1,20261013,1,20261014,1,20261015,1,20261016,1,20261019,1,20261020,1,20261021,1,20261022,1,20261023,1,20261026,1,20261027,1,20261028,1,20261029,1,20261030,1,20261102,1,20261103,1,20261104,1,20261105,1,20261106,1,20261109,1,20261110,1,20261111,1,20261112,1,20261113,1,20261116,1,20261117,1,20261118,1,20261119,1,20261120,1,20261123,1,20261124,1,20261125,1,20261126,1,20261127,1,20261130,1,20261201,1,20261202,1,20261203,1,20261204,1,20261207,1,20261208,1,20261209,1,20261210,1,20261211,1,20261214,1,20261215,1,20261216,1,20261217,1,20261218,1,20261221,1,20261222,1,20261223,1,20261224,1,20261228,1,20261229,1,20261230,1,20261231,1
'1495529',20260910,1,20260911,1,20260914,1,20260915,1,20260916,1,20260917,1,20260918,1,20260921,1,20260922,1,20260923,1,20260924,1,20260925,1,20260928,1,20260929,1,20260930,1,20261001,1,20261002,1,20261005,1,20261006,1,20261007,1,20261008,1,20261009,1,20261013,1,20261014,1,20261015,1,20261016,1,20261019,1,20261020,1,20261021,1,20261022,1,20261023,1,20261026,1,20261027,1,20261028,1,20261029,1,20261030,1,20261102,1,20261103,1,20261104,1,20261105,1,20261106,1,20261109,1,20261110,1,20261111,1,20261112,1,20261113,1,20261116,1,20261117,1,20261118,1,20261119,1,20261120,1,20261123,1,20261124,1,20261125,1,20261126,1,20261127,1,20261130,1,20261201,1,20261202,1,20261203,1,20261204,1,20261207,1,20261208,1,20261209,1,20261210,1,20261211,1,20261214,1,20261215,1,20261216,1,20261217,1,20261218,1,20261221,1,20261222,1,20261223,1,20261224,1,20261228,1,20261229,1,20261230,1,20261231,1
'1495530',20260910,1,20260911,1,20260914,1,20260915,1,20260916,1,20260917,1,20260918,1,20260921,1,20260922,1,20260923,1,20260924,1,20260925,1,20260928,1,20260929,1,20260930,1,20261001,1,20261002,1,20261005,1,20261006,1,20261007,1,20261008,1,20261009,1,20261013,1,20261014,1,20261015,1,20261016,1,20261019,1,20261020,1,20261021,1,20261022,1,20261023,1,20261026,1,20261027,1,20261028,1,20261029,1,20261030,1,20261102,1,20261103,1,20261104,1,20261105,1,20261106,1,20261109,1,20261110,1,20261111,1,20261112,1,20261113,1,20261116,1,20261117,1,20261118,1,20261119,1,20261120,1,20261123,1,20261124,1,20261125,1,20261126,1,20261127,1,20261130,1,20261201,1,20261202,1,20261203,1,20261204,1,20261207,1,20261208,1,20261209,1,20261210,1,20261211,1,20261214,1,20261215,1,20261216,1,20261217,1,20261218,1,20261221,1,20261222,1,20261223,1,20261224,1,20261228,1,20261229,1,20261230,1,20261231,1
'1495531',20260910,1,20260911,1,20260914,1,20260915,1,20260916,1,20260917,1,20260918,1,20260921,1,20260922,1,20260923,1,20260924,1,20260925,1,20260928,1,20260929,1,20260930,1,20261001,1,20261002,1,20261005,1,20261006,1,20261007,1,20261008,1,20261009,1,20261013,1,20261014,1,20261015,1,20261016,1,20261019,1,20261020,1,20261021,1,20261022,1,20261023,1,20261026,1,20261027,1,20261028,1,20261029,1,20261030,1,20261102,1,20261103,1,20261104,1,20261105,1,20261106,1,20261109,1,20261110,1,20261111,1,20261112,1,20261113,1,20261116,1,20261117,1,20261118,1,20261119,1,20261120,1,20261123,1,20261124,1,20261125,1,20261126,1,20261127,1,20261130,1,20261201,1,20261202,1,20261203,1,20261204,1,20261207,1,20261208,1,20261209,1,20261210,1,20261211,1,20261214,1,20261215,1,20261216,1,20261217,1,20261218,1,20261221,1,20261222,1,20261223,1,20261224,1,20261228,1,20261229,1,20261230,1,20261231,1
'1495532',20260910,1,20260911,1,20260914,1,20260915,1,20260916,1,20260917,1,20260918,1,20260921,1,20260922,1,20260923,1,20260924,1,20260925,1,20260928,1,20260929,1,20260930,1,20261001,1,20261002,1,20261005,1,20261006,1,20261007,1,20261008,1,20261009,1,20261013,1,20261014,1,20261015,1,20261016,1,20261019,1,20261020,1,20261021,1,20261022,1,20261023,1,20261026,1,20261027,1,20261028,1,20261029,1,20261030,1,20261102,1,20261103,1,20261104,1,20261105,1,20261106,1,20261109,1,20261110,1,20261111,1,20261112,1,20261113,1,20261116,1,20261117,1,20261118,1,20261119,1,20261120,1,20261123,1,20261124,1,20261125,1,20261126,1,20261127,1,20261130,1,20261201,1,20261202,1,20261203,1,20261204,1,20261207,1,20261208,1,20261209,1,20261210,1,20261211,1,20261214,1,20261215,1,20261216,1,20261217,1,20261218,1,20261221,1,20261222,1,20261223,1,20261224,1,20261228,1,20261229,1,20261230,1,20261231,1
'1495533',20260910,1,20260911,1,20260914,1,20260915,1,20260916,1,20260917,1,20260918,1,20260921,1,20260922,1,20260923,1,20260924,1,20260925,1,20260928,1,20260929,1,20260930,1,20261001,1,20261002,1,20261005,1,20261006,1,20261007,1,20261008,1,20261009,1,20261013,1,20261014,1,20261015,1,20261016,1,20261019,1,20261020,1,20261021,1,20261022,1,20261023,1,20261026,1,20261027,1,20261028,1,20261029,1,20261030,1,20261102,1,20261103,1,20261104,1,20261105,1,20261106,1,20261109,1,20261110,1,20261111,1,20261112,1,20261113,1,20261116,1,20261117,1,20261118,1,20261119,1,20261120,1,20261123,1,20261124,1,20261125,1,20261126,1,20261127,1,20261130,1,20261201,1,20261202,1,20261203,1,20261204,1,20261207,1,20261208,1,20261209,1,20261210,1,20261211,1,20261214,1,20261215,1,20261216,1,20261217,1,20261218,1,20261221,1,20261222,1,20261223,1,20261224,1,20261228,1,20261229,1,20261230,1,20261231,1
'1495534',20260910,1,20260911,1,20260914,1,20260915,1,20260916,1,20260917,1,20260918,1,20260921,1,20260922,1,20260923,1,20260924,1,20260925,1,20260928,1,20260929,1,20260930,1,20261001,1,20261002,1,20261005,1,20261006,1,20261007,1,20261008,1,20261009,1,20261013,1,20261014,1,20261015,1,20261016,1,20261019,1,20261020,1,20261021,1,20261022,1,20261023,1,20261026,1,20261027,1,20261028,1,20261029,1,20261030,1,20261102,1,20261103,1,20261104,1,20261105,1,20261106,1,20261109,1,20261110,1,20261111,1,20261112,1,20261113,1,20261116,1,20261117,1,20261118,1,20261119,1,20261120,1,20261123,1,20261124,1,20261125,1,20261126,1,20261127,1,20261130,1,20261201,1,20261202,1,20261203,1,20261204,1,20261207,1,20261208,1,20261209,1,20261210,1,20261211,1,20261214,1,20261215,1,20261216,1,20261217,1,20261218,1,20261221,1,20261222,1,20261223,1,20261224,1,20261228,1,20261229,1,20261230,1,20261231,1
'1495535',20260910,1,20260911,1,20260914,1,20260915,1,20260916,1,20260917,1,20260918,1,20260921,1,20260922,1,20260923,1,20260924,1,20260925,1,20260928,1,20260929,1,20260930,1,20261001,1,20261002,1,20261005,1,20261006,1,20261007,1,20261008,1,20261009,1,20261013,1,20261014,1,20261015,1,20261016,1,20261019,1,20261020,1,20261021,1,20261022,1,20261023,1,20261026,1,20261027,1,20261028,1,20261029,1,20261030,1,20261102,1,20261103,1,20261104,1,20261105,1,20261106,1,20261109,1,20261110,1,20261111,1,20261112,1,20261113,1,20261116,1,20261117,1,20261118,1,20261119,1,20261120,1,20261123,1,20261124,1,20261125,1,20261126,1,20261127,1,20261130,1,20261201,1,20261202,1,20261203,1,20261204,1,20261207,1,20261208,1,20261209,1,20261210,1,20261211,1,20261214,1,20261215,1,20261216,1,20261217,1,20261218,1,20261221,1,20261222,1,20261223,1,20261224,1,20261228,1,20261229,1,20261230,1,20261231,1
'1495536',20260910,1,20260911,1,20260914,1,20260915,1,20260916,1,20260917,1,20260918,1,20260921,1,20260922,1,20260923,1,20260924,1,20260925,1,20260928,1,20260929,1,20260930,1,20261001,1,20261002,1,20261005,1,20261006,1,20261007,1,20261008,1,20261009,1,20261013,1,20261014,1,20261015,1,20261016,1,20261019,1,20261020,1,20261021,1,20261022,1,20261023,1,20261026,1,20261027,1,20261028,1,20261029,1,20261030,1,20261102,1,20261103,1,20261104,1,20261105,1,20261106,1,20261109,1,20261110,1,20261111,1,20261112,1,20261113,1,20261116,1,20261117,1,20261118,1,20261119,1,20261120,1,20261123,1,20261124,1,20261125,1,20261126,1,20261127,1,20261130,1,20261201,1,20261202,1,20261203,1,20261204,1,20261207,1,20261208,1,20261209,1,20261210,1,20261211,1,20261214,1,20261215,1,20261216,1,20261217,1,20261218,1,20261221,1,20261222,1,20261223,1,20261224,1,20261228,1,20261229,1,20261230,1,20261231,1
'1495537',20260910,1,20260911,1,20260914,1,20260915,1,20260916,1,20260917,1,20260918,1,20260921,1,20260922,1,20260923,1,20260924,1,20260925,1,20260928,1,20260929,1,20260930,1,20261001,1,20261002,1,20261005,1,20261006,1,20261007,1,20261008,1,20261009,1,20261013,1,20261014,1,20261015,1,20261016,1,20261019,1,20261020,1,20261021,1,20261022,1,20261023,1,20261026,1,20261027,1,20261028,1,20261029,1,20261030,1,20261102,1,20261103,1,20261104,1,20261105,1,20261106,1,20261109,1,20261110,1,20261111,1,20261112,1,20261113,1,20261116,1,20261117,1,20261118,1,20261119,1,20261120,1,20261123,1,20261124,1,20261125,1,20261126,1,20261127,1,20261130,1,20261201,1,20261202,1,20261203,1,20261204,1,20261207,1,20261208,1,20261209,1,20261210,1,20261211,1,20261214,1,20261215,1,20261216,1,20261217,1,20261218,1,20261221,1,20261222,1,20261223,1,20261224,1,20261228,1,20261229,1,20261230,1,20261231,1
'1495538',20260910,1,20260911,1,20260914,1,20260915,1,20260916,1,20260917,1,20260918,1,20260921,1,20260922,1,20260923,1,20260924,1,20260925,1,20260928,1,20260929,1,20260930,1,20261001,1,20261002,1,20261005,1,20261006,1,20261007,1,20261008,1,20261009,1,20261013,1,20261014,1,20261015,1,20261016,1,20261019,1,20261020,1,20261021,1,20261022,1,20261023,1,20261026,1,20261027,1,20261028,1,20261029,1,20261030,1,20261102,1,20261103,1,20261104,1,20261105,1,20261106,1,20261109,1,20261110,1,20261111,1,20261112,1,20261113,1,20261116,1,20261117,1,20261118,1,20261119,1,20261120,1,20261123,1,20261124,1,20261125,1,20261126,1,20261127,1,20261130,1,20261201,1,20261202,1,20261203,1,20261204,1,20261207,1,20261208,1,20261209,1,20261210,1,20261211,1,20261214,1,20261215,1,20261216,1,20261217,1,20261218,1,20261221,1,20261222,1,20261223,1,20261224,1,20261228,1,20261229,1,20261230,1,20261231,1
'1495539',20260910,1,20260911,1,20260914,1,20260915,1,20260916,1,20260917,1,20260918,1,20260921,1,20260922,1,20260923,1,20260924,1,20260925,1,20260928,1,20260929,1,20260930,1,20261001,1,20261002,1,20261005,1,20261006,1,20261007,1,20261008,1,20261009,1,20261013,1,20261014,1,20261015,1,20261016,1,20261019,1,20261020,1,20261021,1,20261022,1,20261023,1,20261026,1,20261027,1,20261028,1,20261029,1,20261030,1,20261102,1,20261103,1,20261104,1,20261105,1,20261106,1,20261109,1,20261110,1,20261111,1,20261112,1,20261113,1,20261116,1,20261117,1,20261118,1,20261119,1,20261120,1,20261123,1,20261124,1,20261125,1,20261126,1,20261127,1,20261130,1,20261201,1,20261202,1,20261203,1,20261204,1,20261207,1,20261208,1,20261209,1,20261210,1,20261211,1,20261214,1,20261215,1,20261216,1,20261217,1,20261218,1,20261221,1,20261222,1,20261223,1,20261224,1,20261228,1,20261229,1,20261230,1,20261231,1
'1495540',20260910,1,20260911,1,20260914,1,20260915,1,20260916,1,20260917,1,20260918,1,20260921,1,20260922,1,20260923,1,20260924,1,20260925,1,20260928,1,20260929,1,20260930,1,20261001,1,20261002,1,20261005,1,20261006,1,20261007,1,20261008,1,20261009,1,20261013,1,20261014,1,20261015,1,20261016,1,20261019,1,20261020,1,20261021,1,20261022,1,20261023,1,20261026,1,20261027,1,20261028,1,20261029,1,20261030,1,20261102,1,20261103,1,20261104,1,20261105,1,20261106,1,20261109,1,20261110,1,20261111,1,20261112,1,20261113,1,20261116,1,20261117,1,20261118,1,20261119,1,20261120,1,20261123,1,20261124,1,20261125,1,20261126,1,20261127,1,20261130,1,20261201,1,20261202,1,20261203,1,20261204,1,20261207,1,20261208,1,20261209,1,20261210,1,20261211,1,20261214,1,20261215,1,20261216,1,20261217,1,20261218,1,20261221,1,20261222,1,20261223,1,20261224,1,20261228,1,20261229,1,20261230,1,20261231,1
'1495541',20260910,1,20260911,1,20260914,1,20260915,1,20260916,1,20260917,1,20260918,1,20260921,1,20260922,1,20260923,1,20260924,1,20260925,1,20260928,1,20260929,1,20260930,1,20261001,1,20261002,1,20261005,1,20261006,1,20261007,1,20261008,1,20261009,1,20261013,1,20261014,1,20261015,1,20261016,1,20261019,1,20261020,1,20261021,1,20261022,1,20261023,1,20261026,1,20261027,1,20261028,1,20261029,1,20261030,1,20261102,1,20261103,1,20261104,1,20261105,1,20261106,1,20261109,1,20261110,1,20261111,1,20261112,1,20261113,1,20261116,1,20261117,1,20261118,1,20261119,1,20261120,1,20261123,1,20261124,1,20261125,1,20261126,1,20261127,1,20261130,1,20261201,1,20261202,1,20261203,1,20261204,1,20261207,1,20261208,1,20261209,1,20261210,1,20261211,1,20261214,1,20261215,1,20261216,1,20261217,1,20261218,1,20261221,1,20261222,1,20261223,1,20261224,1,20261228,1,20261229,1,20261230,1,20261231,1
'1495542',20260910,1,20260911,1,20260914,1,20260915,1,20260916,1,20260917,1,20260918,1,20260921,1,20260922,1,20260923,1,20260924,1,20260925,1,20260928,1,20260929,1,20260930,1,20261001,1,20261002,1,20261005,1,20261006,1,20261007,1,20261008,1,20261009,1,20261013,1,20261014,1,20261015,1,20261016,1,20261019,1,20261020,1,20261021,1,20261022,1,20261023,1,20261026,1,20261027,1,20261028,1,20261029,1,20261030,1,20261102,1,20261103,1,20261104,1,20261105,1,20261106,1,20261109,1,20261110,1,20261111,1,20261112,1,20261113,1,20261116,1,20261117,1,20261118,1,20261119,1,20261120,1,20261123,1,20261124,1,20261125,1,20261126,1,20261127,1,20261130,1,20261201,1,20261202,1,20261203,1,20261204,1,20261207,1,20261208,1,20261209,1,20261210,1,20261211,1,20261214,1,20261215,1,20261216,1,20261217,1,20261218,1,20261221,1,20261222,1,20261223,1,20261224,1,20261228,1,20261229,1,20261230,1,20261231,1
'1495543',20260910,1,20260911,1,20260914,1,20260915,1,20260916,1,20260917,1,20260918,1,20260921,1,20260922,1,20260923,1,20260924,1,20260925,1,20260928,1,20260929,1,20260930,1,20261001,1,20261002,1,20261005,1,20261006,1,20261007,1,20261008,1,20261009,1,20261013,1,20261014,1,20261015,1,20261016,1,20261019,1,20261020,1,20261021,1,20261022,1,20261023,1,20261026,1,20261027,1,20261028,1,20261029,1,20261030,1,20261102,1,20261103,1,20261104,1,20261105,1,20261106,1,20261109,1,20261110,1,20261111,1,20261112,1,20261113,1,20261116,1,20261117,1,20261118,1,20261119,1,20261120,1,20261123,1,20261124,1,20261125,1,20261126,1,20261127,1,20261130,1,20261201,1,20261202,1,20261203,1,20261204,1,20261207,1,20261208,1,20261209,1,20261210,1,20261211,1,20261214,1,20261215,1,20261216,1,20261217,1,20261218,1,20261221,1,20261222,1,20261223,1,20261224,1,20261228,1,20261229,1,20261230,1,20261231,1
'1495544',20260910,1,20260911,1,20260914,1,20260915,1,20260916,1,20260917,1,20260918,1,20260921,1,20260922,1,20260923,1,20260924,1,20260925,1,20260928,1,20260929,1,20260930,1,20261001,1,20261002,1,20261005,1,20261006,1,20261007,1,20261008,1,20261009,1,20261013,1,20261014,1,20261015,1,20261016,1,20261019,1,20261020,1,20261021,1,20261022,1,20261023,1,20261026,1,20261027,1,20261028,1,20261029,1,20261030,1,20261102,1,20261103,1,20261104,1,20261105,1,20261106,1,20261109,1,20261110,1,20261111,1,20261112,1,20261113,1,20261116,1,20261117,1,20261118,1,20261119,1,20261120,1,20261123,1,20261124,1,20261125,1,20261126,1,20261127,1,20261130,1,20261201,1,20261202,1,20261203,1,20261204,1,20261207,1,20261208,1,20261209,1,20261210,1,20261211,1,20261214,1,20261215,1,20261216,1,20261217,1,20261218,1,20261221,1,20261222,1,20261223,1,20261224,1,20261228,1,20261229,1,20261230,1,20261231,1
'1495545',20260910,1,20260911,1,20260914,1,20260915,1,20260916,1,20260917,1,20260918,1,20260921,1,20260922,1,20260923,1,20260924,1,20260925,1,20260928,1,20260929,1,20260930,1,20261001,1,20261002,1,20261005,1,20261006,1,20261007,1,20261008,1,20261009,1,20261013,1,20261014,1,20261015,1,20261016,1,20261019,1,20261020,1,20261021,1,20261022,1,20261023,1,20261026,1,20261027,1,20261028,1,20261029,1,20261030,1,20261102,1,20261103,1,20261104,1,20261105,1,20261106,1,20261109,1,20261110,1,20261111,1,20261112,1,20261113,1,20261116,1,20261117,1,20261118,1,20261119,1,20261120,1,20261123,1,20261124,1,20261125,1,20261126,1,20261127,1,20261130,1,20261201,1,20261202,1,20261203,1,20261204,1,20261207,1,20261208,1,20261209,1,20261210,1,20261211,1,20261214,1,20261215,1,20261216,1,20261217,1,20261218,1,20261221,1,20261222,1,20261223,1,20261224,1,20261228,1,20261229,1,20261230,1,20261231,1
'1495546',20260910,1,20260911,1,20260914,1,20260915,1,20260916,1,20260917,1,20260918,1,20260921,1,20260922,1,20260923,1,20260924,1,20260925,1,20260928,1,20260929,1,20260930,1,20261001,1,20261002,1,20261005,1,20261006,1,20261007,1,20261008,1,20261009,1,20261013,1,20261014,1,20261015,1,20261016,1,20261019,1,20261020,1,20261021,1,20261022,1,20261023,1,20261026,1,20261027,1,20261028,1,20261029,1,20261030,1,20261102,1,20261103,1,20261104,1,20261105,1,20261106,1,20261109,1,20261110,1,20261111,1,20261112,1,20261113,1,20261116,1,20261117,1,20261118,1,20261119,1,20261120,1,20261123,1,20261124,1,20261125,1,20261126,1,20261127,1,20261130,1,20261201,1,20261202,1,20261203,1,20261204,1,20261207,1,20261208,1,20261209,1,20261210,1,20261211,1,20261214,1,20261215,1,20261216,1,20261217,1,20261218,1,20261221,1,20261222,1,20261223,1,20261224,1,20261228,1,20261229,1,20261230,1,20261231,1
'1495547',20260910,1,20260911,1,20260914,1,20260915,1,20260916,1,20260917,1,20260918,1,20260921,1,20260922,1,20260923,1,20260924,1,20260925,1,20260928,1,20260929,1,20260930,1,20261001,1,20261002,1,20261005,1,20261006,1,20261007,1,20261008,1,20261009,1,20261013,1,20261014,1,20261015,1,20261016,1,20261019,1,20261020,1,20261021,1,20261022,1,20261023,1,20261026,1,20261027,1,20261028,1,20261029,1,20261030,1,20261102,1,20261103,1,20261104,1,20261105,1,20261106,1,20261109,1,20261110,1,20261111,1,20261112,1,20261113,1,20261116,1,20261117,1,20261118,1,20261119,1,20261120,1,20261123,1,20261124,1,20261125,1,20261126,1,20261127,1,20261130,1,20261201,1,20261202,1,20261203,1,20261204,1,20261207,1,20261208,1,20261209,1,20261210,1,20261211,1,20261214,1,20261215,1,20261216,1,20261217,1,20261218,1,20261221,1,20261222,1,20261223,1,20261224,1,20261228,1,20261229,1,20261230,1,20261231,1
'1495548',20260910,1,20260911,1,20260914,1,20260915,1,20260916,1,20260917,1,20260918,1,20260921,1,20260922,1,20260923,1,20260924,1,20260925,1,20260928,1,20260929,1,20260930,1,20261001,1,20261002,1,20261005,1,20261006,1,20261007,1,20261008,1,20261009,1,20261013,1,20261014,1,20261015,1,20261016,1,20261019,1,20261020,1,20261021,1,20261022,1,20261023,1,20261026,1,20261027,1,20261028,1,20261029,1,20261030,1,20261102,1,20261103,1,20261104,1,20261105,1,20261106,1,20261109,1,20261110,1,20261111,1,20261112,1,20261113,1,20261116,1,20261117,1,20261118,1,20261119,1,20261120,1,20261123,1,20261124,1,20261125,1,20261126,1,20261127,1,20261130,1,20261201,1,20261202,1,20261203,1,20261204,1,20261207,1,20261208,1,20261209,1,20261210,1,20261211,1,20261214,1,20261215,1,20261216,1,20261217,1,20261218,1,20261221,1,20261222,1,20261223,1,20261224,1,20261228,1,20261229,1,20261230,1,20261231,1
'1495549',20260910,1,20260911,1,20260914,1,20260915,1,20260916,1,20260917,1,20260918,1,20260921,1,20260922,1,20260923,1,20260924,1,20260925,1,20260928,1,20260929,1,20260930,1,20261001,1,20261002,1,20261005,1,20261006,1,20261007,1,20261008,1,20261009,1,20261013,1,20261014,1,20261015,1,20261016,1,20261019,1,20261020,1,20261021,1,20261022,1,20261023,1,20261026,1,20261027,1,20261028,1,20261029,1,20261030,1,20261102,1,20261103,1,20261104,1,20261105,1,20261106,1,20261109,1,20261110,1,20261111,1,20261112,1,20261113,1,20261116,1,20261117,1,20261118,1,20261119,1,20261120,1,20261123,1,20261124,1,20261125,1,20261126,1,20261127,1,20261130,1,20261201,1,20261202,1,20261203,1,20261204,1,20261207,1,20261208,1,20261209,1,20261210,1,20261211,1,20261214,1,20261215,1,20261216,1,20261217,1,20261218,1,20261221,1,20261222,1,20261223,1,20261224,1,20261228,1,20261229,1,20261230,1,20261231,1
'1495550',20260910,1,20260911,1,20260914,1,20260915,1,20260916,1,20260917,1,20260918,1,20260921,1,20260922,1,20260923,1,20260924,1,20260925,1,20260928,1,20260929,1,20260930,1,20261001,1,20261002,1,20261005,1,20261006,1,20261007,1,20261008,1,20261009,1,20261013,1,20261014,1,20261015,1,20261016,1,20261019,1,20261020,1,20261021,1,20261022,1,20261023,1,20261026,1,20261027,1,20261028,1,20261029,1,20261030,1,20261102,1,20261103,1,20261104,1,20261105,1,20261106,1,20261109,1,20261110,1,20261111,1,20261112,1,20261113,1,20261116,1,20261117,1,20261118,1,20261119,1,20261120,1,20261123,1,20261124,1,20261125,1,20261126,1,20261127,1,20261130,1,20261201,1,20261202,1,20261203,1,20261204,1,20261207,1,20261208,1,20261209,1,20261210,1,20261211,1,20261214,1,20261215,1,20261216,1,20261217,1,20261218,1,20261221,1,20261222,1,20261223,1,20261224,1,20261228,1,20261229,1,20261230,1,20261231,1
'1495551',20260910,1,20260911,1,20260914,1,20260915,1,20260916,1,20260917,1,20260918,1,20260921,1,20260922,1,20260923,1,20260924,1,20260925,1,20260928,1,20260929,1,20260930,1,20261001,1,20261002,1,20261005,1,20261006,1,20261007,1,20261008,1,20261009,1,20261013,1,20261014,1,20261015,1,20261016,1,20261019,1,20261020,1,20261021,1,20261022,1,20261023,1,20261026,1,20261027,1,20261028,1,20261029,1,20261030,1,20261102,1,20261103,1,20261104,1,20261105,1,20261106,1,20261109,1,20261110,1,20261111,1,20261112,1,20261113,1,20261116,1,20261117,1,20261118,1,20261119,1,20261120,1,20261123,1,20261124,1,20261125,1,20261126,1,20261127,1,20261130,1,20261201,1,20261202,1,20261203,1,20261204,1,20261207,1,20261208,1,20261209,1,20261210,1,20261211,1,20261214,1,20261215,1,20261216,1,20261217,1,20261218,1,20261221,1,20261222,1,20261223,1,20261224,1,20261228,1,20261229,1,20261230,1,20261231,1
'1495552',20260910,1,20260911,1,20260914,1,20260915,1,20260916,1,20260917,1,20260918,1,20260921,1,20260922,1,20260923,1,20260924,1,20260925,1,20260928,1,20260929,1,20260930,1,20261001,1,20261002,1,20261005,1,20261006,1,20261007,1,20261008,1,20261009,1,20261013,1,20261014,1,20261015,1,20261016,1,20261019,1,20261020,1,20261021,1,20261022,1,20261023,1,20261026,1,20261027,1,20261028,1,20261029,1,20261030,1,20261102,1,20261103,1,20261104,1,20261105,1,20261106,1,20261109,1,20261110,1,20261111,1,20261112,1,20261113,1,20261116,1,20261117,1,20261118,1,20261119,1,20261120,1,20261123,1,20261124,1,20261125,1,20261126,1,20261127,1,20261130,1,20261201,1,20261202,1,20261203,1,20261204,1,20261207,1,20261208,1,20261209,1,20261210,1,20261211,1,20261214,1,20261215,1,20261216,1,20261217,1,20261218,1,20261221,1,20261222,1,20261223,1,20261224,1,20261228,1,20261229,1,20261230,1,20261231,1
'1495553',20260910,1,20260911,1,20260914,1,20260915,1,20260916,1,20260917,1,20260918,1,20260921,1,20260922,1,20260923,1,20260924,1,20260925,1,20260928,1,20260929,1,20260930,1,20261001,1,20261002,1,20261005,1,20261006,1,20261007,1,20261008,1,20261009,1,20261013,1,20261014,1,20261015,1,20261016,1,20261019,1,20261020,1,20261021,1,20261022,1,20261023,1,20261026,1,20261027,1,20261028,1,20261029,1,20261030,1,20261102,1,20261103,1,20261104,1,20261105,1,20261106,1,20261109,1,20261110,1,20261111,1,20261112,1,20261113,1,20261116,1,20261117,1,20261118,1,20261119,1,20261120,1,20261123,1,20261124,1,20261125,1,20261126,1,20261127,1,20261130,1,20261201,1,20261202,1,20261203,1,20261204,1,20261207,1,20261208,1,20261209,1,20261210,1,20261211,1,20261214,1,20261215,1,20261216,1,20261217,1,20261218,1,20261221,1,20261222,1,20261223,1,20261224,1,20261228,1,20261229,1,20261230,1,20261231,1
'1495554',20260910,1,20260911,1,20260914,1,20260915,1,20260916,1,20260917,1,20260918,1,20260921,1,20260922,1,20260923,1,20260924,1,20260925,1,20260928,1,20260929,1,20260930,1,20261001,1,20261002,1,20261005,1,20261006,1,20261007,1,20261008,1,20261009,1,20261013,1,20261014,1,20261015,1,20261016,1,20261019,1,20261020,1,20261021,1,20261022,1,20261023,1,20261026,1,20261027,1,20261028,1,20261029,1,20261030,1,20261102,1,20261103,1,20261104,1,20261105,1,20261106,1,20261109,1,20261110,1,20261111,1,20261112,1,20261113,1,20261116,1,20261117,1,20261118,1,20261119,1,20261120,1,20261123,1,20261124,1,20261125,1,20261126,1,20261127,1,20261130,1,20261201,1,20261202,1,20261203,1,20261204,1,20261207,1,20261208,1,20261209,1,20261210,1,20261211,1,20261214,1,20261215,1,20261216,1,20261217,1,20261218,1,20261221,1,20261222,1,20261223,1,20261224,1,20261228,1,20261229,1,20261230,1,20261231,1
'1495555',20260910,1,20260911,1,20260914,1,20260915,1,20260916,1,20260917,1,20260918,1,20260921,1,20260922,1,20260923,1,20260924,1,20260925,1,20260928,1,20260929,1,20260930,1,20261001,1,20261002,1,20261005,1,20261006,1,20261007,1,20261008,1,20261009,1,20261013,1,20261014,1,20261015,1,20261016,1,20261019,1,20261020,1,20261021,1,20261022,1,20261023,1,20261026,1,20261027,1,20261028,1,20261029,1,20261030,1,20261102,1,20261103,1,20261104,1,20261105,1,20261106,1,20261109,1,20261110,1,20261111,1,20261112,1,20261113,1,20261116,1,20261117,1,20261118,1,20261119,1,20261120,1,20261123,1,20261124,1,20261125,1,20261126,1,20261127,1,20261130,1,20261201,1,20261202,1,20261203,1,20261204,1,20261207,1,20261208,1,20261209,1,20261210,1,20261211,1,20261214,1,20261215,1,20261216,1,20261217,1,20261218,1,20261221,1,20261222,1,20261223,1,20261224,1,20261228,1,20261229,1,20261230,1,20261231,1
'1495556',20260910,1,20260911,1,20260914,1,20260915,1,20260916,1,20260917,1,20260918,1,20260921,1,20260922,1,20260923,1,20260924,1,20260925,1,20260928,1,20260929,1,20260930,1,20261001,1,20261002,1,20261005,1,20261006,1,20261007,1,20261008,1,20261009,1,20261013,1,20261014,1,20261015,1,20261016,1,20261019,1,20261020,1,20261021,1,20261022,1,20261023,1,20261026,1,20261027,1,20261028,1,20261029,1,20261030,1,20261102,1,20261103,1,20261104,1,20261105,1,20261106,1,20261109,1,20261110,1,20261111,1,20261112,1,20261113,1,20261116,1,20261117,1,20261118,1,20261119,1,20261120,1,20261123,1,20261124,1,20261125,1,20261126,1,20261127,1,20261130,1,20261201,1,20261202,1,20261203,1,20261204,1,20261207,1,20261208,1,20261209,1,20261210,1,20261211,1,20261214,1,20261215,1,20261216,1,20261217,1,20261218,1,20261221,1,20261222,1,20261223,1,20261224,1,20261228,1,20261229,1,20261230,1,20261231,1
'1495557',20260910,1,20260911,1,20260914,1,20260915,1,20260916,1,20260917,1,20260918,1,20260921,1,20260922,1,20260923,1,20260924,1,20260925,1,20260928,1,20260929,1,20260930,1,20261001,1,20261002,1,20261005,1,20261006,1,20261007,1,20261008,1,20261009,1,20261013,1,20261014,1,20261015,1,20261016,1,20261019,1,20261020,1,20261021,1,20261022,1,20261023,1,20261026,1,20261027,1,20261028,1,20261029,1,20261030,1,20261102,1,20261103,1,20261104,1,20261105,1,20261106,1,20261109,1,20261110,1,20261111,1,20261112,1,20261113,1,20261116,1,20261117,1,20261118,1,20261119,1,20261120,1,20261123,1,20261124,1,20261125,1,20261126,1,20261127,1,20261130,1,20261201,1,20261202,1,20261203,1,20261204,1,20261207,1,20261208,1,20261209,1,20261210,1,20261211,1,20261214,1,20261215,1,20261216,1,20261217,1,20261218,1,20261221,1,20261222,1,20261223,1,20261224,1,20261228,1,20261229,1,20261230,1,20261231,1
'1495558',20260910,1,20260911,1,20260914,1,20260915,1,20260916,1,20260917,1,20260918,1,20260921,1,20260922,1,20260923,1,20260924,1,20260925,1,20260928,1,20260929,1,20260930,1,20261001,1,20261002,1,20261005,1,20261006,1,20261007,1,20261008,1,20261009,1,20261013,1,20261014,1,20261015,1,20261016,1,20261019,1,20261020,1,20261021,1,20261022,1,20261023,1,20261026,1,20261027,1,20261028,1,20261029,1,20261030,1,20261102,1,20261103,1,20261104,1,20261105,1,20261106,1,20261109,1,20261110,1,20261111,1,20261112,1,20261113,1,20261116,1,20261117,1,20261118,1,20261119,1,20261120,1,20261123,1,20261124,1,20261125,1,20261126,1,20261127,1,20261130,1,20261201,1,20261202,1,20261203,1,20261204,1,20261207,1,20261208,1,20261209,1,20261210,1,20261211,1,20261214,1,20261215,1,20261216,1,20261217,1,20261218,1,20261221,1,20261222,1,20261223,1,20261224,1,20261228,1,20261229,1,20261230,1,20261231,1
'1495559',20260910,1,20260911,1,20260914,1,20260915,1,20260916,1,20260917,1,20260918,1,20260921,1,20260922,1,20260923,1,20260924,1,20260925,1,20260928,1,20260929,1,20260930,1,20261001,1,20261002,1,20261005,1,20261006,1,20261007,1,20261008,1,20261009,1,20261013,1,20261014,1,20261015,1,20261016,1,20261019,1,20261020,1,20261021,1,20261022,1,20261023,1,20261026,1,20261027,1,20261028,1,20261029,1,20261030,1,20261102,1,20261103,1,20261104,1,20261105,1,20261106,1,20261109,1,20261110,1,20261111,1,20261112,1,20261113,1,20261116,1,20261117,1,20261118,1,20261119,1,20261120,1,20261123,1,20261124,1,20261125,1,20261126,1,20261127,1,20261130,1,20261201,1,20261202,1,20261203,1,20261204,1,20261207,1,20261208,1,20261209,1,20261210,1,20261211,1,20261214,1,20261215,1,20261216,1,20261217,1,20261218,1,20261221,1,20261222,1,20261223,1,20261224,1,20261228,1,20261229,1,20261230,1,20261231,1
'1495560',20260910,1,20260911,1,20260914,1,20260915,1,20260916,1,20260917,1,20260918,1,20260921,1,20260922,1,20260923,1,20260924,1,20260925,1,20260928,1,20260929,1,20260930,1,20261001,1,20261002,1,20261005,1,20261006,1,20261007,1,20261008,1,20261009,1,20261013,1,20261014,1,20261015,1,20261016,1,20261019,1,20261020,1,20261021,1,20261022,1,20261023,1,20261026,1,20261027,1,20261028,1,20261029,1,20261030,1,20261102,1,20261103,1,20261104,1,20261105,1,20261106,1,20261109,1,20261110,1,20261111,1,20261112,1,20261113,1,20261116,1,20261117,1,20261118,1,20261119,1,20261120,1,20261123,1,20261124,1,20261125,1,20261126,1,20261127,1,20261130,1,20261201,1,20261202,1,20261203,1,20261204,1,20261207,1,20261208,1,20261209,1,20261210,1,20261211,1,20261214,1,20261215,1,20261216,1,20261217,1,20261218,1,20261221,1,20261222,1,20261223,1,20261224,1,20261228,1,20261229,1,20261230,1,20261231,1
'1495561',20260910,1,20260911,1,20260914,1,20260915,1,20260916,1,20260917,1,20260918,1,20260921,1,20260922,1,20260923,1,20260924,1,20260925,1,20260928,1,20260929,1,20260930,1,20261001,1,20261002,1,20261005,1,20261006,1,20261007,1,20261008,1,20261009,1,20261013,1,20261014,1,20261015,1,20261016,1,20261019,1,20261020,1,20261021,1,20261022,1,20261023,1,20261026,1,20261027,1,20261028,1,20261029,1,20261030,1,20261102,1,20261103,1,20261104,1,20261105,1,20261106,1,20261109,1,20261110,1,20261111,1,20261112,1,20261113,1,20261116,1,20261117,1,20261118,1,20261119,1,20261120,1,20261123,1,20261124,1,20261125,1,20261126,1,20261127,1,20261130,1,20261201,1,20261202,1,20261203,1,20261204,1,20261207,1,20261208,1,20261209,1,20261210,1,20261211,1,20261214,1,20261215,1,20261216,1,20261217,1,20261218,1,20261221,1,20261222,1,20261223,1,20261224,1,20261228,1,20261229,1,20261230,1,20261231,1
'1495562',20260910,1,20260911,1,20260914,1,20260915,1,20260916,1,20260917,1,20260918,1,20260921,1,20260922,1,20260923,1,20260924,1,20260925,1,20260928,1,20260929,1,20260930,1,20261001,1,20261002,1,20261005,1,20261006,1,20261007,1,20261008,1,20261009,1,20261013,1,20261014,1,20261015,1,20261016,1,20261019,1,20261020,1,20261021,1,20261022,1,20261023,1,20261026,1,20261027,1,20261028,1,20261029,1,20261030,1,20261102,1,20261103,1,20261104,1,20261105,1,20261106,1,20261109,1,20261110,1,20261111,1,20261112,1,20261113,1,20261116,1,20261117,1,20261118,1,20261119,1,20261120,1,20261123,1,20261124,1,20261125,1,20261126,1,20261127,1,20261130,1,20261201,1,20261202,1,20261203,1,20261204,1,20261207,1,20261208,1,20261209,1,20261210,1,20261211,1,20261214,1,20261215,1,20261216,1,20261217,1,20261218,1,20261221,1,20261222,1,20261223,1,20261224,1,20261228,1,20261229,1,20261230,1,20261231,1
'1495563',20260910,1,20260911,1,20260914,1,20260915,1,20260916,1,20260917,1,20260918,1,20260921,1,20260922,1,20260923,1,20260924,1,20260925,1,20260928,1,20260929,1,20260930,1,20261001,1,20261002,1,20261005,1,20261006,1,20261007,1,20261008,1,20261009,1,20261013,1,20261014,1,20261015,1,20261016,1,20261019,1,20261020,1,20261021,1,20261022,1,20261023,1,20261026,1,20261027,1,20261028,1,20261029,1,20261030,1,20261102,1,20261103,1,20261104,1,20261105,1,20261106,1,20261109,1,20261110,1,20261111,1,20261112,1,20261113,1,20261116,1,20261117,1,20261118,1,20261119,1,20261120,1,20261123,1,20261124,1,20261125,1,20261126,1,20261127,1,20261130,1,20261201,1,20261202,1,20261203,1,20261204,1,20261207,1,20261208,1,20261209,1,20261210,1,20261211,1,20261214,1,20261215,1,20261216,1,20261217,1,20261218,1,20261221,1,20261222,1,20261223,1,20261224,1,20261228,1,20261229,1,20261230,1,20261231,1
'1495564',20260910,1,20260911,1,20260914,1,20260915,1,20260916,1,20260917,1,20260918,1,20260921,1,20260922,1,20260923,1,20260924,1,20260925,1,20260928,1,20260929,1,20260930,1,20261001,1,20261002,1,20261005,1,20261006,1,20261007,1,20261008,1,20261009,1,20261013,1,20261014,1,20261015,1,20261016,1,20261019,1,20261020,1,20261021,1,20261022,1,20261023,1,20261026,1,20261027,1,20261028,1,20261029,1,20261030,1,20261102,1,20261103,1,20261104,1,20261105,1,20261106,1,20261109,1,20261110,1,20261111,1,20261112,1,20261113,1,20261116,1,20261117,1,20261118,1,20261119,1,20261120,1,20261123,1,20261124,1,20261125,1,20261126,1,20261127,1,20261130,1,20261201,1,20261202,1,20261203,1,20261204,1,20261207,1,20261208,1,20261209,1,20261210,1,20261211,1,20261214,1,20261215,1,20261216,1,20261217,1,20261218,1,20261221,1,20261222,1,20261223,1,20261224,1,20261228,1,20261229,1,20261230,1,20261231,1
'1495565',20260910,1,20260911,1,20260914,1,20260915,1,20260916,1,20260917,1,20260918,1,20260921,1,20260922,1,20260923,1,20260924,1,20260925,1,20260928,1,20260929,1,20260930,1,20261001,1,20261002,1,20261005,1,20261006,1,20261007,1,20261008,1,20261009,1,20261013,1,20261014,1,20261015,1,20261016,1,20261019,1,20261020,1,20261021,1,20261022,1,20261023,1,20261026,1,20261027,1,20261028,1,20261029,1,20261030,1,20261102,1,20261103,1,20261104,1,20261105,1,20261106,1,20261109,1,20261110,1,20261111,1,20261112,1,20261113,1,20261116,1,20261117,1,20261118,1,20261119,1,20261120,1,20261123,1,20261124,1,20261125,1,20261126,1,20261127,1,20261130,1,20261201,1,20261202,1,20261203,1,20261204,1,20261207,1,20261208,1,20261209,1,20261210,1,20261211,1,20261214,1,20261215,1,20261216,1,20261217,1,20261218,1,20261221,1,20261222,1,20261223,1,20261224,1,20261228,1,20261229,1,20261230,1,20261231,1
'1495566',20260910,1,20260911,1,20260914,1,20260915,1,20260916,1,20260917,1,20260918,1,20260921,1,20260922,1,20260923,1,20260924,1,20260925,1,20260928,1,20260929,1,20260930,1,20261001,1,20261002,1,20261005,1,20261006,1,20261007,1,20261008,1,20261009,1,20261013,1,20261014,1,20261015,1,20261016,1,20261019,1,20261020,1,20261021,1,20261022,1,20261023,1,20261026,1,20261027,1,20261028,1,20261029,1,20261030,1,20261102,1,20261103,1,20261104,1,20261105,1,20261106,1,20261109,1,20261110,1,20261111,1,20261112,1,20261113,1,20261116,1,20261117,1,20261118,1,20261119,1,20261120,1,20261123,1,20261124,1,20261125,1,20261126,1,20261127,1,20261130,1,20261201,1,20261202,1,20261203,1,20261204,1,20261207,1,20261208,1,20261209,1,20261210,1,20261211,1,20261214,1,20261215,1,20261216,1,20261217,1,20261218,1,20261221,1,20261222,1,20261223,1,20261224,1,20261228,1,20261229,1,20261230,1,20261231,1
'1495567',20260910,1,20260911,1,20260914,1,20260915,1,20260916,1,20260917,1,20260918,1,20260921,1,20260922,1,20260923,1,20260924,1,20260925,1,20260928,1,20260929,1,20260930,1,20261001,1,20261002,1,20261005,1,20261006,1,20261007,1,20261008,1,20261009,1,20261013,1,20261014,1,20261015,1,20261016,1,20261019,1,20261020,1,20261021,1,20261022,1,20261023,1,20261026,1,20261027,1,20261028,1,20261029,1,20261030,1,20261102,1,20261103,1,20261104,1,20261105,1,20261106,1,20261109,1,20261110,1,20261111,1,20261112,1,20261113,1,20261116,1,20261117,1,20261118,1,20261119,1,20261120,1,20261123,1,20261124,1,20261125,1,20261126,1,20261127,1,20261130,1,20261201,1,20261202,1,20261203,1,20261204,1,20261207,1,20261208,1,20261209,1,20261210,1,20261211,1,20261214,1,20261215,1,20261216,1,20261217,1,20261218,1,20261221,1,20261222,1,20261223,1,20261224,1,20261228,1,20261229,1,20261230,1,20261231,1
'1495568',20260910,1,20260911,1,20260914,1,20260915,1,20260916,1,20260917,1,20260918,1,20260921,1,20260922,1,20260923,1,20260924,1,20260925,1,20260928,1,20260929,1,20260930,1,20261001,1,20261002,1,20261005,1,20261006,1,20261007,1,20261008,1,20261009,1,20261013,1,20261014,1,20261015,1,20261016,1,20261019,1,20261020,1,20261021,1,20261022,1,20261023,1,20261026,1,20261027,1,20261028,1,20261029,1,20261030,1,20261102,1,20261103,1,20261104,1,20261105,1,20261106,1,20261109,1,20261110,1,20261111,1,20261112,1,20261113,1,20261116,1,20261117,1,20261118,1,20261119,1,20261120,1,20261123,1,20261124,1,20261125,1,20261126,1,20261127,1,20261130,1,20261201,1,20261202,1,20261203,1,20261204,1,20261207,1,20261208,1,20261209,1,20261210,1,20261211,1,20261214,1,20261215,1,20261216,1,20261217,1,20261218,1,20261221,1,20261222,1,20261223,1,20261224,1,20261228,1,20261229,1,20261230,1,20261231,1
'1495569',20260910,1,20260911,1,20260914,1,20260915,1,20260916,1,20260917,1,20260918,1,20260921,1,20260922,1,20260923,1,20260924,1,20260925,1,20260928,1,20260929,1,20260930,1,20261001,1,20261002,1,20261005,1,20261006,1,20261007,1,20261008,1,20261009,1,20261013,1,20261014,1,20261015,1,20261016,1,20261019,1,20261020,1,20261021,1,20261022,1,20261023,1,20261026,1,20261027,1,20261028,1,20261029,1,20261030,1,20261102,1,20261103,1,20261104,1,20261105,1,20261106,1,20261109,1,20261110,1,20261111,1,20261112,1,20261113,1,20261116,1,20261117,1,20261118,1,20261119,1,20261120,1,20261123,1,20261124,1,20261125,1,20261126,1,20261127,1,20261130,1,20261201,1,20261202,1,20261203,1,20261204,1,20261207,1,20261208,1,20261209,1,20261210,1,20261211,1,20261214,1,20261215,1,20261216,1,20261217,1,20261218,1,20261221,1,20261222,1,20261223,1,20261224,1,20261228,1,20261229,1,20261230,1,20261231,1
'1495570',20260910,1,20260911,1,20260914,1,20260915,1,20260916,1,20260917,1,20260918,1,20260921,1,20260922,1,20260923,1,20260924,1,20260925,1,20260928,1,20260929,1,20260930,1,20261001,1,20261002,1,20261005,1,20261006,1,20261007,1,20261008,1,20261009,1,20261013,1,20261014,1,20261015,1,20261016,1,20261019,1,20261020,1,20261021,1,20261022,1,20261023,1,20261026,1,20261027,1,20261028,1,20261029,1,20261030,1,20261102,1,20261103,1,20261104,1,20261105,1,20261106,1,20261109,1,20261110,1,20261111,1,20261112,1,20261113,1,20261116,1,20261117,1,20261118,1,20261119,1,20261120,1,20261123,1,20261124,1,20261125,1,20261126,1,20261127,1,20261130,1,20261201,1,20261202,1,20261203,1,20261204,1,20261207,1,20261208,1,20261209,1,20261210,1,20261211,1,20261214,1,20261215,1,20261216,1,20261217,1,20261218,1,20261221,1,20261222,1,20261223,1,20261224,1,20261228,1,20261229,1,20261230,1,20261231,1
'1495571',20260910,1,20260911,1,20260914,1,20260915,1,20260916,1,20260917,1,20260918,1,20260921,1,20260922,1,20260923,1,20260924,1,20260925,1,20260928,1,20260929,1,20260930,1,20261001,1,20261002,1,20261005,1,20261006,1,20261007,1,20261008,1,20261009,1,20261013,1,20261014,1,20261015,1,20261016,1,20261019,1,20261020,1,20261021,1,20261022,1,20261023,1,20261026,1,20261027,1,20261028,1,20261029,1,20261030,1,20261102,1,20261103,1,20261104,1,20261105,1,20261106,1,20261109,1,20261110,1,20261111,1,20261112,1,20261113,1,20261116,1,20261117,1,20261118,1,20261119,1,20261120,1,20261123,1,20261124,1,20261125,1,20261126,1,20261127,1,20261130,1,20261201,1,20261202,1,20261203,1,20261204,1,20261207,1,20261208,1,20261209,1,20261210,1,20261211,1,20261214,1,20261215,1,20261216,1,20261217,1,20261218,1,20261221,1,20261222,1,20261223,1,20261224,1,20261228,1,20261229,1,20261230,1,20261231,1
'1495572',20260910,1,20260911,1,20260914,1,20260915,1,20260916,1,20260917,1,20260918,1,20260921,1,20260922,1,20260923,1,20260924,1,20260925,1,20260928,1,20260929,1,20260930,1,20261001,1,20261002,1,20261005,1,20261006,1,20261007,1,20261008,1,20261009,1,20261013,1,20261014,1,20261015,1,20261016,1,20261019,1,20261020,1,20261021,1,20261022,1,20261023,1,20261026,1,20261027,1,20261028,1,20261029,1,20261030,1,20261102,1,20261103,1,20261104,1,20261105,1,20261106,1,20261109,1,20261110,1,20261111,1,20261112,1,20261113,1,20261116,1,20261117,1,20261118,1,20261119,1,20261120,1,20261123,1,20261124,1,20261125,1,20261126,1,20261127,1,20261130,1,20261201,1,20261202,1,20261203,1,20261204,1,20261207,1,20261208,1,20261209,1,20261210,1,20261211,1,20261214,1,20261215,1,20261216,1,20261217,1,20261218,1,20261221,1,20261222,1,20261223,1,20261224,1,20261228,1,20261229,1,20261230,1,20261231,1
'1495573',20260910,1,20260911,1,20260914,1,20260915,1,20260916,1,20260917,1,20260918,1,20260921,1,20260922,1,20260923,1,20260924,1,20260925,1,20260928,1,20260929,1,20260930,1,20261001,1,20261002,1,20261005,1,20261006,1,20261007,1,20261008,1,20261009,1,20261013,1,20261014,1,20261015,1,20261016,1,20261019,1,20261020,1,20261021,1,20261022,1,20261023,1,20261026,1,20261027,1,20261028,1,20261029,1,20261030,1,20261102,1,20261103,1,20261104,1,20261105,1,20261106,1,20261109,1,20261110,1,20261111,1,20261112,1,20261113,1,20261116,1,20261117,1,20261118,1,20261119,1,20261120,1,20261123,1,20261124,1,20261125,1,20261126,1,20261127,1,20261130,1,20261201,1,20261202,1,20261203,1,20261204,1,20261207,1,20261208,1,20261209,1,20261210,1,20261211,1,20261214,1,20261215,1,20261216,1,20261217,1,20261218,1,20261221,1,20261222,1,20261223,1,20261224,1,20261228,1,20261229,1,20261230,1,20261231,1
'1495574',20260910,1,20260911,1,20260914,1,20260915,1,20260916,1,20260917,1,20260918,1,20260921,1,20260922,1,20260923,1,20260924,1,20260925,1,20260928,1,20260929,1,20260930,1,20261001,1,20261002,1,20261005,1,20261006,1,20261007,1,20261008,1,20261009,1,20261013,1,20261014,1,20261015,1,20261016,1,20261019,1,20261020,1,20261021,1,20261022,1,20261023,1,20261026,1,20261027,1,20261028,1,20261029,1,20261030,1,20261102,1,20261103,1,20261104,1,20261105,1,20261106,1,20261109,1,20261110,1,20261111,1,20261112,1,20261113,1,20261116,1,20261117,1,20261118,1,20261119,1,20261120,1,20261123,1,20261124,1,20261125,1,20261126,1,20261127,1,20261130,1,20261201,1,20261202,1,20261203,1,20261204,1,20261207,1,20261208,1,20261209,1,20261210,1,20261211,1,20261214,1,20261215,1,20261216,1,20261217,1,20261218,1,20261221,1,20261222,1,20261223,1,20261224,1,20261228,1,20261229,1,20261230,1,20261231,1
'1495575',20260910,1,20260911,1,20260914,1,20260915,1,20260916,1,20260917,1,20260918,1,20260921,1,20260922,1,20260923,1,20260924,1,20260925,1,20260928,1,20260929,1,20260930,1,20261001,1,20261002,1,20261005,1,20261006,1,20261007,1,20261008,1,20261009,1,20261013,1,20261014,1,20261015,1,20261016,1,20261019,1,20261020,1,20261021,1,20261022,1,20261023,1,20261026,1,20261027,1,20261028,1,20261029,1,20261030,1,20261102,1,20261103,1,20261104,1,20261105,1,20261106,1,20261109,1,20261110,1,20261111,1,20261112,1,20261113,1,20261116,1,20261117,1,20261118,1,20261119,1,20261120,1,20261123,1,20261124,1,20261125,1,20261126,1,20261127,1,20261130,1,20261201,1,20261202,1,20261203,1,20261204,1,20261207,1,20261208,1,20261209,1,20261210,1,20261211,1,20261214,1,20261215,1,20261216,1,20261217,1,20261218,1,20261221,1,20261222,1,20261223,1,20261224,1,20261228,1,20261229,1,20261230,1,20261231,1
'1495576',20260910,1,20260911,1,20260914,1,20260915,1,20260916,1,20260917,1,20260918,1,20260921,1,20260922,1,20260923,1,20260924,1,20260925,1,20260928,1,20260929,1,20260930,1,20261001,1,20261002,1,20261005,1,20261006,1,20261007,1,20261008,1,20261009,1,20261013,1,20261014,1,20261015,1,20261016,1,20261019,1,20261020,1,20261021,1,20261022,1,20261023,1,20261026,1,20261027,1,20261028,1,20261029,1,20261030,1,20261102,1,20261103,1,20261104,1,20261105,1,20261106,1,20261109,1,20261110,1,20261111,1,20261112,1,20261113,1,20261116,1,20261117,1,20261118,1,20261119,1,20261120,1,20261123,1,20261124,1,20261125,1,20261126,1,20261127,1,20261130,1,20261201,1,20261202,1,20261203,1,20261204,1,20261207,1,20261208,1,20261209,1,20261210,1,20261211,1,20261214,1,20261215,1,20261216,1,20261217,1,20261218,1,20261221,1,20261222,1,20261223,1,20261224,1,20261228,1,20261229,1,20261230,1,20261231,1
'1495577',20260910,1,20260911,1,20260914,1,20260915,1,20260916,1,20260917,1,20260918,1,20260921,1,20260922,1,20260923,1,20260924,1,20260925,1,20260928,1,20260929,1,20260930,1,20261001,1,20261002,1,20261005,1,20261006,1,20261007,1,20261008,1,20261009,1,20261013,1,20261014,1,20261015,1,20261016,1,20261019,1,20261020,1,20261021,1,20261022,1,20261023,1,20261026,1,20261027,1,20261028,1,20261029,1,20261030,1,20261102,1,20261103,1,20261104,1,20261105,1,20261106,1,20261109,1,20261110,1,20261111,1,20261112,1,20261113,1,20261116,1,20261117,1,20261118,1,20261119,1,20261120,1,20261123,1,20261124,1,20261125,1,20261126,1,20261127,1,20261130,1,20261201,1,20261202,1,20261203,1,20261204,1,20261207,1,20261208,1,20261209,1,20261210,1,20261211,1,20261214,1,20261215,1,20261216,1,20261217,1,20261218,1,20261221,1,20261222,1,20261223,1,20261224,1,20261228,1,20261229,1,20261230,1,20261231,1
'1495578',20260910,1,20260911,1,20260914,1,20260915,1,20260916,1,20260917,1,20260918,1,20260921,1,20260922,1,20260923,1,20260924,1,20260925,1,20260928,1,20260929,1,20260930,1,20261001,1,20261002,1,20261005,1,20261006,1,20261007,1,20261008,1,20261009,1,20261013,1,20261014,1,20261015,1,20261016,1,20261019,1,20261020,1,20261021,1,20261022,1,20261023,1,20261026,1,20261027,1,20261028,1,20261029,1,20261030,1,20261102,1,20261103,1,20261104,1,20261105,1,20261106,1,20261109,1,20261110,1,20261111,1,20261112,1,20261113,1,20261116,1,20261117,1,20261118,1,20261119,1,20261120,1,20261123,1,20261124,1,20261125,1,20261126,1,20261127,1,20261130,1,20261201,1,20261202,1,20261203,1,20261204,1,20261207,1,20261208,1,20261209,1,20261210,1,20261211,1,20261214,1,20261215,1,20261216,1,20261217,1,20261218,1,20261221,1,20261222,1,20261223,1,20261224,1,20261228,1,20261229,1,20261230,1,20261231,1
'1495579',20260910,1,20260911,1,20260914,1,20260915,1,20260916,1,20260917,1,20260918,1,20260921,1,20260922,1,20260923,1,20260924,1,20260925,1,20260928,1,20260929,1,20260930,1,20261001,1,20261002,1,20261005,1,20261006,1,20261007,1,20261008,1,20261009,1,20261013,1,20261014,1,20261015,1,20261016,1,20261019,1,20261020,1,20261021,1,20261022,1,20261023,1,20261026,1,20261027,1,20261028,1,20261029,1,20261030,1,20261102,1,20261103,1,20261104,1,20261105,1,20261106,1,20261109,1,20261110,1,20261111,1,20261112,1,20261113,1,20261116,1,20261117,1,20261118,1,20261119,1,20261120,1,20261123,1,20261124,1,20261125,1,20261126,1,20261127,1,20261130,1,20261201,1,20261202,1,20261203,1,20261204,1,20261207,1,20261208,1,20261209,1,20261210,1,20261211,1,20261214,1,20261215,1,20261216,1,20261217,1,20261218,1,20261221,1,20261222,1,20261223,1,20261224,1,20261228,1,20261229,1,20261230,1,20261231,1
'1495580',20260910,1,20260911,1,20260914,1,20260915,1,20260916,1,20260917,1,20260918,1,20260921,1,20260922,1,20260923,1,20260924,1,20260925,1,20260928,1,20260929,1,20260930,1,20261001,1,20261002,1,20261005,1,20261006,1,20261007,1,20261008,1,20261009,1,20261013,1,20261014,1,20261015,1,20261016,1,20261019,1,20261020,1,20261021,1,20261022,1,20261023,1,20261026,1,20261027,1,20261028,1,20261029,1,20261030,1,20261102,1,20261103,1,20261104,1,20261105,1,20261106,1,20261109,1,20261110,1,20261111,1,20261112,1,20261113,1,20261116,1,20261117,1,20261118,1,20261119,1,20261120,1,20261123,1,20261124,1,20261125,1,20261126,1,20261127,1,20261130,1,20261201,1,20261202,1,20261203,1,20261204,1,20261207,1,20261208,1,20261209,1,20261210,1,20261211,1,20261214,1,20261215,1,20261216,1,20261217,1,20261218,1,20261221,1,20261222,1,20261223,1,20261224,1,20261228,1,20261229,1,20261230,1,20261231,1
'1495581',20260910,1,20260911,1,20260914,1,20260915,1,20260916,1,20260917,1,20260918,1,20260921,1,20260922,1,20260923,1,20260924,1,20260925,1,20260928,1,20260929,1,20260930,1,20261001,1,20261002,1,20261005,1,20261006,1,20261007,1,20261008,1,20261009,1,20261013,1,20261014,1,20261015,1,20261016,1,20261019,1,20261020,1,20261021,1,20261022,1,20261023,1,20261026,1,20261027,1,20261028,1,20261029,1,20261030,1,20261102,1,20261103,1,20261104,1,20261105,1,20261106,1,20261109,1,20261110,1,20261111,1,20261112,1,20261113,1,20261116,1,20261117,1,20261118,1,20261119,1,20261120,1,20261123,1,20261124,1,20261125,1,20261126,1,20261127,1,20261130,1,20261201,1,20261202,1,20261203,1,20261204,1,20261207,1,20261208,1,20261209,1,20261210,1,20261211,1,20261214,1,20261215,1,20261216,1,20261217,1,20261218,1,20261221,1,20261222,1,20261223,1,20261224,1,20261228,1,20261229,1,20261230,1,20261231,1
'1495582',20260910,1,20260911,1,20260914,1,20260915,1,20260916,1,20260917,1,20260918,1,20260921,1,20260922,1,20260923,1,20260924,1,20260925,1,20260928,1,20260929,1,20260930,1,20261001,1,20261002,1,20261005,1,20261006,1,20261007,1,20261008,1,20261009,1,20261013,1,20261014,1,20261015,1,20261016,1,20261019,1,20261020,1,20261021,1,20261022,1,20261023,1,20261026,1,20261027,1,20261028,1,20261029,1,20261030,1,20261102,1,20261103,1,20261104,1,20261105,1,20261106,1,20261109,1,20261110,1,20261111,1,20261112,1,20261113,1,20261116,1,20261117,1,20261118,1,20261119,1,20261120,1,20261123,1,20261124,1,20261125,1,20261126,1,20261127,1,20261130,1,20261201,1,20261202,1,20261203,1,20261204,1,20261207,1,20261208,1,20261209,1,20261210,1,20261211,1,20261214,1,20261215,1,20261216,1,20261217,1,20261218,1,20261221,1,20261222,1,20261223,1,20261224,1,20261228,1,20261229,1,20261230,1,20261231,1
'1495583',20260910,1,20260911,1,20260914,1,20260915,1,20260916,1,20260917,1,20260918,1,20260921,1,20260922,1,20260923,1,20260924,1,20260925,1,20260928,1,20260929,1,20260930,1,20261001,1,20261002,1,20261005,1,20261006,1,20261007,1,20261008,1,20261009,1,20261013,1,20261014,1,20261015,1,20261016,1,20261019,1,20261020,1,20261021,1,20261022,1,20261023,1,20261026,1,20261027,1,20261028,1,20261029,1,20261030,1,20261102,1,20261103,1,20261104,1,20261105,1,20261106,1,20261109,1,20261110,1,20261111,1,20261112,1,20261113,1,20261116,1,20261117,1,20261118,1,20261119,1,20261120,1,20261123,1,20261124,1,20261125,1,20261126,1,20261127,1,20261130,1,20261201,1,20261202,1,20261203,1,20261204,1,20261207,1,20261208,1,20261209,1,20261210,1,20261211,1,20261214,1,20261215,1,20261216,1,20261217,1,20261218,1,20261221,1,20261222,1,20261223,1,20261224,1,20261228,1,20261229,1,20261230,1,20261231,1
'1495584',20260910,1,20260911,1,20260914,1,20260915,1,20260916,1,20260917,1,20260918,1,20260921,1,20260922,1,20260923,1,20260924,1,20260925,1,20260928,1,20260929,1,20260930,1,20261001,1,20261002,1,20261005,1,20261006,1,20261007,1,20261008,1,20261009,1,20261013,1,20261014,1,20261015,1,20261016,1,20261019,1,20261020,1,20261021,1,20261022,1,20261023,1,20261026,1,20261027,1,20261028,1,20261029,1,20261030,1,20261102,1,20261103,1,20261104,1,20261105,1,20261106,1,20261109,1,20261110,1,20261111,1,20261112,1,20261113,1,20261116,1,20261117,1,20261118,1,20261119,1,20261120,1,20261123,1,20261124,1,20261125,1,20261126,1,20261127,1,20261130,1,20261201,1,20261202,1,20261203,1,20261204,1,20261207,1,20261208,1,20261209,1,20261210,1,20261211,1,20261214,1,20261215,1,20261216,1,20261217,1,20261218,1,20261221,1,20261222,1,20261223,1,20261224,1,20261228,1,20261229,1,20261230,1,20261231,1
'1495585',20260910,1,20260911,1,20260914,1,20260915,1,20260916,1,20260917,1,20260918,1,20260921,1,20260922,1,20260923,1,20260924,1,20260925,1,20260928,1,20260929,1,20260930,1,20261001,1,20261002,1,20261005,1,20261006,1,20261007,1,20261008,1,20261009,1,20261013,1,20261014,1,20261015,1,20261016,1,20261019,1,20261020,1,20261021,1,20261022,1,20261023,1,20261026,1,20261027,1,20261028,1,20261029,1,20261030,1,20261102,1,20261103,1,20261104,1,20261105,1,20261106,1,20261109,1,20261110,1,20261111,1,20261112,1,20261113,1,20261116,1,20261117,1,20261118,1,20261119,1,20261120,1,20261123,1,20261124,1,20261125,1,20261126,1,20261127,1,20261130,1,20261201,1,20261202,1,20261203,1,20261204,1,20261207,1,20261208,1,20261209,1,20261210,1,20261211,1,20261214,1,20261215,1,20261216,1,20261217,1,20261218,1,20261221,1,20261222,1,20261223,1,20261224,1,20261228,1,20261229,1,20261230,1,20261231,1
'1495586',20260910,1,20260911,1,20260914,1,20260915,1,20260916,1,20260917,1,20260918,1,20260921,1,20260922,1,20260923,1,20260924,1,20260925,1,20260928,1,20260929,1,20260930,1,20261001,1,20261002,1,20261005,1,20261006,1,20261007,1,20261008,1,20261009,1,20261013,1,20261014,1,20261015,1,20261016,1,20261019,1,20261020,1,20261021,1,20261022,1,20261023,1,20261026,1,20261027,1,20261028,1,20261029,1,20261030,1,20261102,1,20261103,1,20261104,1,20261105,1,20261106,1,20261109,1,20261110,1,20261111,1,20261112,1,20261113,1,20261116,1,20261117,1,20261118,1,20261119,1,20261120,1,20261123,1,20261124,1,20261125,1,20261126,1,20261127,1,20261130,1,20261201,1,20261202,1,20261203,1,20261204,1,20261207,1,20261208,1,20261209,1,20261210,1,20261211,1,20261214,1,20261215,1,20261216,1,20261217,1,20261218,1,20261221,1,20261222,1,20261223,1,20261224,1,20261228,1,20261229,1,20261230,1,20261231,1
'1495587',20260910,1,20260911,1,20260914,1,20260915,1,20260916,1,20260917,1,20260918,1,20260921,1,20260922,1,20260923,1,20260924,1,20260925,1,20260928,1,20260929,1,20260930,1,20261001,1,20261002,1,20261005,1,20261006,1,20261007,1,20261008,1,20261009,1,20261013,1,20261014,1,20261015,1,20261016,1,20261019,1,20261020,1,20261021,1,20261022,1,20261023,1,20261026,1,20261027,1,20261028,1,20261029,1,20261030,1,20261102,1,20261103,1,20261104,1,20261105,1,20261106,1,20261109,1,20261110,1,20261111,1,20261112,1,20261113,1,20261116,1,20261117,1,20261118,1,20261119,1,20261120,1,20261123,1,20261124,1,20261125,1,20261126,1,20261127,1,20261130,1,20261201,1,20261202,1,20261203,1,20261204,1,20261207,1,20261208,1,20261209,1,20261210,1,20261211,1,20261214,1,20261215,1,20261216,1,20261217,1,20261218,1,20261221,1,20261222,1,20261223,1,20261224,1,20261228,1,20261229,1,20261230,1,20261231,1
'1495588',20260910,1,20260911,1,20260914,1,20260915,1,20260916,1,20260917,1,20260918,1,20260921,1,20260922,1,20260923,1,20260924,1,20260925,1,20260928,1,20260929,1,20260930,1,20261001,1,20261002,1,20261005,1,20261006,1,20261007,1,20261008,1,20261009,1,20261013,1,20261014,1,20261015,1,20261016,1,20261019,1,20261020,1,20261021,1,20261022,1,20261023,1,20261026,1,20261027,1,20261028,1,20261029,1,20261030,1,20261102,1,20261103,1,20261104,1,20261105,1,20261106,1,20261109,1,20261110,1,20261111,1,20261112,1,20261113,1,20261116,1,20261117,1,20261118,1,20261119,1,20261120,1,20261123,1,20261124,1,20261125,1,20261126,1,20261127,1,20261130,1,20261201,1,20261202,1,20261203,1,20261204,1,20261207,1,20261208,1,20261209,1,20261210,1,20261211,1,20261214,1,20261215,1,20261216,1,20261217,1,20261218,1,20261221,1,20261222,1,20261223,1,20261224,1,20261228,1,20261229,1,20261230,1,20261231,1
'1495589',20260910,1,20260911,1,20260914,1,20260915,1,20260916,1,20260917,1,20260918,1,20260921,1,20260922,1,20260923,1,20260924,1,20260925,1,20260928,1,20260929,1,20260930,1,20261001,1,20261002,1,20261005,1,20261006,1,20261007,1,20261008,1,20261009,1,20261013,1,20261014,1,20261015,1,20261016,1,20261019,1,20261020,1,20261021,1,20261022,1,20261023,1,20261026,1,20261027,1,20261028,1,20261029,1,20261030,1,20261102,1,20261103,1,20261104,1,20261105,1,20261106,1,20261109,1,20261110,1,20261111,1,20261112,1,20261113,1,20261116,1,20261117,1,20261118,1,20261119,1,20261120,1,20261123,1,20261124,1,20261125,1,20261126,1,20261127,1,20261130,1,20261201,1,20261202,1,20261203,1,20261204,1,20261207,1,20261208,1,20261209,1,20261210,1,20261211,1,20261214,1,20261215,1,20261216,1,20261217,1,20261218,1,20261221,1,20261222,1,20261223,1,20261224,1,20261228,1,20261229,1,20261230,1,20261231,1
'1495590',20260910,1,20260911,1,20260914,1,20260915,1,20260916,1,20260917,1,20260918,1,20260921,1,20260922,1,20260923,1,20260924,1,20260925,1,20260928,1,20260929,1,20260930,1,20261001,1,20261002,1,20261005,1,20261006,1,20261007,1,20261008,1,20261009,1,20261013,1,20261014,1,20261015,1,20261016,1,20261019,1,20261020,1,20261021,1,20261022,1,20261023,1,20261026,1,20261027,1,20261028,1,20261029,1,20261030,1,20261102,1,20261103,1,20261104,1,20261105,1,20261106,1,20261109,1,20261110,1,20261111,1,20261112,1,20261113,1,20261116,1,20261117,1,20261118,1,20261119,1,20261120,1,20261123,1,20261124,1,20261125,1,20261126,1,20261127,1,20261130,1,20261201,1,20261202,1,20261203,1,20261204,1,20261207,1,20261208,1,20261209,1,20261210,1,20261211,1,20261214,1,20261215,1,20261216,1,20261217,1,20261218,1,20261221,1,20261222,1,20261223,1,20261224,1,20261228,1,20261229,1,20261230,1,20261231,1
'1495591',20260910,1,20260911,1,20260914,1,20260915,1,20260916,1,20260917,1,20260918,1,20260921,1,20260922,1,20260923,1,20260924,1,20260925,1,20260928,1,20260929,1,20260930,1,20261001,1,20261002,1,20261005,1,20261006,1,20261007,1,20261008,1,20261009,1,20261013,1,20261014,1,20261015,1,20261016,1,20261019,1,20261020,1,20261021,1,20261022,1,20261023,1,20261026,1,20261027,1,20261028,1,20261029,1,20261030,1,20261102,1,20261103,1,20261104,1,20261105,1,20261106,1,20261109,1,20261110,1,20261111,1,20261112,1,20261113,1,20261116,1,20261117,1,20261118,1,20261119,1,20261120,1,20261123,1,20261124,1,20261125,1,20261126,1,20261127,1,20261130,1,20261201,1,20261202,1,20261203,1,20261204,1,20261207,1,20261208,1,20261209,1,20261210,1,20261211,1,20261214,1,20261215,1,20261216,1,20261217,1,20261218,1,20261221,1,20261222,1,20261223,1,20261224,1,20261228,1,20261229,1,20261230,1,20261231,1
'1495592',20260910,1,20260911,1,20260914,1,20260915,1,20260916,1,20260917,1,20260918,1,20260921,1,20260922,1,20260923,1,20260924,1,20260925,1,20260928,1,20260929,1,20260930,1,20261001,1,20261002,1,20261005,1,20261006,1,20261007,1,20261008,1,20261009,1,20261013,1,20261014,1,20261015,1,20261016,1,20261019,1,20261020,1,20261021,1,20261022,1,20261023,1,20261026,1,20261027,1,20261028,1,20261029,1,20261030,1,20261102,1,20261103,1,20261104,1,20261105,1,20261106,1,20261109,1,20261110,1,20261111,1,20261112,1,20261113,1,20261116,1,20261117,1,20261118,1,20261119,1,20261120,1,20261123,1,20261124,1,20261125,1,20261126,1,20261127,1,20261130,1,20261201,1,20261202,1,20261203,1,20261204,1,20261207,1,20261208,1,20261209,1,20261210,1,20261211,1,20261214,1,20261215,1,20261216,1,20261217,1,20261218,1,20261221,1,20261222,1,20261223,1,20261224,1,20261228,1,20261229,1,20261230,1,20261231,1
'1495593',20260910,1,20260911,1,20260914,1,20260915,1,20260916,1,20260917,1,20260918,1,20260921,1,20260922,1,20260923,1,20260924,1,20260925,1,20260928,1,20260929,1,20260930,1,20261001,1,20261002,1,20261005,1,20261006,1,20261007,1,20261008,1,20261009,1,20261013,1,20261014,1,20261015,1,20261016,1,20261019,1,20261020,1,20261021,1,20261022,1,20261023,1,20261026,1,20261027,1,20261028,1,20261029,1,20261030,1,20261102,1,20261103,1,20261104,1,20261105,1,20261106,1,20261109,1,20261110,1,20261111,1,20261112,1,20261113,1,20261116,1,20261117,1,20261118,1,20261119,1,20261120,1,20261123,1,20261124,1,20261125,1,20261126,1,20261127,1,20261130,1,20261201,1,20261202,1,20261203,1,20261204,1,20261207,1,20261208,1,20261209,1,20261210,1,20261211,1,20261214,1,20261215,1,20261216,1,20261217,1,20261218,1,20261221,1,20261222,1,20261223,1,20261224,1,20261228,1,20261229,1,20261230,1,20261231,1
'1495594',20260910,1,20260911,1,20260914,1,20260915,1,20260916,1,20260917,1,20260918,1,20260921,1,20260922,1,20260923,1,20260924,1,20260925,1,20260928,1,20260929,1,20260930,1,20261001,1,20261002,1,20261005,1,20261006,1,20261007,1,20261008,1,20261009,1,20261013,1,20261014,1,20261015,1,20261016,1,20261019,1,20261020,1,20261021,1,20261022,1,20261023,1,20261026,1,20261027,1,20261028,1,20261029,1,20261030,1,20261102,1,20261103,1,20261104,1,20261105,1,20261106,1,20261109,1,20261110,1,20261111,1,20261112,1,20261113,1,20261116,1,20261117,1,20261118,1,20261119,1,20261120,1,20261123,1,20261124,1,20261125,1,20261126,1,20261127,1,20261130,1,20261201,1,20261202,1,20261203,1,20261204,1,20261207,1,20261208,1,20261209,1,20261210,1,20261211,1,20261214,1,20261215,1,20261216,1,20261217,1,20261218,1,20261221,1,20261222,1,20261223,1,20261224,1,20261228,1,20261229,1,20261230,1,20261231,1
'1495595',20260910,1,20260911,1,20260914,1,20260915,1,20260916,1,20260917,1,20260918,1,20260921,1,20260922,1,20260923,1,20260924,1,20260925,1,20260928,1,20260929,1,20260930,1,20261001,1,20261002,1,20261005,1,20261006,1,20261007,1,20261008,1,20261009,1,20261013,1,20261014,1,20261015,1,20261016,1,20261019,1,20261020,1,20261021,1,20261022,1,20261023,1,20261026,1,20261027,1,20261028,1,20261029,1,20261030,1,20261102,1,20261103,1,20261104,1,20261105,1,20261106,1,20261109,1,20261110,1,20261111,1,20261112,1,20261113,1,20261116,1,20261117,1,20261118,1,20261119,1,20261120,1,20261123,1,20261124,1,20261125,1,20261126,1,20261127,1,20261130,1,20261201,1,20261202,1,20261203,1,20261204,1,20261207,1,20261208,1,20261209,1,20261210,1,20261211,1,20261214,1,20261215,1,20261216,1,20261217,1,20261218,1,20261221,1,20261222,1,20261223,1,20261224,1,20261228,1,20261229,1,20261230,1,20261231,1
'1495596',20260910,1,20260911,1,20260914,1,20260915,1,20260916,1,20260917,1,20260918,1,20260921,1,20260922,1,20260923,1,20260924,1,20260925,1,20260928,1,20260929,1,20260930,1,20261001,1,20261002,1,20261005,1,20261006,1,20261007,1,20261008,1,20261009,1,20261013,1,20261014,1,20261015,1,20261016,1,20261019,1,20261020,1,20261021,1,20261022,1,20261023,1,20261026,1,20261027,1,20261028,1,20261029,1,20261030,1,20261102,1,20261103,1,20261104,1,20261105,1,20261106,1,20261109,1,20261110,1,20261111,1,20261112,1,20261113,1,20261116,1,20261117,1,20261118,1,20261119,1,20261120,1,20261123,1,20261124,1,20261125,1,20261126,1,20261127,1,20261130,1,20261201,1,20261202,1,20261203,1,20261204,1,20261207,1,20261208,1,20261209,1,20261210,1,20261211,1,20261214,1,20261215,1,20261216,1,20261217,1,20261218,1,20261221,1,20261222,1,20261223,1,20261224,1,20261228,1,20261229,1,20261230,1,20261231,1
'1495597',20260910,1,20260911,1,20260914,1,20260915,1,20260916,1,20260917,1,20260918,1,20260921,1,20260922,1,20260923,1,20260924,1,20260925,1,20260928,1,20260929,1,20260930,1,20261001,1,20261002,1,20261005,1,20261006,1,20261007,1,20261008,1,20261009,1,20261013,1,20261014,1,20261015,1,20261016,1,20261019,1,20261020,1,20261021,1,20261022,1,20261023,1,20261026,1,20261027,1,20261028,1,20261029,1,20261030,1,20261102,1,20261103,1,20261104,1,20261105,1,20261106,1,20261109,1,20261110,1,20261111,1,20261112,1,20261113,1,20261116,1,20261117,1,20261118,1,20261119,1,20261120,1,20261123,1,20261124,1,20261125,1,20261126,1,20261127,1,20261130,1,20261201,1,20261202,1,20261203,1,20261204,1,20261207,1,20261208,1,20261209,1,20261210,1,20261211,1,20261214,1,20261215,1,20261216,1,20261217,1,20261218,1,20261221,1,20261222,1,20261223,1,20261224,1,20261228,1,20261229,1,20261230,1,20261231,1
'1495598',20260910,1,20260911,1,20260914,1,20260915,1,20260916,1,20260917,1,20260918,1,20260921,1,20260922,1,20260923,1,20260924,1,20260925,1,20260928,1,20260929,1,20260930,1,20261001,1,20261002,1,20261005,1,20261006,1,20261007,1,20261008,1,20261009,1,20261013,1,20261014,1,20261015,1,20261016,1,20261019,1,20261020,1,20261021,1,20261022,1,20261023,1,20261026,1,20261027,1,20261028,1,20261029,1,20261030,1,20261102,1,20261103,1,20261104,1,20261105,1,20261106,1,20261109,1,20261110,1,20261111,1,20261112,1,20261113,1,20261116,1,20261117,1,20261118,1,20261119,1,20261120,1,20261123,1,20261124,1,20261125,1,20261126,1,20261127,1,20261130,1,20261201,1,20261202,1,20261203,1,20261204,1,20261207,1,20261208,1,20261209,1,20261210,1,20261211,1,20261214,1,20261215,1,20261216,1,20261217,1,20261218,1,20261221,1,20261222,1,20261223,1,20261224,1,20261228,1,20261229,1,20261230,1,20261231,1
'1495599',20260910,1,20260911,1,20260914,1,20260915,1,20260916,1,20260917,1,20260918,1,20260921,1,20260922,1,20260923,1,20260924,1,20260925,1,20260928,1,20260929,1,20260930,1,20261001,1,20261002,1,20261005,1,20261006,1,20261007,1,20261008,1,20261009,1,20261013,1,20261014,1,20261015,1,20261016,1,20261019,1,20261020,1,20261021,1,20261022,1,20261023,1,20261026,1,20261027,1,20261028,1,20261029,1,20261030,1,20261102,1,20261103,1,20261104,1,20261105,1,20261106,1,20261109,1,20261110,1,20261111,1,20261112,1,20261113,1,20261116,1,20261117,1,20261118,1,20261119,1,20261120,1,20261123,1,20261124,1,20261125,1,20261126,1,20261127,1,20261130,1,20261201,1,20261202,1,20261203,1,20261204,1,20261207,1,20261208,1,20261209,1,20261210,1,20261211,1,20261214,1,20261215,1,20261216,1,20261217,1,20261218,1,20261221,1,20261222,1,20261223,1,20261224,1,20261228,1,20261229,1,20261230,1,20261231,1
'1495600',20260910,1,20260911,1,20260914,1,20260915,1,20260916,1,20260917,1,20260918,1,20260921,1,20260922,1,20260923,1,20260924,1,20260925,1,20260928,1,20260929,1,20260930,1,20261001,1,20261002,1,20261005,1,20261006,1,20261007,1,20261008,1,20261009,1,20261013,1,20261014,1,20261015,1,20261016,1,20261019,1,20261020,1,20261021,1,20261022,1,20261023,1,20261026,1,20261027,1,20261028,1,20261029,1,20261030,1,20261102,1,20261103,1,20261104,1,20261105,1,20261106,1,20261109,1,20261110,1,20261111,1,20261112,1,20261113,1,20261116,1,20261117,1,20261118,1,20261119,1,20261120,1,20261123,1,20261124,1,20261125,1,20261126,1,20261127,1,20261130,1,20261201,1,20261202,1,20261203,1,20261204,1,20261207,1,20261208,1,20261209,1,20261210,1,20261211,1,20261214,1,20261215,1,20261216,1,20261217,1,20261218,1,20261221,1,20261222,1,20261223,1,20261224,1,20261228,1,20261229,1,20261230,1,20261231,1
'1495601',20260910,1,20260911,1,20260914,1,20260915,1,20260916,1,20260917,1,20260918,1,20260921,1,20260922,1,20260923,1,20260924,1,20260925,1,20260928,1,20260929,1,20260930,1,20261001,1,20261002,1,20261005,1,20261006,1,20261007,1,20261008,1,20261009,1,20261013,1,20261014,1,20261015,1,20261016,1,20261019,1,20261020,1,20261021,1,20261022,1,20261023,1,20261026,1,20261027,1,20261028,1,20261029,1,20261030,1,20261102,1,20261103,1,20261104,1,20261105,1,20261106,1,20261109,1,20261110,1,20261111,1,20261112,1,20261113,1,20261116,1,20261117,1,20261118,1,20261119,1,20261120,1,20261123,1,20261124,1,20261125,1,20261126,1,20261127,1,20261130,1,20261201,1,20261202,1,20261203,1,20261204,1,20261207,1,20261208,1,20261209,1,20261210,1,20261211,1,20261214,1,20261215,1,20261216,1,20261217,1,20261218,1,20261221,1,20261222,1,20261223,1,20261224,1,20261228,1,20261229,1,20261230,1,20261231,1
'1495602',20260910,1,20260911,1,20260914,1,20260915,1,20260916,1,20260917,1,20260918,1,20260921,1,20260922,1,20260923,1,20260924,1,20260925,1,20260928,1,20260929,1,20260930,1,20261001,1,20261002,1,20261005,1,20261006,1,20261007,1,20261008,1,20261009,1,20261013,1,20261014,1,20261015,1,20261016,1,20261019,1,20261020,1,20261021,1,20261022,1,20261023,1,20261026,1,20261027,1,20261028,1,20261029,1,20261030,1,20261102,1,20261103,1,20261104,1,20261105,1,20261106,1,20261109,1,20261110,1,20261111,1,20261112,1,20261113,1,20261116,1,20261117,1,20261118,1,20261119,1,20261120,1,20261123,1,20261124,1,20261125,1,20261126,1,20261127,1,20261130,1,20261201,1,20261202,1,20261203,1,20261204,1,20261207,1,20261208,1,20261209,1,20261210,1,20261211,1,20261214,1,20261215,1,20261216,1,20261217,1,20261218,1,20261221,1,20261222,1,20261223,1,20261224,1,20261228,1,20261229,1,20261230,1,20261231,1
'1495603',20260910,1,20260911,1,20260914,1,20260915,1,20260916,1,20260917,1,20260918,1,20260921,1,20260922,1,20260923,1,20260924,1,20260925,1,20260928,1,20260929,1,20260930,1,20261001,1,20261002,1,20261005,1,20261006,1,20261007,1,20261008,1,20261009,1,20261013,1,20261014,1,20261015,1,20261016,1,20261019,1,20261020,1,20261021,1,20261022,1,20261023,1,20261026,1,20261027,1,20261028,1,20261029,1,20261030,1,20261102,1,20261103,1,20261104,1,20261105,1,20261106,1,20261109,1,20261110,1,20261111,1,20261112,1,20261113,1,20261116,1,20261117,1,20261118,1,20261119,1,20261120,1,20261123,1,20261124,1,20261125,1,20261126,1,20261127,1,20261130,1,20261201,1,20261202,1,20261203,1,20261204,1,20261207,1,20261208,1,20261209,1,20261210,1,20261211,1,20261214,1,20261215,1,20261216,1,20261217,1,20261218,1,20261221,1,20261222,1,20261223,1,20261224,1,20261228,1,20261229,1,20261230,1,20261231,1
'1495604',20260910,1,20260911,1,20260914,1,20260915,1,20260916,1,20260917,1,20260918,1,20260921,1,20260922,1,20260923,1,20260924,1,20260925,1,20260928,1,20260929,1,20260930,1,20261001,1,20261002,1,20261005,1,20261006,1,20261007,1,20261008,1,20261009,1,20261013,1,20261014,1,20261015,1,20261016,1,20261019,1,20261020,1,20261021,1,20261022,1,20261023,1,20261026,1,20261027,1,20261028,1,20261029,1,20261030,1,20261102,1,20261103,1,20261104,1,20261105,1,20261106,1,20261109,1,20261110,1,20261111,1,20261112,1,20261113,1,20261116,1,20261117,1,20261118,1,20261119,1,20261120,1,20261123,1,20261124,1,20261125,1,20261126,1,20261127,1,20261130,1,20261201,1,20261202,1,20261203,1,20261204,1,20261207,1,20261208,1,20261209,1,20261210,1,20261211,1,20261214,1,20261215,1,20261216,1,20261217,1,20261218,1,20261221,1,20261222,1,20261223,1,20261224,1,20261228,1,20261229,1,20261230,1,20261231,1
'1495605',20260910,1,20260911,1,20260914,1,20260915,1,20260916,1,20260917,1,20260918,1,20260921,1,20260922,1,20260923,1,20260924,1,20260925,1,20260928,1,20260929,1,20260930,1,20261001,1,20261002,1,20261005,1,20261006,1,20261007,1,20261008,1,20261009,1,20261013,1,20261014,1,20261015,1,20261016,1,20261019,1,20261020,1,20261021,1,20261022,1,20261023,1,20261026,1,20261027,1,20261028,1,20261029,1,20261030,1,20261102,1,20261103,1,20261104,1,20261105,1,20261106,1,20261109,1,20261110,1,20261111,1,20261112,1,20261113,1,20261116,1,20261117,1,20261118,1,20261119,1,20261120,1,20261123,1,20261124,1,20261125,1,20261126,1,20261127,1,20261130,1,20261201,1,20261202,1,20261203,1,20261204,1,20261207,1,20261208,1,20261209,1,20261210,1,20261211,1,20261214,1,20261215,1,20261216,1,20261217,1,20261218,1,20261221,1,20261222,1,20261223,1,20261224,1,20261228,1,20261229,1,20261230,1,20261231,1
'1495606',20260910,1,20260911,1,20260914,1,20260915,1,20260916,1,20260917,1,20260918,1,20260921,1,20260922,1,20260923,1,20260924,1,20260925,1,20260928,1,20260929,1,20260930,1,20261001,1,20261002,1,20261005,1,20261006,1,20261007,1,20261008,1,20261009,1,20261013,1,20261014,1,20261015,1,20261016,1,20261019,1,20261020,1,20261021,1,20261022,1,20261023,1,20261026,1,20261027,1,20261028,1,20261029,1,20261030,1,20261102,1,20261103,1,20261104,1,20261105,1,20261106,1,20261109,1,20261110,1,20261111,1,20261112,1,20261113,1,20261116,1,20261117,1,20261118,1,20261119,1,20261120,1,20261123,1,20261124,1,20261125,1,20261126,1,20261127,1,20261130,1,20261201,1,20261202,1,20261203,1,20261204,1,20261207,1,20261208,1,20261209,1,20261210,1,20261211,1,20261214,1,20261215,1,20261216,1,20261217,1,20261218,1,20261221,1,20261222,1,20261223,1,20261224,1,20261228,1,20261229,1,20261230,1,20261231,1
'1495607',20260910,1,20260911,1,20260914,1,20260915,1,20260916,1,20260917,1,20260918,1,20260921,1,20260922,1,20260923,1,20260924,1,20260925,1,20260928,1,20260929,1,20260930,1,20261001,1,20261002,1,20261005,1,20261006,1,20261007,1,20261008,1,20261009,1,20261013,1,20261014,1,20261015,1,20261016,1,20261019,1,20261020,1,20261021,1,20261022,1,20261023,1,20261026,1,20261027,1,20261028,1,20261029,1,20261030,1,20261102,1,20261103,1,20261104,1,20261105,1,20261106,1,20261109,1,20261110,1,20261111,1,20261112,1,20261113,1,20261116,1,20261117,1,20261118,1,20261119,1,20261120,1,20261123,1,20261124,1,20261125,1,20261126,1,20261127,1,20261130,1,20261201,1,20261202,1,20261203,1,20261204,1,20261207,1,20261208,1,20261209,1,20261210,1,20261211,1,20261214,1,20261215,1,20261216,1,20261217,1,20261218,1,20261221,1,20261222,1,20261223,1,20261224,1,20261228,1,20261229,1,20261230,1,20261231,1
'1495608',20260910,1,20260911,1,20260914,1,20260915,1,20260916,1,20260917,1,20260918,1,20260921,1,20260922,1,20260923,1,20260924,1,20260925,1,20260928,1,20260929,1,20260930,1,20261001,1,20261002,1,20261005,1,20261006,1,20261007,1,20261008,1,20261009,1,20261013,1,20261014,1,20261015,1,20261016,1,20261019,1,20261020,1,20261021,1,20261022,1,20261023,1,20261026,1,20261027,1,20261028,1,20261029,1,20261030,1,20261102,1,20261103,1,20261104,1,20261105,1,20261106,1,20261109,1,20261110,1,20261111,1,20261112,1,20261113,1,20261116,1,20261117,1,20261118,1,20261119,1,20261120,1,20261123,1,20261124,1,20261125,1,20261126,1,20261127,1,20261130,1,20261201,1,20261202,1,20261203,1,20261204,1,20261207,1,20261208,1,20261209,1,20261210,1,20261211,1,20261214,1,20261215,1,20261216,1,20261217,1,20261218,1,20261221,1,20261222,1,20261223,1,20261224,1,20261228,1,20261229,1,20261230,1,20261231,1
'1495609',20260910,1,20260911,1,20260914,1,20260915,1,20260916,1,20260917,1,20260918,1,20260921,1,20260922,1,20260923,1,20260924,1,20260925,1,20260928,1,20260929,1,20260930,1,20261001,1,20261002,1,20261005,1,20261006,1,20261007,1,20261008,1,20261009,1,20261013,1,20261014,1,20261015,1,20261016,1,20261019,1,20261020,1,20261021,1,20261022,1,20261023,1,20261026,1,20261027,1,20261028,1,20261029,1,20261030,1,20261102,1,20261103,1,20261104,1,20261105,1,20261106,1,20261109,1,20261110,1,20261111,1,20261112,1,20261113,1,20261116,1,20261117,1,20261118,1,20261119,1,20261120,1,20261123,1,20261124,1,20261125,1,20261126,1,20261127,1,20261130,1,20261201,1,20261202,1,20261203,1,20261204,1,20261207,1,20261208,1,20261209,1,20261210,1,20261211,1,20261214,1,20261215,1,20261216,1,20261217,1,20261218,1,20261221,1,20261222,1,20261223,1,20261224,1,20261228,1,20261229,1,20261230,1,20261231,1
'1495610',20260910,1,20260911,1,20260914,1,20260915,1,20260916,1,20260917,1,20260918,1,20260921,1,20260922,1,20260923,1,20260924,1,20260925,1,20260928,1,20260929,1,20260930,1,20261001,1,20261002,1,20261005,1,20261006,1,20261007,1,20261008,1,20261009,1,20261013,1,20261014,1,20261015,1,20261016,1,20261019,1,20261020,1,20261021,1,20261022,1,20261023,1,20261026,1,20261027,1,20261028,1,20261029,1,20261030,1,20261102,1,20261103,1,20261104,1,20261105,1,20261106,1,20261109,1,20261110,1,20261111,1,20261112,1,20261113,1,20261116,1,20261117,1,20261118,1,20261119,1,20261120,1,20261123,1,20261124,1,20261125,1,20261126,1,20261127,1,20261130,1,20261201,1,20261202,1,20261203,1,20261204,1,20261207,1,20261208,1,20261209,1,20261210,1,20261211,1,20261214,1,20261215,1,20261216,1,20261217,1,20261218,1,20261221,1,20261222,1,20261223,1,20261224,1,20261228,1,20261229,1,20261230,1,20261231,1
'1495611',20260910,1,20260911,1,20260914,1,20260915,1,20260916,1,20260917,1,20260918,1,20260921,1,20260922,1,20260923,1,20260924,1,20260925,1,20260928,1,20260929,1,20260930,1,20261001,1,20261002,1,20261005,1,20261006,1,20261007,1,20261008,1,20261009,1,20261013,1,20261014,1,20261015,1,20261016,1,20261019,1,20261020,1,20261021,1,20261022,1,20261023,1,20261026,1,20261027,1,20261028,1,20261029,1,20261030,1,20261102,1,20261103,1,20261104,1,20261105,1,20261106,1,20261109,1,20261110,1,20261111,1,20261112,1,20261113,1,20261116,1,20261117,1,20261118,1,20261119,1,20261120,1,20261123,1,20261124,1,20261125,1,20261126,1,20261127,1,20261130,1,20261201,1,20261202,1,20261203,1,20261204,1,20261207,1,20261208,1,20261209,1,20261210,1,20261211,1,20261214,1,20261215,1,20261216,1,20261217,1,20261218,1,20261221,1,20261222,1,20261223,1,20261224,1,20261228,1,20261229,1,20261230,1,20261231,1
'1495612',20260910,1,20260911,1,20260914,1,20260915,1,20260916,1,20260917,1,20260918,1,20260921,1,20260922,1,20260923,1,20260924,1,20260925,1,20260928,1,20260929,1,20260930,1,20261001,1,20261002,1,20261005,1,20261006,1,20261007,1,20261008,1,20261009,1,20261013,1,20261014,1,20261015,1,20261016,1,20261019,1,20261020,1,20261021,1,20261022,1,20261023,1,20261026,1,20261027,1,20261028,1,20261029,1,20261030,1,20261102,1,20261103,1,20261104,1,20261105,1,20261106,1,20261109,1,20261110,1,20261111,1,20261112,1,20261113,1,20261116,1,20261117,1,20261118,1,20261119,1,20261120,1,20261123,1,20261124,1,20261125,1,20261126,1,20261127,1,20261130,1,20261201,1,20261202,1,20261203,1,20261204,1,20261207,1,20261208,1,20261209,1,20261210,1,20261211,1,20261214,1,20261215,1,20261216,1,20261217,1,20261218,1,20261221,1,20261222,1,20261223,1,20261224,1,20261228,1,20261229,1,20261230,1,20261231,1
'1495613',20260910,1,20260911,1,20260914,1,20260915,1,20260916,1,20260917,1,20260918,1,20260921,1,20260922,1,20260923,1,20260924,1,20260925,1,20260928,1,20260929,1,20260930,1,20261001,1,20261002,1,20261005,1,20261006,1,20261007,1,20261008,1,20261009,1,20261013,1,20261014,1,20261015,1,20261016,1,20261019,1,20261020,1,20261021,1,20261022,1,20261023,1,20261026,1,20261027,1,20261028,1,20261029,1,20261030,1,20261102,1,20261103,1,20261104,1,20261105,1,20261106,1,20261109,1,20261110,1,20261111,1,20261112,1,20261113,1,20261116,1,20261117,1,20261118,1,20261119,1,20261120,1,20261123,1,20261124,1,20261125,1,20261126,1,20261127,1,20261130,1,20261201,1,20261202,1,20261203,1,20261204,1,20261207,1,20261208,1,20261209,1,20261210,1,20261211,1,20261214,1,20261215,1,20261216,1,20261217,1,20261218,1,20261221,1,20261222,1,20261223,1,20261224,1,20261228,1,20261229,1,20261230,1,20261231,1
'1495614',20260910,1,20260911,1,20260914,1,20260915,1,20260916,1,20260917,1,20260918,1,20260921,1,20260922,1,20260923,1,20260924,1,20260925,1,20260928,1,20260929,1,20260930,1,20261001,1,20261002,1,20261005,1,20261006,1,20261007,1,20261008,1,20261009,1,20261013,1,20261014,1,20261015,1,20261016,1,20261019,1,20261020,1,20261021,1,20261022,1,20261023,1,20261026,1,20261027,1,20261028,1,20261029,1,20261030,1,20261102,1,20261103,1,20261104,1,20261105,1,20261106,1,20261109,1,20261110,1,20261111,1,20261112,1,20261113,1,20261116,1,20261117,1,20261118,1,20261119,1,20261120,1,20261123,1,20261124,1,20261125,1,20261126,1,20261127,1,20261130,1,20261201,1,20261202,1,20261203,1,20261204,1,20261207,1,20261208,1,20261209,1,20261210,1,20261211,1,20261214,1,20261215,1,20261216,1,20261217,1,20261218,1,20261221,1,20261222,1,20261223,1,20261224,1,20261228,1,20261229,1,20261230,1,20261231,1
'1495615',20260910,1,20260911,1,20260914,1,20260915,1,20260916,1,20260917,1,20260918,1,20260921,1,20260922,1,20260923,1,20260924,1,20260925,1,20260928,1,20260929,1,20260930,1,20261001,1,20261002,1,20261005,1,20261006,1,20261007,1,20261008,1,20261009,1,20261013,1,20261014,1,20261015,1,20261016,1,20261019,1,20261020,1,20261021,1,20261022,1,20261023,1,20261026,1,20261027,1,20261028,1,20261029,1,20261030,1,20261102,1,20261103,1,20261104,1,20261105,1,20261106,1,20261109,1,20261110,1,20261111,1,20261112,1,20261113,1,20261116,1,20261117,1,20261118,1,20261119,1,20261120,1,20261123,1,20261124,1,20261125,1,20261126,1,20261127,1,20261130,1,20261201,1,20261202,1,20261203,1,20261204,1,20261207,1,20261208,1,20261209,1,20261210,1,20261211,1,20261214,1,20261215,1,20261216,1,20261217,1,20261218,1,20261221,1,20261222,1,20261223,1,20261224,1,20261228,1,20261229,1,20261230,1,20261231,1
'1495616',20260910,1,20260911,1,20260914,1,20260915,1,20260916,1,20260917,1,20260918,1,20260921,1,20260922,1,20260923,1,20260924,1,20260925,1,20260928,1,20260929,1,20260930,1,20261001,1,20261002,1,20261005,1,20261006,1,20261007,1,20261008,1,20261009,1,20261013,1,20261014,1,20261015,1,20261016,1,20261019,1,20261020,1,20261021,1,20261022,1,20261023,1,20261026,1,20261027,1,20261028,1,20261029,1,20261030,1,20261102,1,20261103,1,20261104,1,20261105,1,20261106,1,20261109,1,20261110,1,20261111,1,20261112,1,20261113,1,20261116,1,20261117,1,20261118,1,20261119,1,20261120,1,20261123,1,20261124,1,20261125,1,20261126,1,20261127,1,20261130,1,20261201,1,20261202,1,20261203,1,20261204,1,20261207,1,20261208,1,20261209,1,20261210,1,20261211,1,20261214,1,20261215,1,20261216,1,20261217,1,20261218,1,20261221,1,20261222,1,20261223,1,20261224,1,20261228,1,20261229,1,20261230,1,20261231,1
'1495617',20260910,1,20260911,1,20260914,1,20260915,1,20260916,1,20260917,1,20260918,1,20260921,1,20260922,1,20260923,1,20260924,1,20260925,1,20260928,1,20260929,1,20260930,1,20261001,1,20261002,1,20261005,1,20261006,1,20261007,1,20261008,1,20261009,1,20261013,1,20261014,1,20261015,1,20261016,1,20261019,1,20261020,1,20261021,1,20261022,1,20261023,1,20261026,1,20261027,1,20261028,1,20261029,1,20261030,1,20261102,1,20261103,1,20261104,1,20261105,1,20261106,1,20261109,1,20261110,1,20261111,1,20261112,1,20261113,1,20261116,1,20261117,1,20261118,1,20261119,1,20261120,1,20261123,1,20261124,1,20261125,1,20261126,1,20261127,1,20261130,1,20261201,1,20261202,1,20261203,1,20261204,1,20261207,1,20261208,1,20261209,1,20261210,1,20261211,1,20261214,1,20261215,1,20261216,1,20261217,1,20261218,1,20261221,1,20261222,1,20261223,1,20261224,1,20261228,1,20261229,1,20261230,1,20261231,1
'1495618',20260910,1,20260911,1,20260914,1,20260915,1,20260916,1,20260917,1,20260918,1,20260921,1,20260922,1,20260923,1,20260924,1,20260925,1,20260928,1,20260929,1,20260930,1,20261001,1,20261002,1,20261005,1,20261006,1,20261007,1,20261008,1,20261009,1,20261013,1,20261014,1,20261015,1,20261016,1,20261019,1,20261020,1,20261021,1,20261022,1,20261023,1,20261026,1,20261027,1,20261028,1,20261029,1,20261030,1,20261102,1,20261103,1,20261104,1,20261105,1,20261106,1,20261109,1,20261110,1,20261111,1,20261112,1,20261113,1,20261116,1,20261117,1,20261118,1,20261119,1,20261120,1,20261123,1,20261124,1,20261125,1,20261126,1,20261127,1,20261130,1,20261201,1,20261202,1,20261203,1,20261204,1,20261207,1,20261208,1,20261209,1,20261210,1,20261211,1,20261214,1,20261215,1,20261216,1,20261217,1,20261218,1,20261221,1,20261222,1,20261223,1,20261224,1,20261228,1,20261229,1,20261230,1,20261231,1
'1495619',20260910,1,20260911,1,20260914,1,20260915,1,20260916,1,20260917,1,20260918,1,20260921,1,20260922,1,20260923,1,20260924,1,20260925,1,20260928,1,20260929,1,20260930,1,20261001,1,20261002,1,20261005,1,20261006,1,20261007,1,20261008,1,20261009,1,20261013,1,20261014,1,20261015,1,20261016,1,20261019,1,20261020,1,20261021,1,20261022,1,20261023,1,20261026,1,20261027,1,20261028,1,20261029,1,20261030,1,20261102,1,20261103,1,20261104,1,20261105,1,20261106,1,20261109,1,20261110,1,20261111,1,20261112,1,20261113,1,20261116,1,20261117,1,20261118,1,20261119,1,20261120,1,20261123,1,20261124,1,20261125,1,20261126,1,20261127,1,20261130,1,20261201,1,20261202,1,20261203,1,20261204,1,20261207,1,20261208,1,20261209,1,20261210,1,20261211,1,20261214,1,20261215,1,20261216,1,20261217,1,20261218,1,20261221,1,20261222,1,20261223,1,20261224,1,20261228,1,20261229,1,20261230,1,20261231,1
'1495620',20260910,1,20260911,1,20260914,1,20260915,1,20260916,1,20260917,1,20260918,1,20260921,1,20260922,1,20260923,1,20260924,1,20260925,1,20260928,1,20260929,1,20260930,1,20261001,1,20261002,1,20261005,1,20261006,1,20261007,1,20261008,1,20261009,1,20261013,1,20261014,1,20261015,1,20261016,1,20261019,1,20261020,1,20261021,1,20261022,1,20261023,1,20261026,1,20261027,1,20261028,1,20261029,1,20261030,1,20261102,1,20261103,1,20261104,1,20261105,1,20261106,1,20261109,1,20261110,1,20261111,1,20261112,1,20261113,1,20261116,1,20261117,1,20261118,1,20261119,1,20261120,1,20261123,1,20261124,1,20261125,1,20261126,1,20261127,1,20261130,1,20261201,1,20261202,1,20261203,1,20261204,1,20261207,1,20261208,1,20261209,1,20261210,1,20261211,1,20261214,1,20261215,1,20261216,1,20261217,1,20261218,1,20261221,1,20261222,1,20261223,1,20261224,1,20261228,1,20261229,1,20261230,1,20261231,1
'1495621',20260910,1,20260911,1,20260914,1,20260915,1,20260916,1,20260917,1,20260918,1,20260921,1,20260922,1,20260923,1,20260924,1,20260925,1,20260928,1,20260929,1,20260930,1,20261001,1,20261002,1,20261005,1,20261006,1,20261007,1,20261008,1,20261009,1,20261013,1,20261014,1,20261015,1,20261016,1,20261019,1,20261020,1,20261021,1,20261022,1,20261023,1,20261026,1,20261027,1,20261028,1,20261029,1,20261030,1,20261102,1,20261103,1,20261104,1,20261105,1,20261106,1,20261109,1,20261110,1,20261111,1,20261112,1,20261113,1,20261116,1,20261117,1,20261118,1,20261119,1,20261120,1,20261123,1,20261124,1,20261125,1,20261126,1,20261127,1,20261130,1,20261201,1,20261202,1,20261203,1,20261204,1,20261207,1,20261208,1,20261209,1,20261210,1,20261211,1,20261214,1,20261215,1,20261216,1,20261217,1,20261218,1,20261221,1,20261222,1,20261223,1,20261224,1,20261228,1,20261229,1,20261230,1,20261231,1
'1495622',20260910,1,20260911,1,20260914,1,20260915,1,20260916,1,20260917,1,20260918,1,20260921,1,20260922,1,20260923,1,20260924,1,20260925,1,20260928,1,20260929,1,20260930,1,20261001,1,20261002,1,20261005,1,20261006,1,20261007,1,20261008,1,20261009,1,20261013,1,20261014,1,20261015,1,20261016,1,20261019,1,20261020,1,20261021,1,20261022,1,20261023,1,20261026,1,20261027,1,20261028,1,20261029,1,20261030,1,20261102,1,20261103,1,20261104,1,20261105,1,20261106,1,20261109,1,20261110,1,20261111,1,20261112,1,20261113,1,20261116,1,20261117,1,20261118,1,20261119,1,20261120,1,20261123,1,20261124,1,20261125,1,20261126,1,20261127,1,20261130,1,20261201,1,20261202,1,20261203,1,20261204,1,20261207,1,20261208,1,20261209,1,20261210,1,20261211,1,20261214,1,20261215,1,20261216,1,20261217,1,20261218,1,20261221,1,20261222,1,20261223,1,20261224,1,20261228,1,20261229,1,20261230,1,20261231,1
'1495623',20260910,1,20260911,1,20260914,1,20260915,1,20260916,1,20260917,1,20260918,1,20260921,1,20260922,1,20260923,1,20260924,1,20260925,1,20260928,1,20260929,1,20260930,1,20261001,1,20261002,1,20261005,1,20261006,1,20261007,1,20261008,1,20261009,1,20261013,1,20261014,1,20261015,1,20261016,1,20261019,1,20261020,1,20261021,1,20261022,1,20261023,1,20261026,1,20261027,1,20261028,1,20261029,1,20261030,1,20261102,1,20261103,1,20261104,1,20261105,1,20261106,1,20261109,1,20261110,1,20261111,1,20261112,1,20261113,1,20261116,1,20261117,1,20261118,1,20261119,1,20261120,1,20261123,1,20261124,1,20261125,1,20261126,1,20261127,1,20261130,1,20261201,1,20261202,1,20261203,1,20261204,1,20261207,1,20261208,1,20261209,1,20261210,1,20261211,1,20261214,1,20261215,1,20261216,1,20261217,1,20261218,1,20261221,1,20261222,1,20261223,1,20261224,1,20261228,1,20261229,1,20261230,1,20261231,1
'1495624',20260910,1,20260911,1,20260914,1,20260915,1,20260916,1,20260917,1,20260918,1,20260921,1,20260922,1,20260923,1,20260924,1,20260925,1,20260928,1,20260929,1,20260930,1,20261001,1,20261002,1,20261005,1,20261006,1,20261007,1,20261008,1,20261009,1,20261013,1,20261014,1,20261015,1,20261016,1,20261019,1,20261020,1,20261021,1,20261022,1,20261023,1,20261026,1,20261027,1,20261028,1,20261029,1,20261030,1,20261102,1,20261103,1,20261104,1,20261105,1,20261106,1,20261109,1,20261110,1,20261111,1,20261112,1,20261113,1,20261116,1,20261117,1,20261118,1,20261119,1,20261120,1,20261123,1,20261124,1,20261125,1,20261126,1,20261127,1,20261130,1,20261201,1,20261202,1,20261203,1,20261204,1,20261207,1,20261208,1,20261209,1,20261210,1,20261211,1,20261214,1,20261215,1,20261216,1,20261217,1,20261218,1,20261221,1,20261222,1,20261223,1,20261224,1,20261228,1,20261229,1,20261230,1,20261231,1
'1495625',20260910,1,20260911,1,20260914,1,20260915,1,20260916,1,20260917,1,20260918,1,20260921,1,20260922,1,20260923,1,20260924,1,20260925,1,20260928,1,20260929,1,20260930,1,20261001,1,20261002,1,20261005,1,20261006,1,20261007,1,20261008,1,20261009,1,20261013,1,20261014,1,20261015,1,20261016,1,20261019,1,20261020,1,20261021,1,20261022,1,20261023,1,20261026,1,20261027,1,20261028,1,20261029,1,20261030,1,20261102,1,20261103,1,20261104,1,20261105,1,20261106,1,20261109,1,20261110,1,20261111,1,20261112,1,20261113,1,20261116,1,20261117,1,20261118,1,20261119,1,20261120,1,20261123,1,20261124,1,20261125,1,20261126,1,20261127,1,20261130,1,20261201,1,20261202,1,20261203,1,20261204,1,20261207,1,20261208,1,20261209,1,20261210,1,20261211,1,20261214,1,20261215,1,20261216,1,20261217,1,20261218,1,20261221,1,20261222,1,20261223,1,20261224,1,20261228,1,20261229,1,20261230,1,20261231,1
'1495626',20260910,1,20260911,1,20260914,1,20260915,1,20260916,1,20260917,1,20260918,1,20260921,1,20260922,1,20260923,1,20260924,1,20260925,1,20260928,1,20260929,1,20260930,1,20261001,1,20261002,1,20261005,1,20261006,1,20261007,1,20261008,1,20261009,1,20261013,1,20261014,1,20261015,1,20261016,1,20261019,1,20261020,1,20261021,1,20261022,1,20261023,1,20261026,1,20261027,1,20261028,1,20261029,1,20261030,1,20261102,1,20261103,1,20261104,1,20261105,1,20261106,1,20261109,1,20261110,1,20261111,1,20261112,1,20261113,1,20261116,1,20261117,1,20261118,1,20261119,1,20261120,1,20261123,1,20261124,1,20261125,1,20261126,1,20261127,1,20261130,1,20261201,1,20261202,1,20261203,1,20261204,1,20261207,1,20261208,1,20261209,1,20261210,1,20261211,1,20261214,1,20261215,1,20261216,1,20261217,1,20261218,1,20261221,1,20261222,1,20261223,1,20261224,1,20261228,1,20261229,1,20261230,1,20261231,1
'1495627',20260910,1,20260911,1,20260914,1,20260915,1,20260916,1,20260917,1,20260918,1,20260921,1,20260922,1,20260923,1,20260924,1,20260925,1,20260928,1,20260929,1,20260930,1,20261001,1,20261002,1,20261005,1,20261006,1,20261007,1,20261008,1,20261009,1,20261013,1,20261014,1,20261015,1,20261016,1,20261019,1,20261020,1,20261021,1,20261022,1,20261023,1,20261026,1,20261027,1,20261028,1,20261029,1,20261030,1,20261102,1,20261103,1,20261104,1,20261105,1,20261106,1,20261109,1,20261110,1,20261111,1,20261112,1,20261113,1,20261116,1,20261117,1,20261118,1,20261119,1,20261120,1,20261123,1,20261124,1,20261125,1,20261126,1,20261127,1,20261130,1,20261201,1,20261202,1,20261203,1,20261204,1,20261207,1,20261208,1,20261209,1,20261210,1,20261211,1,20261214,1,20261215,1,20261216,1,20261217,1,20261218,1,20261221,1,20261222,1,20261223,1,20261224,1,20261228,1,20261229,1,20261230,1,20261231,1
'1495628',20260910,1,20260911,1,20260914,1,20260915,1,20260916,1,20260917,1,20260918,1,20260921,1,20260922,1,20260923,1,20260924,1,20260925,1,20260928,1,20260929,1,20260930,1,20261001,1,20261002,1,20261005,1,20261006,1,20261007,1,20261008,1,20261009,1,20261013,1,20261014,1,20261015,1,20261016,1,20261019,1,20261020,1,20261021,1,20261022,1,20261023,1,20261026,1,20261027,1,20261028,1,20261029,1,20261030,1,20261102,1,20261103,1,20261104,1,20261105,1,20261106,1,20261109,1,20261110,1,20261111,1,20261112,1,20261113,1,20261116,1,20261117,1,20261118,1,20261119,1,20261120,1,20261123,1,20261124,1,20261125,1,20261126,1,20261127,1,20261130,1,20261201,1,20261202,1,20261203,1,20261204,1,20261207,1,20261208,1,20261209,1,20261210,1,20261211,1,20261214,1,20261215,1,20261216,1,20261217,1,20261218,1,20261221,1,20261222,1,20261223,1,20261224,1,20261228,1,20261229,1,20261230,1,20261231,1
'1495629',20260910,1,20260911,1,20260914,1,20260915,1,20260916,1,20260917,1,20260918,1,20260921,1,20260922,1,20260923,1,20260924,1,20260925,1,20260928,1,20260929,1,20260930,1,20261001,1,20261002,1,20261005,1,20261006,1,20261007,1,20261008,1,20261009,1,20261013,1,20261014,1,20261015,1,20261016,1,20261019,1,20261020,1,20261021,1,20261022,1,20261023,1,20261026,1,20261027,1,20261028,1,20261029,1,20261030,1,20261102,1,20261103,1,20261104,1,20261105,1,20261106,1,20261109,1,20261110,1,20261111,1,20261112,1,20261113,1,20261116,1,20261117,1,20261118,1,20261119,1,20261120,1,20261123,1,20261124,1,20261125,1,20261126,1,20261127,1,20261130,1,20261201,1,20261202,1,20261203,1,20261204,1,20261207,1,20261208,1,20261209,1,20261210,1,20261211,1,20261214,1,20261215,1,20261216,1,20261217,1,20261218,1,20261221,1,20261222,1,20261223,1,20261224,1,20261228,1,20261229,1,20261230,1,20261231,1
'1495630',20260910,1,20260911,1,20260914,1,20260915,1,20260916,1,20260917,1,20260918,1,20260921,1,20260922,1,20260923,1,20260924,1,20260925,1,20260928,1,20260929,1,20260930,1,20261001,1,20261002,1,20261005,1,20261006,1,20261007,1,20261008,1,20261009,1,20261013,1,20261014,1,20261015,1,20261016,1,20261019,1,20261020,1,20261021,1,20261022,1,20261023,1,20261026,1,20261027,1,20261028,1,20261029,1,20261030,1,20261102,1,20261103,1,20261104,1,20261105,1,20261106,1,20261109,1,20261110,1,20261111,1,20261112,1,20261113,1,20261116,1,20261117,1,20261118,1,20261119,1,20261120,1,20261123,1,20261124,1,20261125,1,20261126,1,20261127,1,20261130,1,20261201,1,20261202,1,20261203,1,20261204,1,20261207,1,20261208,1,20261209,1,20261210,1,20261211,1,20261214,1,20261215,1,20261216,1,20261217,1,20261218,1,20261221,1,20261222,1,20261223,1,20261224,1,20261228,1,20261229,1,20261230,1,20261231,1
'1495631',20260910,1,20260911,1,20260914,1,20260915,1,20260916,1,20260917,1,20260918,1,20260921,1,20260922,1,20260923,1,20260924,1,20260925,1,20260928,1,20260929,1,20260930,1,20261001,1,20261002,1,20261005,1,20261006,1,20261007,1,20261008,1,20261009,1,20261013,1,20261014,1,20261015,1,20261016,1,20261019,1,20261020,1,20261021,1,20261022,1,20261023,1,20261026,1,20261027,1,20261028,1,20261029,1,20261030,1,20261102,1,20261103,1,20261104,1,20261105,1,20261106,1,20261109,1,20261110,1,20261111,1,20261112,1,20261113,1,20261116,1,20261117,1,20261118,1,20261119,1,20261120,1,20261123,1,20261124,1,20261125,1,20261126,1,20261127,1,20261130,1,20261201,1,20261202,1,20261203,1,20261204,1,20261207,1,20261208,1,20261209,1,20261210,1,20261211,1,20261214,1,20261215,1,20261216,1,20261217,1,20261218,1,20261221,1,20261222,1,20261223,1,20261224,1,20261228,1,20261229,1,20261230,1,20261231,1
'1495632',20260910,1,20260911,1,20260914,1,20260915,1,20260916,1,20260917,1,20260918,1,20260921,1,20260922,1,20260923,1,20260924,1,20260925,1,20260928,1,20260929,1,20260930,1,20261001,1,20261002,1,20261005,1,20261006,1,20261007,1,20261008,1,20261009,1,20261013,1,20261014,1,20261015,1,20261016,1,20261019,1,20261020,1,20261021,1,20261022,1,20261023,1,20261026,1,20261027,1,20261028,1,20261029,1,20261030,1,20261102,1,20261103,1,20261104,1,20261105,1,20261106,1,20261109,1,20261110,1,20261111,1,20261112,1,20261113,1,20261116,1,20261117,1,20261118,1,20261119,1,20261120,1,20261123,1,20261124,1,20261125,1,20261126,1,20261127,1,20261130,1,20261201,1,20261202,1,20261203,1,20261204,1,20261207,1,20261208,1,20261209,1,20261210,1,20261211,1,20261214,1,20261215,1,20261216,1,20261217,1,20261218,1,20261221,1,20261222,1,20261223,1,20261224,1,20261228,1,20261229,1,20261230,1,20261231,1
'1495633',20260910,1,20260911,1,20260914,1,20260915,1,20260916,1,20260917,1,20260918,1,20260921,1,20260922,1,20260923,1,20260924,1,20260925,1,20260928,1,20260929,1,20260930,1,20261001,1,20261002,1,20261005,1,20261006,1,20261007,1,20261008,1,20261009,1,20261013,1,20261014,1,20261015,1,20261016,1,20261019,1,20261020,1,20261021,1,20261022,1,20261023,1,20261026,1,20261027,1,20261028,1,20261029,1,20261030,1,20261102,1,20261103,1,20261104,1,20261105,1,20261106,1,20261109,1,20261110,1,20261111,1,20261112,1,20261113,1,20261116,1,20261117,1,20261118,1,20261119,1,20261120,1,20261123,1,20261124,1,20261125,1,20261126,1,20261127,1,20261130,1,20261201,1,20261202,1,20261203,1,20261204,1,20261207,1,20261208,1,20261209,1,20261210,1,20261211,1,20261214,1,20261215,1,20261216,1,20261217,1,20261218,1,20261221,1,20261222,1,20261223,1,20261224,1,20261228,1,20261229,1,20261230,1,20261231,1
'1495634',20260910,1,20260911,1,20260914,1,20260915,1,20260916,1,20260917,1,20260918,1,20260921,1,20260922,1,20260923,1,20260924,1,20260925,1,20260928,1,20260929,1,20260930,1,20261001,1,20261002,1,20261005,1,20261006,1,20261007,1,20261008,1,20261009,1,20261013,1,20261014,1,20261015,1,20261016,1,20261019,1,20261020,1,20261021,1,20261022,1,20261023,1,20261026,1,20261027,1,20261028,1,20261029,1,20261030,1,20261102,1,20261103,1,20261104,1,20261105,1,20261106,1,20261109,1,20261110,1,20261111,1,20261112,1,20261113,1,20261116,1,20261117,1,20261118,1,20261119,1,20261120,1,20261123,1,20261124,1,20261125,1,20261126,1,20261127,1,20261130,1,20261201,1,20261202,1,20261203,1,20261204,1,20261207,1,20261208,1,20261209,1,20261210,1,20261211,1,20261214,1,20261215,1,20261216,1,20261217,1,20261218,1,20261221,1,20261222,1,20261223,1,20261224,1,20261228,1,20261229,1,20261230,1,20261231,1
'1495635',20260910,1,20260911,1,20260914,1,20260915,1,20260916,1,20260917,1,20260918,1,20260921,1,20260922,1,20260923,1,20260924,1,20260925,1,20260928,1,20260929,1,20260930,1,20261001,1,20261002,1,20261005,1,20261006,1,20261007,1,20261008,1,20261009,1,20261013,1,20261014,1,20261015,1,20261016,1,20261019,1,20261020,1,20261021,1,20261022,1,20261023,1,20261026,1,20261027,1,20261028,1,20261029,1,20261030,1,20261102,1,20261103,1,20261104,1,20261105,1,20261106,1,20261109,1,20261110,1,20261111,1,20261112,1,20261113,1,20261116,1,20261117,1,20261118,1,20261119,1,20261120,1,20261123,1,20261124,1,20261125,1,20261126,1,20261127,1,20261130,1,20261201,1,20261202,1,20261203,1,20261204,1,20261207,1,20261208,1,20261209,1,20261210,1,20261211,1,20261214,1,20261215,1,20261216,1,20261217,1,20261218,1,20261221,1,20261222,1,20261223,1,20261224,1,20261228,1,20261229,1,20261230,1,20261231,1
'1495636',20260910,1,20260911,1,20260914,1,20260915,1,20260916,1,20260917,1,20260918,1,20260921,1,20260922,1,20260923,1,20260924,1,20260925,1,20260928,1,20260929,1,20260930,1,20261001,1,20261002,1,20261005,1,20261006,1,20261007,1,20261008,1,20261009,1,20261013,1,20261014,1,20261015,1,20261016,1,20261019,1,20261020,1,20261021,1,20261022,1,20261023,1,20261026,1,20261027,1,20261028,1,20261029,1,20261030,1,20261102,1,20261103,1,20261104,1,20261105,1,20261106,1,20261109,1,20261110,1,20261111,1,20261112,1,20261113,1,20261116,1,20261117,1,20261118,1,20261119,1,20261120,1,20261123,1,20261124,1,20261125,1,20261126,1,20261127,1,20261130,1,20261201,1,20261202,1,20261203,1,20261204,1,20261207,1,20261208,1,20261209,1,20261210,1,20261211,1,20261214,1,20261215,1,20261216,1,20261217,1,20261218,1,20261221,1,20261222,1,20261223,1,20261224,1,20261228,1,20261229,1,20261230,1,20261231,1
'1495637',20260910,1,20260911,1,20260914,1,20260915,1,20260916,1,20260917,1,20260918,1,20260921,1,20260922,1,20260923,1,20260924,1,20260925,1,20260928,1,20260929,1,20260930,1,20261001,1,20261002,1,20261005,1,20261006,1,20261007,1,20261008,1,20261009,1,20261013,1,20261014,1,20261015,1,20261016,1,20261019,1,20261020,1,20261021,1,20261022,1,20261023,1,20261026,1,20261027,1,20261028,1,20261029,1,20261030,1,20261102,1,20261103,1,20261104,1,20261105,1,20261106,1,20261109,1,20261110,1,20261111,1,20261112,1,20261113,1,20261116,1,20261117,1,20261118,1,20261119,1,20261120,1,20261123,1,20261124,1,20261125,1,20261126,1,20261127,1,20261130,1,20261201,1,20261202,1,20261203,1,20261204,1,20261207,1,20261208,1,20261209,1,20261210,1,20261211,1,20261214,1,20261215,1,20261216,1,20261217,1,20261218,1,20261221,1,20261222,1,20261223,1,20261224,1,20261228,1,20261229,1,20261230,1,20261231,1
'1495638',20260910,1,20260911,1,20260914,1,20260915,1,20260916,1,20260917,1,20260918,1,20260921,1,20260922,1,20260923,1,20260924,1,20260925,1,20260928,1,20260929,1,20260930,1,20261001,1,20261002,1,20261005,1,20261006,1,20261007,1,20261008,1,20261009,1,20261013,1,20261014,1,20261015,1,20261016,1,20261019,1,20261020,1,20261021,1,20261022,1,20261023,1,20261026,1,20261027,1,20261028,1,20261029,1,20261030,1,20261102,1,20261103,1,20261104,1,20261105,1,20261106,1,20261109,1,20261110,1,20261111,1,20261112,1,20261113,1,20261116,1,20261117,1,20261118,1,20261119,1,20261120,1,20261123,1,20261124,1,20261125,1,20261126,1,20261127,1,20261130,1,20261201,1,20261202,1,20261203,1,20261204,1,20261207,1,20261208,1,20261209,1,20261210,1,20261211,1,20261214,1,20261215,1,20261216,1,20261217,1,20261218,1,20261221,1,20261222,1,20261223,1,20261224,1,20261228,1,20261229,1,20261230,1,20261231,1
'1495639',20260910,1,20260911,1,20260914,1,20260915,1,20260916,1,20260917,1,20260918,1,20260921,1,20260922,1,20260923,1,20260924,1,20260925,1,20260928,1,20260929,1,20260930,1,20261001,1,20261002,1,20261005,1,20261006,1,20261007,1,20261008,1,20261009,1,20261013,1,20261014,1,20261015,1,20261016,1,20261019,1,20261020,1,20261021,1,20261022,1,20261023,1,20261026,1,20261027,1,20261028,1,20261029,1,20261030,1,20261102,1,20261103,1,20261104,1,20261105,1,20261106,1,20261109,1,20261110,1,20261111,1,20261112,1,20261113,1,20261116,1,20261117,1,20261118,1,20261119,1,20261120,1,20261123,1,20261124,1,20261125,1,20261126,1,20261127,1,20261130,1,20261201,1,20261202,1,20261203,1,20261204,1,20261207,1,20261208,1,20261209,1,20261210,1,20261211,1,20261214,1,20261215,1,20261216,1,20261217,1,20261218,1,20261221,1,20261222,1,20261223,1,20261224,1,20261228,1,20261229,1,20261230,1,20261231,1
'1495640',20260910,1,20260911,1,20260914,1,20260915,1,20260916,1,20260917,1,20260918,1,20260921,1,20260922,1,20260923,1,20260924,1,20260925,1,20260928,1,20260929,1,20260930,1,20261001,1,20261002,1,20261005,1,20261006,1,20261007,1,20261008,1,20261009,1,20261013,1,20261014,1,20261015,1,20261016,1,20261019,1,20261020,1,20261021,1,20261022,1,20261023,1,20261026,1,20261027,1,20261028,1,20261029,1,20261030,1,20261102,1,20261103,1,20261104,1,20261105,1,20261106,1,20261109,1,20261110,1,20261111,1,20261112,1,20261113,1,20261116,1,20261117,1,20261118,1,20261119,1,20261120,1,20261123,1,20261124,1,20261125,1,20261126,1,20261127,1,20261130,1,20261201,1,20261202,1,20261203,1,20261204,1,20261207,1,20261208,1,20261209,1,20261210,1,20261211,1,20261214,1,20261215,1,20261216,1,20261217,1,20261218,1,20261221,1,20261222,1,20261223,1,20261224,1,20261228,1,20261229,1,20261230,1,20261231,1
'1495641',20260910,1,20260911,1,20260914,1,20260915,1,20260916,1,20260917,1,20260918,1,20260921,1,20260922,1,20260923,1,20260924,1,20260925,1,20260928,1,20260929,1,20260930,1,20261001,1,20261002,1,20261005,1,20261006,1,20261007,1,20261008,1,20261009,1,20261013,1,20261014,1,20261015,1,20261016,1,20261019,1,20261020,1,20261021,1,20261022,1,20261023,1,20261026,1,20261027,1,20261028,1,20261029,1,20261030,1,20261102,1,20261103,1,20261104,1,20261105,1,20261106,1,20261109,1,20261110,1,20261111,1,20261112,1,20261113,1,20261116,1,20261117,1,20261118,1,20261119,1,20261120,1,20261123,1,20261124,1,20261125,1,20261126,1,20261127,1,20261130,1,20261201,1,20261202,1,20261203,1,20261204,1,20261207,1,20261208,1,20261209,1,20261210,1,20261211,1,20261214,1,20261215,1,20261216,1,20261217,1,20261218,1,20261221,1,20261222,1,20261223,1,20261224,1,20261228,1,20261229,1,20261230,1,20261231,1
'1495642',20260910,1,20260911,1,20260914,1,20260915,1,20260916,1,20260917,1,20260918,1,20260921,1,20260922,1,20260923,1,20260924,1,20260925,1,20260928,1,20260929,1,20260930,1,20261001,1,20261002,1,20261005,1,20261006,1,20261007,1,20261008,1,20261009,1,20261013,1,20261014,1,20261015,1,20261016,1,20261019,1,20261020,1,20261021,1,20261022,1,20261023,1,20261026,1,20261027,1,20261028,1,20261029,1,20261030,1,20261102,1,20261103,1,20261104,1,20261105,1,20261106,1,20261109,1,20261110,1,20261111,1,20261112,1,20261113,1,20261116,1,20261117,1,20261118,1,20261119,1,20261120,1,20261123,1,20261124,1,20261125,1,20261126,1,20261127,1,20261130,1,20261201,1,20261202,1,20261203,1,20261204,1,20261207,1,20261208,1,20261209,1,20261210,1,20261211,1,20261214,1,20261215,1,20261216,1,20261217,1,20261218,1,20261221,1,20261222,1,20261223,1,20261224,1,20261228,1,20261229,1,20261230,1,20261231,1
'1495643',20260910,1,20260911,1,20260914,1,20260915,1,20260916,1,20260917,1,20260918,1,20260921,1,20260922,1,20260923,1,20260924,1,20260925,1,20260928,1,20260929,1,20260930,1,20261001,1,20261002,1,20261005,1,20261006,1,20261007,1,20261008,1,20261009,1,20261013,1,20261014,1,20261015,1,20261016,1,20261019,1,20261020,1,20261021,1,20261022,1,20261023,1,20261026,1,20261027,1,20261028,1,20261029,1,20261030,1,20261102,1,20261103,1,20261104,1,20261105,1,20261106,1,20261109,1,20261110,1,20261111,1,20261112,1,20261113,1,20261116,1,20261117,1,20261118,1,20261119,1,20261120,1,20261123,1,20261124,1,20261125,1,20261126,1,20261127,1,20261130,1,20261201,1,20261202,1,20261203,1,20261204,1,20261207,1,20261208,1,20261209,1,20261210,1,20261211,1,20261214,1,20261215,1,20261216,1,20261217,1,20261218,1,20261221,1,20261222,1,20261223,1,20261224,1,20261228,1,20261229,1,20261230,1,20261231,1
'1495644',20260910,1,20260911,1,20260914,1,20260915,1,20260916,1,20260917,1,20260918,1,20260921,1,20260922,1,20260923,1,20260924,1,20260925,1,20260928,1,20260929,1,20260930,1,20261001,1,20261002,1,20261005,1,20261006,1,20261007,1,20261008,1,20261009,1,20261013,1,20261014,1,20261015,1,20261016,1,20261019,1,20261020,1,20261021,1,20261022,1,20261023,1,20261026,1,20261027,1,20261028,1,20261029,1,20261030,1,20261102,1,20261103,1,20261104,1,20261105,1,20261106,1,20261109,1,20261110,1,20261111,1,20261112,1,20261113,1,20261116,1,20261117,1,20261118,1,20261119,1,20261120,1,20261123,1,20261124,1,20261125,1,20261126,1,20261127,1,20261130,1,20261201,1,20261202,1,20261203,1,20261204,1,20261207,1,20261208,1,20261209,1,20261210,1,20261211,1,20261214,1,20261215,1,20261216,1,20261217,1,20261218,1,20261221,1,20261222,1,20261223,1,20261224,1,20261228,1,20261229,1,20261230,1,20261231,1
'1495645',20260910,1,20260911,1,20260914,1,20260915,1,20260916,1,20260917,1,20260918,1,20260921,1,20260922,1,20260923,1,20260924,1,20260925,1,20260928,1,20260929,1,20260930,1,20261001,1,20261002,1,20261005,1,20261006,1,20261007,1,20261008,1,20261009,1,20261013,1,20261014,1,20261015,1,20261016,1,20261019,1,20261020,1,20261021,1,20261022,1,20261023,1,20261026,1,20261027,1,20261028,1,20261029,1,20261030,1,20261102,1,20261103,1,20261104,1,20261105,1,20261106,1,20261109,1,20261110,1,20261111,1,20261112,1,20261113,1,20261116,1,20261117,1,20261118,1,20261119,1,20261120,1,20261123,1,20261124,1,20261125,1,20261126,1,20261127,1,20261130,1,20261201,1,20261202,1,20261203,1,20261204,1,20261207,1,20261208,1,20261209,1,20261210,1,20261211,1,20261214,1,20261215,1,20261216,1,20261217,1,20261218,1,20261221,1,20261222,1,20261223,1,20261224,1,20261228,1,20261229,1,20261230,1,20261231,1
'1495646',20260910,1,20260911,1,20260914,1,20260915,1,20260916,1,20260917,1,20260918,1,20260921,1,20260922,1,20260923,1,20260924,1,20260925,1,20260928,1,20260929,1,20260930,1,20261001,1,20261002,1,20261005,1,20261006,1,20261007,1,20261008,1,20261009,1,20261013,1,20261014,1,20261015,1,20261016,1,20261019,1,20261020,1,20261021,1,20261022,1,20261023,1,20261026,1,20261027,1,20261028,1,20261029,1,20261030,1,20261102,1,20261103,1,20261104,1,20261105,1,20261106,1,20261109,1,20261110,1,20261111,1,20261112,1,20261113,1,20261116,1,20261117,1,20261118,1,20261119,1,20261120,1,20261123,1,20261124,1,20261125,1,20261126,1,20261127,1,20261130,1,20261201,1,20261202,1,20261203,1,20261204,1,20261207,1,20261208,1,20261209,1,20261210,1,20261211,1,20261214,1,20261215,1,20261216,1,20261217,1,20261218,1,20261221,1,20261222,1,20261223,1,20261224,1,20261228,1,20261229,1,20261230,1,20261231,1
'1495647',20260910,1,20260911,1,20260914,1,20260915,1,20260916,1,20260917,1,20260918,1,20260921,1,20260922,1,20260923,1,20260924,1,20260925,1,20260928,1,20260929,1,20260930,1,20261001,1,20261002,1,20261005,1,20261006,1,20261007,1,20261008,1,20261009,1,20261013,1,20261014,1,20261015,1,20261016,1,20261019,1,20261020,1,20261021,1,20261022,1,20261023,1,20261026,1,20261027,1,20261028,1,20261029,1,20261030,1,20261102,1,20261103,1,20261104,1,20261105,1,20261106,1,20261109,1,20261110,1,20261111,1,20261112,1,20261113,1,20261116,1,20261117,1,20261118,1,20261119,1,20261120,1,20261123,1,20261124,1,20261125,1,20261126,1,20261127,1,20261130,1,20261201,1,20261202,1,20261203,1,20261204,1,20261207,1,20261208,1,20261209,1,20261210,1,20261211,1,20261214,1,20261215,1,20261216,1,20261217,1,20261218,1,20261221,1,20261222,1,20261223,1,20261224,1,20261228,1,20261229,1,20261230,1,20261231,1
'1495648',20260910,1,20260911,1,20260914,1,20260915,1,20260916,1,20260917,1,20260918,1,20260921,1,20260922,1,20260923,1,20260924,1,20260925,1,20260928,1,20260929,1,20260930,1,20261001,1,20261002,1,20261005,1,20261006,1,20261007,1,20261008,1,20261009,1,20261013,1,20261014,1,20261015,1,20261016,1,20261019,1,20261020,1,20261021,1,20261022,1,20261023,1,20261026,1,20261027,1,20261028,1,20261029,1,20261030,1,20261102,1,20261103,1,20261104,1,20261105,1,20261106,1,20261109,1,20261110,1,20261111,1,20261112,1,20261113,1,20261116,1,20261117,1,20261118,1,20261119,1,20261120,1,20261123,1,20261124,1,20261125,1,20261126,1,20261127,1,20261130,1,20261201,1,20261202,1,20261203,1,20261204,1,20261207,1,20261208,1,20261209,1,20261210,1,20261211,1,20261214,1,20261215,1,20261216,1,20261217,1,20261218,1,20261221,1,20261222,1,20261223,1,20261224,1,20261228,1,20261229,1,20261230,1,20261231,1
'1495649',20260910,1,20260911,1,20260914,1,20260915,1,20260916,1,20260917,1,20260918,1,20260921,1,20260922,1,20260923,1,20260924,1,20260925,1,20260928,1,20260929,1,20260930,1,20261001,1,20261002,1,20261005,1,20261006,1,20261007,1,20261008,1,20261009,1,20261013,1,20261014,1,20261015,1,20261016,1,20261019,1,20261020,1,20261021,1,20261022,1,20261023,1,20261026,1,20261027,1,20261028,1,20261029,1,20261030,1,20261102,1,20261103,1,20261104,1,20261105,1,20261106,1,20261109,1,20261110,1,20261111,1,20261112,1,20261113,1,20261116,1,20261117,1,20261118,1,20261119,1,20261120,1,20261123,1,20261124,1,20261125,1,20261126,1,20261127,1,20261130,1,20261201,1,20261202,1,20261203,1,20261204,1,20261207,1,20261208,1,20261209,1,20261210,1,20261211,1,20261214,1,20261215,1,20261216,1,20261217,1,20261218,1,20261221,1,20261222,1,20261223,1,20261224,1,20261228,1,20261229,1,20261230,1,20261231,1
'1495650',20260910,1,20260911,1,20260914,1,20260915,1,20260916,1,20260917,1,20260918,1,20260921,1,20260922,1,20260923,1,20260924,1,20260925,1,20260928,1,20260929,1,20260930,1,20261001,1,20261002,1,20261005,1,20261006,1,20261007,1,20261008,1,20261009,1,20261013,1,20261014,1,20261015,1,20261016,1,20261019,1,20261020,1,20261021,1,20261022,1,20261023,1,20261026,1,20261027,1,20261028,1,20261029,1,20261030,1,20261102,1,20261103,1,20261104,1,20261105,1,20261106,1,20261109,1,20261110,1,20261111,1,20261112,1,20261113,1,20261116,1,20261117,1,20261118,1,20261119,1,20261120,1,20261123,1,20261124,1,20261125,1,20261126,1,20261127,1,20261130,1,20261201,1,20261202,1,20261203,1,20261204,1,20261207,1,20261208,1,20261209,1,20261210,1,20261211,1,20261214,1,20261215,1,20261216,1,20261217,1,20261218,1,20261221,1,20261222,1,20261223,1,20261224,1,20261228,1,20261229,1,20261230,1,20261231,1
'1495651',20260910,1,20260911,1,20260914,1,20260915,1,20260916,1,20260917,1,20260918,1,20260921,1,20260922,1,20260923,1,20260924,1,20260925,1,20260928,1,20260929,1,20260930,1,20261001,1,20261002,1,20261005,1,20261006,1,20261007,1,20261008,1,20261009,1,20261013,1,20261014,1,20261015,1,20261016,1,20261019,1,20261020,1,20261021,1,20261022,1,20261023,1,20261026,1,20261027,1,20261028,1,20261029,1,20261030,1,20261102,1,20261103,1,20261104,1,20261105,1,20261106,1,20261109,1,20261110,1,20261111,1,20261112,1,20261113,1,20261116,1,20261117,1,20261118,1,20261119,1,20261120,1,20261123,1,20261124,1,20261125,1,20261126,1,20261127,1,20261130,1,20261201,1,20261202,1,20261203,1,20261204,1,20261207,1,20261208,1,20261209,1,20261210,1,20261211,1,20261214,1,20261215,1,20261216,1,20261217,1,20261218,1,20261221,1,20261222,1,20261223,1,20261224,1,20261228,1,20261229,1,20261230,1,20261231,1
'1495652',20260910,1,20260911,1,20260914,1,20260915,1,20260916,1,20260917,1,20260918,1,20260921,1,20260922,1,20260923,1,20260924,1,20260925,1,20260928,1,20260929,1,20260930,1,20261001,1,20261002,1,20261005,1,20261006,1,20261007,1,20261008,1,20261009,1,20261013,1,20261014,1,20261015,1,20261016,1,20261019,1,20261020,1,20261021,1,20261022,1,20261023,1,20261026,1,20261027,1,20261028,1,20261029,1,20261030,1,20261102,1,20261103,1,20261104,1,20261105,1,20261106,1,20261109,1,20261110,1,20261111,1,20261112,1,20261113,1,20261116,1,20261117,1,20261118,1,20261119,1,20261120,1,20261123,1,20261124,1,20261125,1,20261126,1,20261127,1,20261130,1,20261201,1,20261202,1,20261203,1,20261204,1,20261207,1,20261208,1,20261209,1,20261210,1,20261211,1,20261214,1,20261215,1,20261216,1,20261217,1,20261218,1,20261221,1,20261222,1,20261223,1,20261224,1,20261228,1,20261229,1,20261230,1,20261231,1
'1495653',20260910,1,20260911,1,20260914,1,20260915,1,20260916,1,20260917,1,20260918,1,20260921,1,20260922,1,20260923,1,20260924,1,20260925,1,20260928,1,20260929,1,20260930,1,20261001,1,20261002,1,20261005,1,20261006,1,20261007,1,20261008,1,20261009,1,20261013,1,20261014,1,20261015,1,20261016,1,20261019,1,20261020,1,20261021,1,20261022,1,20261023,1,20261026,1,20261027,1,20261028,1,20261029,1,20261030,1,20261102,1,20261103,1,20261104,1,20261105,1,20261106,1,20261109,1,20261110,1,20261111,1,20261112,1,20261113,1,20261116,1,20261117,1,20261118,1,20261119,1,20261120,1,20261123,1,20261124,1,20261125,1,20261126,1,20261127,1,20261130,1,20261201,1,20261202,1,20261203,1,20261204,1,20261207,1,20261208,1,20261209,1,20261210,1,20261211,1,20261214,1,20261215,1,20261216,1,20261217,1,20261218,1,20261221,1,20261222,1,20261223,1,20261224,1,20261228,1,20261229,1,20261230,1,20261231,1
'1495654',20260910,1,20260911,1,20260914,1,20260915,1,20260916,1,20260917,1,20260918,1,20260921,1,20260922,1,20260923,1,20260924,1,20260925,1,20260928,1,20260929,1,20260930,1,20261001,1,20261002,1,20261005,1,20261006,1,20261007,1,20261008,1,20261009,1,20261013,1,20261014,1,20261015,1,20261016,1,20261019,1,20261020,1,20261021,1,20261022,1,20261023,1,20261026,1,20261027,1,20261028,1,20261029,1,20261030,1,20261102,1,20261103,1,20261104,1,20261105,1,20261106,1,20261109,1,20261110,1,20261111,1,20261112,1,20261113,1,20261116,1,20261117,1,20261118,1,20261119,1,20261120,1,20261123,1,20261124,1,20261125,1,20261126,1,20261127,1,20261130,1,20261201,1,20261202,1,20261203,1,20261204,1,20261207,1,20261208,1,20261209,1,20261210,1,20261211,1,20261214,1,20261215,1,20261216,1,20261217,1,20261218,1,20261221,1,20261222,1,20261223,1,20261224,1,20261228,1,20261229,1,20261230,1,20261231,1
'1495655',20260910,1,20260911,1,20260914,1,20260915,1,20260916,1,20260917,1,20260918,1,20260921,1,20260922,1,20260923,1,20260924,1,20260925,1,20260928,1,20260929,1,20260930,1,20261001,1,20261002,1,20261005,1,20261006,1,20261007,1,20261008,1,20261009,1,20261013,1,20261014,1,20261015,1,20261016,1,20261019,1,20261020,1,20261021,1,20261022,1,20261023,1,20261026,1,20261027,1,20261028,1,20261029,1,20261030,1,20261102,1,20261103,1,20261104,1,20261105,1,20261106,1,20261109,1,20261110,1,20261111,1,20261112,1,20261113,1,20261116,1,20261117,1,20261118,1,20261119,1,20261120,1,20261123,1,20261124,1,20261125,1,20261126,1,20261127,1,20261130,1,20261201,1,20261202,1,20261203,1,20261204,1,20261207,1,20261208,1,20261209,1,20261210,1,20261211,1,20261214,1,20261215,1,20261216,1,20261217,1,20261218,1,20261221,1,20261222,1,20261223,1,20261224,1,20261228,1,20261229,1,20261230,1,20261231,1
'1495656',20260910,1,20260911,1,20260914,1,20260915,1,20260916,1,20260917,1,20260918,1,20260921,1,20260922,1,20260923,1,20260924,1,20260925,1,20260928,1,20260929,1,20260930,1,20261001,1,20261002,1,20261005,1,20261006,1,20261007,1,20261008,1,20261009,1,20261013,1,20261014,1,20261015,1,20261016,1,20261019,1,20261020,1,20261021,1,20261022,1,20261023,1,20261026,1,20261027,1,20261028,1,20261029,1,20261030,1,20261102,1,20261103,1,20261104,1,20261105,1,20261106,1,20261109,1,20261110,1,20261111,1,20261112,1,20261113,1,20261116,1,20261117,1,20261118,1,20261119,1,20261120,1,20261123,1,20261124,1,20261125,1,20261126,1,20261127,1,20261130,1,20261201,1,20261202,1,20261203,1,20261204,1,20261207,1,20261208,1,20261209,1,20261210,1,20261211,1,20261214,1,20261215,1,20261216,1,20261217,1,20261218,1,20261221,1,20261222,1,20261223,1,20261224,1,20261228,1,20261229,1,20261230,1,20261231,1
'1495657',20260910,1,20260911,1,20260914,1,20260915,1,20260916,1,20260917,1,20260918,1,20260921,1,20260922,1,20260923,1,20260924,1,20260925,1,20260928,1,20260929,1,20260930,1,20261001,1,20261002,1,20261005,1,20261006,1,20261007,1,20261008,1,20261009,1,20261013,1,20261014,1,20261015,1,20261016,1,20261019,1,20261020,1,20261021,1,20261022,1,20261023,1,20261026,1,20261027,1,20261028,1,20261029,1,20261030,1,20261102,1,20261103,1,20261104,1,20261105,1,20261106,1,20261109,1,20261110,1,20261111,1,20261112,1,20261113,1,20261116,1,20261117,1,20261118,1,20261119,1,20261120,1,20261123,1,20261124,1,20261125,1,20261126,1,20261127,1,20261130,1,20261201,1,20261202,1,20261203,1,20261204,1,20261207,1,20261208,1,20261209,1,20261210,1,20261211,1,20261214,1,20261215,1,20261216,1,20261217,1,20261218,1,20261221,1,20261222,1,20261223,1,20261224,1,20261228,1,20261229,1,20261230,1,20261231,1
'1495658',20260910,1,20260911,1,20260914,1,20260915,1,20260916,1,20260917,1,20260918,1,20260921,1,20260922,1,20260923,1,20260924,1,20260925,1,20260928,1,20260929,1,20260930,1,20261001,1,20261002,1,20261005,1,20261006,1,20261007,1,20261008,1,20261009,1,20261013,1,20261014,1,20261015,1,20261016,1,20261019,1,20261020,1,20261021,1,20261022,1,20261023,1,20261026,1,20261027,1,20261028,1,20261029,1,20261030,1,20261102,1,20261103,1,20261104,1,20261105,1,20261106,1,20261109,1,20261110,1,20261111,1,20261112,1,20261113,1,20261116,1,20261117,1,20261118,1,20261119,1,20261120,1,20261123,1,20261124,1,20261125,1,20261126,1,20261127,1,20261130,1,20261201,1,20261202,1,20261203,1,20261204,1,20261207,1,20261208,1,20261209,1,20261210,1,20261211,1,20261214,1,20261215,1,20261216,1,20261217,1,20261218,1,20261221,1,20261222,1,20261223,1,20261224,1,20261228,1,20261229,1,20261230,1,20261231,1
'1495659',20260910,1,20260911,1,20260914,1,20260915,1,20260916,1,20260917,1,20260918,1,20260921,1,20260922,1,20260923,1,20260924,1,20260925,1,20260928,1,20260929,1,20260930,1,20261001,1,20261002,1,20261005,1,20261006,1,20261007,1,20261008,1,20261009,1,20261013,1,20261014,1,20261015,1,20261016,1,20261019,1,20261020,1,20261021,1,20261022,1,20261023,1,20261026,1,20261027,1,20261028,1,20261029,1,20261030,1,20261102,1,20261103,1,20261104,1,20261105,1,20261106,1,20261109,1,20261110,1,20261111,1,20261112,1,20261113,1,20261116,1,20261117,1,20261118,1,20261119,1,20261120,1,20261123,1,20261124,1,20261125,1,20261126,1,20261127,1,20261130,1,20261201,1,20261202,1,20261203,1,20261204,1,20261207,1,20261208,1,20261209,1,20261210,1,20261211,1,20261214,1,20261215,1,20261216,1,20261217,1,20261218,1,20261221,1,20261222,1,20261223,1,20261224,1,20261228,1,20261229,1,20261230,1,20261231,1
'1495660',20260910,1,20260911,1,20260914,1,20260915,1,20260916,1,20260917,1,20260918,1,20260921,1,20260922,1,20260923,1,20260924,1,20260925,1,20260928,1,20260929,1,20260930,1,20261001,1,20261002,1,20261005,1,20261006,1,20261007,1,20261008,1,20261009,1,20261013,1,20261014,1,20261015,1,20261016,1,20261019,1,20261020,1,20261021,1,20261022,1,20261023,1,20261026,1,20261027,1,20261028,1,20261029,1,20261030,1,20261102,1,20261103,1,20261104,1,20261105,1,20261106,1,20261109,1,20261110,1,20261111,1,20261112,1,20261113,1,20261116,1,20261117,1,20261118,1,20261119,1,20261120,1,20261123,1,20261124,1,20261125,1,20261126,1,20261127,1,20261130,1,20261201,1,20261202,1,20261203,1,20261204,1,20261207,1,20261208,1,20261209,1,20261210,1,20261211,1,20261214,1,20261215,1,20261216,1,20261217,1,20261218,1,20261221,1,20261222,1,20261223,1,20261224,1,20261228,1,20261229,1,20261230,1,20261231,1
'1495661',20260910,1,20260911,1,20260914,1,20260915,1,20260916,1,20260917,1,20260918,1,20260921,1,20260922,1,20260923,1,20260924,1,20260925,1,20260928,1,20260929,1,20260930,1,20261001,1,20261002,1,20261005,1,20261006,1,20261007,1,20261008,1,20261009,1,20261013,1,20261014,1,20261015,1,20261016,1,20261019,1,20261020,1,20261021,1,20261022,1,20261023,1,20261026,1,20261027,1,20261028,1,20261029,1,20261030,1,20261102,1,20261103,1,20261104,1,20261105,1,20261106,1,20261109,1,20261110,1,20261111,1,20261112,1,20261113,1,20261116,1,20261117,1,20261118,1,20261119,1,20261120,1,20261123,1,20261124,1,20261125,1,20261126,1,20261127,1,20261130,1,20261201,1,20261202,1,20261203,1,20261204,1,20261207,1,20261208,1,20261209,1,20261210,1,20261211,1,20261214,1,20261215,1,20261216,1,20261217,1,20261218,1,20261221,1,20261222,1,20261223,1,20261224,1,20261228,1,20261229,1,20261230,1,20261231,1
'1495662',20260910,1,20260911,1,20260914,1,20260915,1,20260916,1,20260917,1,20260918,1,20260921,1,20260922,1,20260923,1,20260924,1,20260925,1,20260928,1,20260929,1,20260930,1,20261001,1,20261002,1,20261005,1,20261006,1,20261007,1,20261008,1,20261009,1,20261013,1,20261014,1,20261015,1,20261016,1,20261019,1,20261020,1,20261021,1,20261022,1,20261023,1,20261026,1,20261027,1,20261028,1,20261029,1,20261030,1,20261102,1,20261103,1,20261104,1,20261105,1,20261106,1,20261109,1,20261110,1,20261111,1,20261112,1,20261113,1,20261116,1,20261117,1,20261118,1,20261119,1,20261120,1,20261123,1,20261124,1,20261125,1,20261126,1,20261127,1,20261130,1,20261201,1,20261202,1,20261203,1,20261204,1,20261207,1,20261208,1,20261209,1,20261210,1,20261211,1,20261214,1,20261215,1,20261216,1,20261217,1,20261218,1,20261221,1,20261222,1,20261223,1,20261224,1,20261228,1,20261229,1,20261230,1,20261231,1
'1495663',20260910,1,20260911,1,20260914,1,20260915,1,20260916,1,20260917,1,20260918,1,20260921,1,20260922,1,20260923,1,20260924,1,20260925,1,20260928,1,20260929,1,20260930,1,20261001,1,20261002,1,20261005,1,20261006,1,20261007,1,20261008,1,20261009,1,20261013,1,20261014,1,20261015,1,20261016,1,20261019,1,20261020,1,20261021,1,20261022,1,20261023,1,20261026,1,20261027,1,20261028,1,20261029,1,20261030,1,20261102,1,20261103,1,20261104,1,20261105,1,20261106,1,20261109,1,20261110,1,20261111,1,20261112,1,20261113,1,20261116,1,20261117,1,20261118,1,20261119,1,20261120,1,20261123,1,20261124,1,20261125,1,20261126,1,20261127,1,20261130,1,20261201,1,20261202,1,20261203,1,20261204,1,20261207,1,20261208,1,20261209,1,20261210,1,20261211,1,20261214,1,20261215,1,20261216,1,20261217,1,20261218,1,20261221,1,20261222,1,20261223,1,20261224,1,20261228,1,20261229,1,20261230,1,20261231,1
'1495664',20260910,1,20260911,1,20260914,1,20260915,1,20260916,1,20260917,1,20260918,1,20260921,1,20260922,1,20260923,1,20260924,1,20260925,1,20260928,1,20260929,1,20260930,1,20261001,1,20261002,1,20261005,1,20261006,1,20261007,1,20261008,1,20261009,1,20261013,1,20261014,1,20261015,1,20261016,1,20261019,1,20261020,1,20261021,1,20261022,1,20261023,1,20261026,1,20261027,1,20261028,1,20261029,1,20261030,1,20261102,1,20261103,1,20261104,1,20261105,1,20261106,1,20261109,1,20261110,1,20261111,1,20261112,1,20261113,1,20261116,1,20261117,1,20261118,1,20261119,1,20261120,1,20261123,1,20261124,1,20261125,1,20261126,1,20261127,1,20261130,1,20261201,1,20261202,1,20261203,1,20261204,1,20261207,1,20261208,1,20261209,1,20261210,1,20261211,1,20261214,1,20261215,1,20261216,1,20261217,1,20261218,1,20261221,1,20261222,1,20261223,1,20261224,1,20261228,1,20261229,1,20261230,1,20261231,1
'1495665',20260910,1,20260911,1,20260914,1,20260915,1,20260916,1,20260917,1,20260918,1,20260921,1,20260922,1,20260923,1,20260924,1,20260925,1,20260928,1,20260929,1,20260930,1,20261001,1,20261002,1,20261005,1,20261006,1,20261007,1,20261008,1,20261009,1,20261013,1,20261014,1,20261015,1,20261016,1,20261019,1,20261020,1,20261021,1,20261022,1,20261023,1,20261026,1,20261027,1,20261028,1,20261029,1,20261030,1,20261102,1,20261103,1,20261104,1,20261105,1,20261106,1,20261109,1,20261110,1,20261111,1,20261112,1,20261113,1,20261116,1,20261117,1,20261118,1,20261119,1,20261120,1,20261123,1,20261124,1,20261125,1,20261126,1,20261127,1,20261130,1,20261201,1,20261202,1,20261203,1,20261204,1,20261207,1,20261208,1,20261209,1,20261210,1,20261211,1,20261214,1,20261215,1,20261216,1,20261217,1,20261218,1,20261221,1,20261222,1,20261223,1,20261224,1,20261228,1,20261229,1,20261230,1,20261231,1
'1495666',20260910,1,20260911,1,20260914,1,20260915,1,20260916,1,20260917,1,20260918,1,20260921,1,20260922,1,20260923,1,20260924,1,20260925,1,20260928,1,20260929,1,20260930,1,20261001,1,20261002,1,20261005,1,20261006,1,20261007,1,20261008,1,20261009,1,20261013,1,20261014,1,20261015,1,20261016,1,20261019,1,20261020,1,20261021,1,20261022,1,20261023,1,20261026,1,20261027,1,20261028,1,20261029,1,20261030,1,20261102,1,20261103,1,20261104,1,20261105,1,20261106,1,20261109,1,20261110,1,20261111,1,20261112,1,20261113,1,20261116,1,20261117,1,20261118,1,20261119,1,20261120,1,20261123,1,20261124,1,20261125,1,20261126,1,20261127,1,20261130,1,20261201,1,20261202,1,20261203,1,20261204,1,20261207,1,20261208,1,20261209,1,20261210,1,20261211,1,20261214,1,20261215,1,20261216,1,20261217,1,20261218,1,20261221,1,20261222,1,20261223,1,20261224,1,20261228,1,20261229,1,20261230,1,20261231,1
'1495667',20260910,1,20260911,1,20260914,1,20260915,1,20260916,1,20260917,1,20260918,1,20260921,1,20260922,1,20260923,1,20260924,1,20260925,1,20260928,1,20260929,1,20260930,1,20261001,1,20261002,1,20261005,1,20261006,1,20261007,1,20261008,1,20261009,1,20261013,1,20261014,1,20261015,1,20261016,1,20261019,1,20261020,1,20261021,1,20261022,1,20261023,1,20261026,1,20261027,1,20261028,1,20261029,1,20261030,1,20261102,1,20261103,1,20261104,1,20261105,1,20261106,1,20261109,1,20261110,1,20261111,1,20261112,1,20261113,1,20261116,1,20261117,1,20261118,1,20261119,1,20261120,1,20261123,1,20261124,1,20261125,1,20261126,1,20261127,1,20261130,1,20261201,1,20261202,1,20261203,1,20261204,1,20261207,1,20261208,1,20261209,1,20261210,1,20261211,1,20261214,1,20261215,1,20261216,1,20261217,1,20261218,1,20261221,1,20261222,1,20261223,1,20261224,1,20261228,1,20261229,1,20261230,1,20261231,1
'1495668',20260910,1,20260911,1,20260914,1,20260915,1,20260916,1,20260917,1,20260918,1,20260921,1,20260922,1,20260923,1,20260924,1,20260925,1,20260928,1,20260929,1,20260930,1,20261001,1,20261002,1,20261005,1,20261006,1,20261007,1,20261008,1,20261009,1,20261013,1,20261014,1,20261015,1,20261016,1,20261019,1,20261020,1,20261021,1,20261022,1,20261023,1,20261026,1,20261027,1,20261028,1,20261029,1,20261030,1,20261102,1,20261103,1,20261104,1,20261105,1,20261106,1,20261109,1,20261110,1,20261111,1,20261112,1,20261113,1,20261116,1,20261117,1,20261118,1,20261119,1,20261120,1,20261123,1,20261124,1,20261125,1,20261126,1,20261127,1,20261130,1,20261201,1,20261202,1,20261203,1,20261204,1,20261207,1,20261208,1,20261209,1,20261210,1,20261211,1,20261214,1,20261215,1,20261216,1,20261217,1,20261218,1,20261221,1,20261222,1,20261223,1,20261224,1,20261228,1,20261229,1,20261230,1,20261231,1
'1495669',20260910,1,20260911,1,20260914,1,20260915,1,20260916,1,20260917,1,20260918,1,20260921,1,20260922,1,20260923,1,20260924,1,20260925,1,20260928,1,20260929,1,20260930,1,20261001,1,20261002,1,20261005,1,20261006,1,20261007,1,20261008,1,20261009,1,20261013,1,20261014,1,20261015,1,20261016,1,20261019,1,20261020,1,20261021,1,20261022,1,20261023,1,20261026,1,20261027,1,20261028,1,20261029,1,20261030,1,20261102,1,20261103,1,20261104,1,20261105,1,20261106,1,20261109,1,20261110,1,20261111,1,20261112,1,20261113,1,20261116,1,20261117,1,20261118,1,20261119,1,20261120,1,20261123,1,20261124,1,20261125,1,20261126,1,20261127,1,20261130,1,20261201,1,20261202,1,20261203,1,20261204,1,20261207,1,20261208,1,20261209,1,20261210,1,20261211,1,20261214,1,20261215,1,20261216,1,20261217,1,20261218,1,20261221,1,20261222,1,20261223,1,20261224,1,20261228,1,20261229,1,20261230,1,20261231,1
'1495670',20260910,1,20260911,1,20260914,1,20260915,1,20260916,1,20260917,1,20260918,1,20260921,1,20260922,1,20260923,1,20260924,1,20260925,1,20260928,1,20260929,1,20260930,1,20261001,1,20261002,1,20261005,1,20261006,1,20261007,1,20261008,1,20261009,1,20261013,1,20261014,1,20261015,1,20261016,1,20261019,1,20261020,1,20261021,1,20261022,1,20261023,1,20261026,1,20261027,1,20261028,1,20261029,1,20261030,1,20261102,1,20261103,1,20261104,1,20261105,1,20261106,1,20261109,1,20261110,1,20261111,1,20261112,1,20261113,1,20261116,1,20261117,1,20261118,1,20261119,1,20261120,1,20261123,1,20261124,1,20261125,1,20261126,1,20261127,1,20261130,1,20261201,1,20261202,1,20261203,1,20261204,1,20261207,1,20261208,1,20261209,1,20261210,1,20261211,1,20261214,1,20261215,1,20261216,1,20261217,1,20261218,1,20261221,1,20261222,1,20261223,1,20261224,1,20261228,1,20261229,1,20261230,1,20261231,1
'1495671',20260910,1,20260911,1,20260914,1,20260915,1,20260916,1,20260917,1,20260918,1,20260921,1,20260922,1,20260923,1,20260924,1,20260925,1,20260928,1,20260929,1,20260930,1,20261001,1,20261002,1,20261005,1,20261006,1,20261007,1,20261008,1,20261009,1,20261013,1,20261014,1,20261015,1,20261016,1,20261019,1,20261020,1,20261021,1,20261022,1,20261023,1,20261026,1,20261027,1,20261028,1,20261029,1,20261030,1,20261102,1,20261103,1,20261104,1,20261105,1,20261106,1,20261109,1,20261110,1,20261111,1,20261112,1,20261113,1,20261116,1,20261117,1,20261118,1,20261119,1,20261120,1,20261123,1,20261124,1,20261125,1,20261126,1,20261127,1,20261130,1,20261201,1,20261202,1,20261203,1,20261204,1,20261207,1,20261208,1,20261209,1,20261210,1,20261211,1,20261214,1,20261215,1,20261216,1,20261217,1,20261218,1,20261221,1,20261222,1,20261223,1,20261224,1,20261228,1,20261229,1,20261230,1,20261231,1
'1495672',20260910,1,20260911,1,20260914,1,20260915,1,20260916,1,20260917,1,20260918,1,20260921,1,20260922,1,20260923,1,20260924,1,20260925,1,20260928,1,20260929,1,20260930,1,20261001,1,20261002,1,20261005,1,20261006,1,20261007,1,20261008,1,20261009,1,20261013,1,20261014,1,20261015,1,20261016,1,20261019,1,20261020,1,20261021,1,20261022,1,20261023,1,20261026,1,20261027,1,20261028,1,20261029,1,20261030,1,20261102,1,20261103,1,20261104,1,20261105,1,20261106,1,20261109,1,20261110,1,20261111,1,20261112,1,20261113,1,20261116,1,20261117,1,20261118,1,20261119,1,20261120,1,20261123,1,20261124,1,20261125,1,20261126,1,20261127,1,20261130,1,20261201,1,20261202,1,20261203,1,20261204,1,20261207,1,20261208,1,20261209,1,20261210,1,20261211,1,20261214,1,20261215,1,20261216,1,20261217,1,20261218,1,20261221,1,20261222,1,20261223,1,20261224,1,20261228,1,20261229,1,20261230,1,20261231,1
'1495673',20260910,1,20260911,1,20260914,1,20260915,1,20260916,1,20260917,1,20260918,1,20260921,1,20260922,1,20260923,1,20260924,1,20260925,1,20260928,1,20260929,1,20260930,1,20261001,1,20261002,1,20261005,1,20261006,1,20261007,1,20261008,1,20261009,1,20261013,1,20261014,1,20261015,1,20261016,1,20261019,1,20261020,1,20261021,1,20261022,1,20261023,1,20261026,1,20261027,1,20261028,1,20261029,1,20261030,1,20261102,1,20261103,1,20261104,1,20261105,1,20261106,1,20261109,1,20261110,1,20261111,1,20261112,1,20261113,1,20261116,1,20261117,1,20261118,1,20261119,1,20261120,1,20261123,1,20261124,1,20261125,1,20261126,1,20261127,1,20261130,1,20261201,1,20261202,1,20261203,1,20261204,1,20261207,1,20261208,1,20261209,1,20261210,1,20261211,1,20261214,1,20261215,1,20261216,1,20261217,1,20261218,1,20261221,1,20261222,1,20261223,1,20261224,1,20261228,1,20261229,1,20261230,1,20261231,1
'1495674',20260910,1,20260911,1,20260914,1,20260915,1,20260916,1,20260917,1,20260918,1,20260921,1,20260922,1,20260923,1,20260924,1,20260925,1,20260928,1,20260929,1,20260930,1,20261001,1,20261002,1,20261005,1,20261006,1,20261007,1,20261008,1,20261009,1,20261013,1,20261014,1,20261015,1,20261016,1,20261019,1,20261020,1,20261021,1,20261022,1,20261023,1,20261026,1,20261027,1,20261028,1,20261029,1,20261030,1,20261102,1,20261103,1,20261104,1,20261105,1,20261106,1,20261109,1,20261110,1,20261111,1,20261112,1,20261113,1,20261116,1,20261117,1,20261118,1,20261119,1,20261120,1,20261123,1,20261124,1,20261125,1,20261126,1,20261127,1,20261130,1,20261201,1,20261202,1,20261203,1,20261204,1,20261207,1,20261208,1,20261209,1,20261210,1,20261211,1,20261214,1,20261215,1,20261216,1,20261217,1,20261218,1,20261221,1,20261222,1,20261223,1,20261224,1,20261228,1,20261229,1,20261230,1,20261231,1
'1495675',20260910,1,20260911,1,20260914,1,20260915,1,20260916,1,20260917,1,20260918,1,20260921,1,20260922,1,20260923,1,20260924,1,20260925,1,20260928,1,20260929,1,20260930,1,20261001,1,20261002,1,20261005,1,20261006,1,20261007,1,20261008,1,20261009,1,20261013,1,20261014,1,20261015,1,20261016,1,20261019,1,20261020,1,20261021,1,20261022,1,20261023,1,20261026,1,20261027,1,20261028,1,20261029,1,20261030,1,20261102,1,20261103,1,20261104,1,20261105,1,20261106,1,20261109,1,20261110,1,20261111,1,20261112,1,20261113,1,20261116,1,20261117,1,20261118,1,20261119,1,20261120,1,20261123,1,20261124,1,20261125,1,20261126,1,20261127,1,20261130,1,20261201,1,20261202,1,20261203,1,20261204,1,20261207,1,20261208,1,20261209,1,20261210,1,20261211,1,20261214,1,20261215,1,20261216,1,20261217,1,20261218,1,20261221,1,20261222,1,20261223,1,20261224,1,20261228,1,20261229,1,20261230,1,20261231,1
'1495676',20260910,1,20260911,1,20260914,1,20260915,1,20260916,1,20260917,1,20260918,1,20260921,1,20260922,1,20260923,1,20260924,1,20260925,1,20260928,1,20260929,1,20260930,1,20261001,1,20261002,1,20261005,1,20261006,1,20261007,1,20261008,1,20261009,1,20261013,1,20261014,1,20261015,1,20261016,1,20261019,1,20261020,1,20261021,1,20261022,1,20261023,1,20261026,1,20261027,1,20261028,1,20261029,1,20261030,1,20261102,1,20261103,1,20261104,1,20261105,1,20261106,1,20261109,1,20261110,1,20261111,1,20261112,1,20261113,1,20261116,1,20261117,1,20261118,1,20261119,1,20261120,1,20261123,1,20261124,1,20261125,1,20261126,1,20261127,1,20261130,1,20261201,1,20261202,1,20261203,1,20261204,1,20261207,1,20261208,1,20261209,1,20261210,1,20261211,1,20261214,1,20261215,1,20261216,1,20261217,1,20261218,1,20261221,1,20261222,1,20261223,1,20261224,1,20261228,1,20261229,1,20261230,1,20261231,1
'1495677',20260910,1,20260911,1,20260914,1,20260915,1,20260916,1,20260917,1,20260918,1,20260921,1,20260922,1,20260923,1,20260924,1,20260925,1,20260928,1,20260929,1,20260930,1,20261001,1,20261002,1,20261005,1,20261006,1,20261007,1,20261008,1,20261009,1,20261013,1,20261014,1,20261015,1,20261016,1,20261019,1,20261020,1,20261021,1,20261022,1,20261023,1,20261026,1,20261027,1,20261028,1,20261029,1,20261030,1,20261102,1,20261103,1,20261104,1,20261105,1,20261106,1,20261109,1,20261110,1,20261111,1,20261112,1,20261113,1,20261116,1,20261117,1,20261118,1,20261119,1,20261120,1,20261123,1,20261124,1,20261125,1,20261126,1,20261127,1,20261130,1,20261201,1,20261202,1,20261203,1,20261204,1,20261207,1,20261208,1,20261209,1,20261210,1,20261211,1,20261214,1,20261215,1,20261216,1,20261217,1,20261218,1,20261221,1,20261222,1,20261223,1,20261224,1,20261228,1,20261229,1,20261230,1,20261231,1
'1495678',20260910,1,20260911,1,20260914,1,20260915,1,20260916,1,20260917,1,20260918,1,20260921,1,20260922,1,20260923,1,20260924,1,20260925,1,20260928,1,20260929,1,20260930,1,20261001,1,20261002,1,20261005,1,20261006,1,20261007,1,20261008,1,20261009,1,20261013,1,20261014,1,20261015,1,20261016,1,20261019,1,20261020,1,20261021,1,20261022,1,20261023,1,20261026,1,20261027,1,20261028,1,20261029,1,20261030,1,20261102,1,20261103,1,20261104,1,20261105,1,20261106,1,20261109,1,20261110,1,20261111,1,20261112,1,20261113,1,20261116,1,20261117,1,20261118,1,20261119,1,20261120,1,20261123,1,20261124,1,20261125,1,20261126,1,20261127,1,20261130,1,20261201,1,20261202,1,20261203,1,20261204,1,20261207,1,20261208,1,20261209,1,20261210,1,20261211,1,20261214,1,20261215,1,20261216,1,20261217,1,20261218,1,20261221,1,20261222,1,20261223,1,20261224,1,20261228,1,20261229,1,20261230,1,20261231,1
'1495679',20260910,1,20260911,1,20260914,1,20260915,1,20260916,1,20260917,1,20260918,1,20260921,1,20260922,1,20260923,1,20260924,1,20260925,1,20260928,1,20260929,1,20260930,1,20261001,1,20261002,1,20261005,1,20261006,1,20261007,1,20261008,1,20261009,1,20261013,1,20261014,1,20261015,1,20261016,1,20261019,1,20261020,1,20261021,1,20261022,1,20261023,1,20261026,1,20261027,1,20261028,1,20261029,1,20261030,1,20261102,1,20261103,1,20261104,1,20261105,1,20261106,1,20261109,1,20261110,1,20261111,1,20261112,1,20261113,1,20261116,1,20261117,1,20261118,1,20261119,1,20261120,1,20261123,1,20261124,1,20261125,1,20261126,1,20261127,1,20261130,1,20261201,1,20261202,1,20261203,1,20261204,1,20261207,1,20261208,1,20261209,1,20261210,1,20261211,1,20261214,1,20261215,1,20261216,1,20261217,1,20261218,1,20261221,1,20261222,1,20261223,1,20261224,1,20261228,1,20261229,1,20261230,1,20261231,1
'1495680',20260910,1,20260911,1,20260914,1,20260915,1,20260916,1,20260917,1,20260918,1,20260921,1,20260922,1,20260923,1,20260924,1,20260925,1,20260928,1,20260929,1,20260930,1,20261001,1,20261002,1,20261005,1,20261006,1,20261007,1,20261008,1,20261009,1,20261013,1,20261014,1,20261015,1,20261016,1,20261019,1,20261020,1,20261021,1,20261022,1,20261023,1,20261026,1,20261027,1,20261028,1,20261029,1,20261030,1,20261102,1,20261103,1,20261104,1,20261105,1,20261106,1,20261109,1,20261110,1,20261111,1,20261112,1,20261113,1,20261116,1,20261117,1,20261118,1,20261119,1,20261120,1,20261123,1,20261124,1,20261125,1,20261126,1,20261127,1,20261130,1,20261201,1,20261202,1,20261203,1,20261204,1,20261207,1,20261208,1,20261209,1,20261210,1,20261211,1,20261214,1,20261215,1,20261216,1,20261217,1,20261218,1,20261221,1,20261222,1,20261223,1,20261224,1,20261228,1,20261229,1,20261230,1,20261231,1
'1495681',20260910,1,20260911,1,20260914,1,20260915,1,20260916,1,20260917,1,20260918,1,20260921,1,20260922,1,20260923,1,20260924,1,20260925,1,20260928,1,20260929,1,20260930,1,20261001,1,20261002,1,20261005,1,20261006,1,20261007,1,20261008,1,20261009,1,20261013,1,20261014,1,20261015,1,20261016,1,20261019,1,20261020,1,20261021,1,20261022,1,20261023,1,20261026,1,20261027,1,20261028,1,20261029,1,20261030,1,20261102,1,20261103,1,20261104,1,20261105,1,20261106,1,20261109,1,20261110,1,20261111,1,20261112,1,20261113,1,20261116,1,20261117,1,20261118,1,20261119,1,20261120,1,20261123,1,20261124,1,20261125,1,20261126,1,20261127,1,20261130,1,20261201,1,20261202,1,20261203,1,20261204,1,20261207,1,20261208,1,20261209,1,20261210,1,20261211,1,20261214,1,20261215,1,20261216,1,20261217,1,20261218,1,20261221,1,20261222,1,20261223,1,20261224,1,20261228,1,20261229,1,20261230,1,20261231,1
'1495682',20260910,1,20260911,1,20260914,1,20260915,1,20260916,1,20260917,1,20260918,1,20260921,1,20260922,1,20260923,1,20260924,1,20260925,1,20260928,1,20260929,1,20260930,1,20261001,1,20261002,1,20261005,1,20261006,1,20261007,1,20261008,1,20261009,1,20261013,1,20261014,1,20261015,1,20261016,1,20261019,1,20261020,1,20261021,1,20261022,1,20261023,1,20261026,1,20261027,1,20261028,1,20261029,1,20261030,1,20261102,1,20261103,1,20261104,1,20261105,1,20261106,1,20261109,1,20261110,1,20261111,1,20261112,1,20261113,1,20261116,1,20261117,1,20261118,1,20261119,1,20261120,1,20261123,1,20261124,1,20261125,1,20261126,1,20261127,1,20261130,1,20261201,1,20261202,1,20261203,1,20261204,1,20261207,1,20261208,1,20261209,1,20261210,1,20261211,1,20261214,1,20261215,1,20261216,1,20261217,1,20261218,1,20261221,1,20261222,1,20261223,1,20261224,1,20261228,1,20261229,1,20261230,1,20261231,1
'1495683',20260910,1,20260911,1,20260914,1,20260915,1,20260916,1,20260917,1,20260918,1,20260921,1,20260922,1,20260923,1,20260924,1,20260925,1,20260928,1,20260929,1,20260930,1,20261001,1,20261002,1,20261005,1,20261006,1,20261007,1,20261008,1,20261009,1,20261013,1,20261014,1,20261015,1,20261016,1,20261019,1,20261020,1,20261021,1,20261022,1,20261023,1,20261026,1,20261027,1,20261028,1,20261029,1,20261030,1,20261102,1,20261103,1,20261104,1,20261105,1,20261106,1,20261109,1,20261110,1,20261111,1,20261112,1,20261113,1,20261116,1,20261117,1,20261118,1,20261119,1,20261120,1,20261123,1,20261124,1,20261125,1,20261126,1,20261127,1,20261130,1,20261201,1,20261202,1,20261203,1,20261204,1,20261207,1,20261208,1,20261209,1,20261210,1,20261211,1,20261214,1,20261215,1,20261216,1,20261217,1,20261218,1,20261221,1,20261222,1,20261223,1,20261224,1,20261228,1,20261229,1,20261230,1,20261231,1
'1495684',20260910,1,20260911,1,20260914,1,20260915,1,20260916,1,20260917,1,20260918,1,20260921,1,20260922,1,20260923,1,20260924,1,20260925,1,20260928,1,20260929,1,20260930,1,20261001,1,20261002,1,20261005,1,20261006,1,20261007,1,20261008,1,20261009,1,20261013,1,20261014,1,20261015,1,20261016,1,20261019,1,20261020,1,20261021,1,20261022,1,20261023,1,20261026,1,20261027,1,20261028,1,20261029,1,20261030,1,20261102,1,20261103,1,20261104,1,20261105,1,20261106,1,20261109,1,20261110,1,20261111,1,20261112,1,20261113,1,20261116,1,20261117,1,20261118,1,20261119,1,20261120,1,20261123,1,20261124,1,20261125,1,20261126,1,20261127,1,20261130,1,20261201,1,20261202,1,20261203,1,20261204,1,20261207,1,20261208,1,20261209,1,20261210,1,20261211,1,20261214,1,20261215,1,20261216,1,20261217,1,20261218,1,20261221,1,20261222,1,20261223,1,20261224,1,20261228,1,20261229,1,20261230,1,20261231,1
'1495685',20260910,1,20260911,1,20260914,1,20260915,1,20260916,1,20260917,1,20260918,1,20260921,1,20260922,1,20260923,1,20260924,1,20260925,1,20260928,1,20260929,1,20260930,1,20261001,1,20261002,1,20261005,1,20261006,1,20261007,1,20261008,1,20261009,1,20261013,1,20261014,1,20261015,1,20261016,1,20261019,1,20261020,1,20261021,1,20261022,1,20261023,1,20261026,1,20261027,1,20261028,1,20261029,1,20261030,1,20261102,1,20261103,1,20261104,1,20261105,1,20261106,1,20261109,1,20261110,1,20261111,1,20261112,1,20261113,1,20261116,1,20261117,1,20261118,1,20261119,1,20261120,1,20261123,1,20261124,1,20261125,1,20261126,1,20261127,1,20261130,1,20261201,1,20261202,1,20261203,1,20261204,1,20261207,1,20261208,1,20261209,1,20261210,1,20261211,1,20261214,1,20261215,1,20261216,1,20261217,1,20261218,1,20261221,1,20261222,1,20261223,1,20261224,1,20261228,1,20261229,1,20261230,1,20261231,1
'1495686',20260910,1,20260911,1,20260914,1,20260915,1,20260916,1,20260917,1,20260918,1,20260921,1,20260922,1,20260923,1,20260924,1,20260925,1,20260928,1,20260929,1,20260930,1,20261001,1,20261002,1,20261005,1,20261006,1,20261007,1,20261008,1,20261009,1,20261013,1,20261014,1,20261015,1,20261016,1,20261019,1,20261020,1,20261021,1,20261022,1,20261023,1,20261026,1,20261027,1,20261028,1,20261029,1,20261030,1,20261102,1,20261103,1,20261104,1,20261105,1,20261106,1,20261109,1,20261110,1,20261111,1,20261112,1,20261113,1,20261116,1,20261117,1,20261118,1,20261119,1,20261120,1,20261123,1,20261124,1,20261125,1,20261126,1,20261127,1,20261130,1,20261201,1,20261202,1,20261203,1,20261204,1,20261207,1,20261208,1,20261209,1,20261210,1,20261211,1,20261214,1,20261215,1,20261216,1,20261217,1,20261218,1,20261221,1,20261222,1,20261223,1,20261224,1,20261228,1,20261229,1,20261230,1,20261231,1
'1495687',20260910,1,20260911,1,20260914,1,20260915,1,20260916,1,20260917,1,20260918,1,20260921,1,20260922,1,20260923,1,20260924,1,20260925,1,20260928,1,20260929,1,20260930,1,20261001,1,20261002,1,20261005,1,20261006,1,20261007,1,20261008,1,20261009,1,20261013,1,20261014,1,20261015,1,20261016,1,20261019,1,20261020,1,20261021,1,20261022,1,20261023,1,20261026,1,20261027,1,20261028,1,20261029,1,20261030,1,20261102,1,20261103,1,20261104,1,20261105,1,20261106,1,20261109,1,20261110,1,20261111,1,20261112,1,20261113,1,20261116,1,20261117,1,20261118,1,20261119,1,20261120,1,20261123,1,20261124,1,20261125,1,20261126,1,20261127,1,20261130,1,20261201,1,20261202,1,20261203,1,20261204,1,20261207,1,20261208,1,20261209,1,20261210,1,20261211,1,20261214,1,20261215,1,20261216,1,20261217,1,20261218,1,20261221,1,20261222,1,20261223,1,20261224,1,20261228,1,20261229,1,20261230,1,20261231,1
'1495688',20260910,1,20260911,1,20260914,1,20260915,1,20260916,1,20260917,1,20260918,1,20260921,1,20260922,1,20260923,1,20260924,1,20260925,1,20260928,1,20260929,1,20260930,1,20261001,1,20261002,1,20261005,1,20261006,1,20261007,1,20261008,1,20261009,1,20261013,1,20261014,1,20261015,1,20261016,1,20261019,1,20261020,1,20261021,1,20261022,1,20261023,1,20261026,1,20261027,1,20261028,1,20261029,1,20261030,1,20261102,1,20261103,1,20261104,1,20261105,1,20261106,1,20261109,1,20261110,1,20261111,1,20261112,1,20261113,1,20261116,1,20261117,1,20261118,1,20261119,1,20261120,1,20261123,1,20261124,1,20261125,1,20261126,1,20261127,1,20261130,1,20261201,1,20261202,1,20261203,1,20261204,1,20261207,1,20261208,1,20261209,1,20261210,1,20261211,1,20261214,1,20261215,1,20261216,1,20261217,1,20261218,1,20261221,1,20261222,1,20261223,1,20261224,1,20261228,1,20261229,1,20261230,1,20261231,1
'1495689',20260910,1,20260911,1,20260914,1,20260915,1,20260916,1,20260917,1,20260918,1,20260921,1,20260922,1,20260923,1,20260924,1,20260925,1,20260928,1,20260929,1,20260930,1,20261001,1,20261002,1,20261005,1,20261006,1,20261007,1,20261008,1,20261009,1,20261013,1,20261014,1,20261015,1,20261016,1,20261019,1,20261020,1,20261021,1,20261022,1,20261023,1,20261026,1,20261027,1,20261028,1,20261029,1,20261030,1,20261102,1,20261103,1,20261104,1,20261105,1,20261106,1,20261109,1,20261110,1,20261111,1,20261112,1,20261113,1,20261116,1,20261117,1,20261118,1,20261119,1,20261120,1,20261123,1,20261124,1,20261125,1,20261126,1,20261127,1,20261130,1,20261201,1,20261202,1,20261203,1,20261204,1,20261207,1,20261208,1,20261209,1,20261210,1,20261211,1,20261214,1,20261215,1,20261216,1,20261217,1,20261218,1,20261221,1,20261222,1,20261223,1,20261224,1,20261228,1,20261229,1,20261230,1,20261231,1
'1495690',20260910,1,20260911,1,20260914,1,20260915,1,20260916,1,20260917,1,20260918,1,20260921,1,20260922,1,20260923,1,20260924,1,20260925,1,20260928,1,20260929,1,20260930,1,20261001,1,20261002,1,20261005,1,20261006,1,20261007,1,20261008,1,20261009,1,20261013,1,20261014,1,20261015,1,20261016,1,20261019,1,20261020,1,20261021,1,20261022,1,20261023,1,20261026,1,20261027,1,20261028,1,20261029,1,20261030,1,20261102,1,20261103,1,20261104,1,20261105,1,20261106,1,20261109,1,20261110,1,20261111,1,20261112,1,20261113,1,20261116,1,20261117,1,20261118,1,20261119,1,20261120,1,20261123,1,20261124,1,20261125,1,20261126,1,20261127,1,20261130,1,20261201,1,20261202,1,20261203,1,20261204,1,20261207,1,20261208,1,20261209,1,20261210,1,20261211,1,20261214,1,20261215,1,20261216,1,20261217,1,20261218,1,20261221,1,20261222,1,20261223,1,20261224,1,20261228,1,20261229,1,20261230,1,20261231,1
'1495691',20260910,1,20260911,1,20260914,1,20260915,1,20260916,1,20260917,1,20260918,1,20260921,1,20260922,1,20260923,1,20260924,1,20260925,1,20260928,1,20260929,1,20260930,1,20261001,1,20261002,1,20261005,1,20261006,1,20261007,1,20261008,1,20261009,1,20261013,1,20261014,1,20261015,1,20261016,1,20261019,1,20261020,1,20261021,1,20261022,1,20261023,1,20261026,1,20261027,1,20261028,1,20261029,1,20261030,1,20261102,1,20261103,1,20261104,1,20261105,1,20261106,1,20261109,1,20261110,1,20261111,1,20261112,1,20261113,1,20261116,1,20261117,1,20261118,1,20261119,1,20261120,1,20261123,1,20261124,1,20261125,1,20261126,1,20261127,1,20261130,1,20261201,1,20261202,1,20261203,1,20261204,1,20261207,1,20261208,1,20261209,1,20261210,1,20261211,1,20261214,1,20261215,1,20261216,1,20261217,1,20261218,1,20261221,1,20261222,1,20261223,1,20261224,1,20261228,1,20261229,1,20261230,1,20261231,1
'1495692',20260910,1,20260911,1,20260914,1,20260915,1,20260916,1,20260917,1,20260918,1,20260921,1,20260922,1,20260923,1,20260924,1,20260925,1,20260928,1,20260929,1,20260930,1,20261001,1,20261002,1,20261005,1,20261006,1,20261007,1,20261008,1,20261009,1,20261013,1,20261014,1,20261015,1,20261016,1,20261019,1,20261020,1,20261021,1,20261022,1,20261023,1,20261026,1,20261027,1,20261028,1,20261029,1,20261030,1,20261102,1,20261103,1,20261104,1,20261105,1,20261106,1,20261109,1,20261110,1,20261111,1,20261112,1,20261113,1,20261116,1,20261117,1,20261118,1,20261119,1,20261120,1,20261123,1,20261124,1,20261125,1,20261126,1,20261127,1,20261130,1,20261201,1,20261202,1,20261203,1,20261204,1,20261207,1,20261208,1,20261209,1,20261210,1,20261211,1,20261214,1,20261215,1,20261216,1,20261217,1,20261218,1,20261221,1,20261222,1,20261223,1,20261224,1,20261228,1,20261229,1,20261230,1,20261231,1
'1495693',20260910,1,20260911,1,20260914,1,20260915,1,20260916,1,20260917,1,20260918,1,20260921,1,20260922,1,20260923,1,20260924,1,20260925,1,20260928,1,20260929,1,20260930,1,20261001,1,20261002,1,20261005,1,20261006,1,20261007,1,20261008,1,20261009,1,20261013,1,20261014,1,20261015,1,20261016,1,20261019,1,20261020,1,20261021,1,20261022,1,20261023,1,20261026,1,20261027,1,20261028,1,20261029,1,20261030,1,20261102,1,20261103,1,20261104,1,20261105,1,20261106,1,20261109,1,20261110,1,20261111,1,20261112,1,20261113,1,20261116,1,20261117,1,20261118,1,20261119,1,20261120,1,20261123,1,20261124,1,20261125,1,20261126,1,20261127,1,20261130,1,20261201,1,20261202,1,20261203,1,20261204,1,20261207,1,20261208,1,20261209,1,20261210,1,20261211,1,20261214,1,20261215,1,20261216,1,20261217,1,20261218,1,20261221,1,20261222,1,20261223,1,20261224,1,20261228,1,20261229,1,20261230,1,20261231,1
'1495694',20260910,1,20260911,1,20260914,1,20260915,1,20260916,1,20260917,1,20260918,1,20260921,1,20260922,1,20260923,1,20260924,1,20260925,1,20260928,1,20260929,1,20260930,1,20261001,1,20261002,1,20261005,1,20261006,1,20261007,1,20261008,1,20261009,1,20261013,1,20261014,1,20261015,1,20261016,1,20261019,1,20261020,1,20261021,1,20261022,1,20261023,1,20261026,1,20261027,1,20261028,1,20261029,1,20261030,1,20261102,1,20261103,1,20261104,1,20261105,1,20261106,1,20261109,1,20261110,1,20261111,1,20261112,1,20261113,1,20261116,1,20261117,1,20261118,1,20261119,1,20261120,1,20261123,1,20261124,1,20261125,1,20261126,1,20261127,1,20261130,1,20261201,1,20261202,1,20261203,1,20261204,1,20261207,1,20261208,1,20261209,1,20261210,1,20261211,1,20261214,1,20261215,1,20261216,1,20261217,1,20261218,1,20261221,1,20261222,1,20261223,1,20261224,1,20261228,1,20261229,1,20261230,1,20261231,1
'1495695',20260910,1,20260911,1,20260914,1,20260915,1,20260916,1,20260917,1,20260918,1,20260921,1,20260922,1,20260923,1,20260924,1,20260925,1,20260928,1,20260929,1,20260930,1,20261001,1,20261002,1,20261005,1,20261006,1,20261007,1,20261008,1,20261009,1,20261013,1,20261014,1,20261015,1,20261016,1,20261019,1,20261020,1,20261021,1,20261022,1,20261023,1,20261026,1,20261027,1,20261028,1,20261029,1,20261030,1,20261102,1,20261103,1,20261104,1,20261105,1,20261106,1,20261109,1,20261110,1,20261111,1,20261112,1,20261113,1,20261116,1,20261117,1,20261118,1,20261119,1,20261120,1,20261123,1,20261124,1,20261125,1,20261126,1,20261127,1,20261130,1,20261201,1,20261202,1,20261203,1,20261204,1,20261207,1,20261208,1,20261209,1,20261210,1,20261211,1,20261214,1,20261215,1,20261216,1,20261217,1,20261218,1,20261221,1,20261222,1,20261223,1,20261224,1,20261228,1,20261229,1,20261230,1,20261231,1
'1495696',20260910,1,20260911,1,20260914,1,20260915,1,20260916,1,20260917,1,20260918,1,20260921,1,20260922,1,20260923,1,20260924,1,20260925,1,20260928,1,20260929,1,20260930,1,20261001,1,20261002,1,20261005,1,20261006,1,20261007,1,20261008,1,20261009,1,20261013,1,20261014,1,20261015,1,20261016,1,20261019,1,20261020,1,20261021,1,20261022,1,20261023,1,20261026,1,20261027,1,20261028,1,20261029,1,20261030,1,20261102,1,20261103,1,20261104,1,20261105,1,20261106,1,20261109,1,20261110,1,20261111,1,20261112,1,20261113,1,20261116,1,20261117,1,20261118,1,20261119,1,20261120,1,20261123,1,20261124,1,20261125,1,20261126,1,20261127,1,20261130,1,20261201,1,20261202,1,20261203,1,20261204,1,20261207,1,20261208,1,20261209,1,20261210,1,20261211,1,20261214,1,20261215,1,20261216,1,20261217,1,20261218,1,20261221,1,20261222,1,20261223,1,20261224,1,20261228,1,20261229,1,20261230,1,20261231,1
'1495697',20260910,1,20260911,1,20260914,1,20260915,1,20260916,1,20260917,1,20260918,1,20260921,1,20260922,1,20260923,1,20260924,1,20260925,1,20260928,1,20260929,1,20260930,1,20261001,1,20261002,1,20261005,1,20261006,1,20261007,1,20261008,1,20261009,1,20261013,1,20261014,1,20261015,1,20261016,1,20261019,1,20261020,1,20261021,1,20261022,1,20261023,1,20261026,1,20261027,1,20261028,1,20261029,1,20261030,1,20261102,1,20261103,1,20261104,1,20261105,1,20261106,1,20261109,1,20261110,1,20261111,1,20261112,1,20261113,1,20261116,1,20261117,1,20261118,1,20261119,1,20261120,1,20261123,1,20261124,1,20261125,1,20261126,1,20261127,1,20261130,1,20261201,1,20261202,1,20261203,1,20261204,1,20261207,1,20261208,1,20261209,1,20261210,1,20261211,1,20261214,1,20261215,1,20261216,1,20261217,1,20261218,1,20261221,1,20261222,1,20261223,1,20261224,1,20261228,1,20261229,1,20261230,1,20261231,1
'1495698',20260910,1,20260911,1,20260914,1,20260915,1,20260916,1,20260917,1,20260918,1,20260921,1,20260922,1,20260923,1,20260924,1,20260925,1,20260928,1,20260929,1,20260930,1,20261001,1,20261002,1,20261005,1,20261006,1,20261007,1,20261008,1,20261009,1,20261013,1,20261014,1,20261015,1,20261016,1,20261019,1,20261020,1,20261021,1,20261022,1,20261023,1,20261026,1,20261027,1,20261028,1,20261029,1,20261030,1,20261102,1,20261103,1,20261104,1,20261105,1,20261106,1,20261109,1,20261110,1,20261111,1,20261112,1,20261113,1,20261116,1,20261117,1,20261118,1,20261119,1,20261120,1,20261123,1,20261124,1,20261125,1,20261126,1,20261127,1,20261130,1,20261201,1,20261202,1,20261203,1,20261204,1,20261207,1,20261208,1,20261209,1,20261210,1,20261211,1,20261214,1,20261215,1,20261216,1,20261217,1,20261218,1,20261221,1,20261222,1,20261223,1,20261224,1,20261228,1,20261229,1,20261230,1,20261231,1
'1495699',20260910,1,20260911,1,20260914,1,20260915,1,20260916,1,20260917,1,20260918,1,20260921,1,20260922,1,20260923,1,20260924,1,20260925,1,20260928,1,20260929,1,20260930,1,20261001,1,20261002,1,20261005,1,20261006,1,20261007,1,20261008,1,20261009,1,20261013,1,20261014,1,20261015,1,20261016,1,20261019,1,20261020,1,20261021,1,20261022,1,20261023,1,20261026,1,20261027,1,20261028,1,20261029,1,20261030,1,20261102,1,20261103,1,20261104,1,20261105,1,20261106,1,20261109,1,20261110,1,20261111,1,20261112,1,20261113,1,20261116,1,20261117,1,20261118,1,20261119,1,20261120,1,20261123,1,20261124,1,20261125,1,20261126,1,20261127,1,20261130,1,20261201,1,20261202,1,20261203,1,20261204,1,20261207,1,20261208,1,20261209,1,20261210,1,20261211,1,20261214,1,20261215,1,20261216,1,20261217,1,20261218,1,20261221,1,20261222,1,20261223,1,20261224,1,20261228,1,20261229,1,20261230,1,20261231,1
'1495700',20260910,1,20260911,1,20260914,1,20260915,1,20260916,1,20260917,1,20260918,1,20260921,1,20260922,1,20260923,1,20260924,1,20260925,1,20260928,1,20260929,1,20260930,1,20261001,1,20261002,1,20261005,1,20261006,1,20261007,1,20261008,1,20261009,1,20261013,1,20261014,1,20261015,1,20261016,1,20261019,1,20261020,1,20261021,1,20261022,1,20261023,1,20261026,1,20261027,1,20261028,1,20261029,1,20261030,1,20261102,1,20261103,1,20261104,1,20261105,1,20261106,1,20261109,1,20261110,1,20261111,1,20261112,1,20261113,1,20261116,1,20261117,1,20261118,1,20261119,1,20261120,1,20261123,1,20261124,1,20261125,1,20261126,1,20261127,1,20261130,1,20261201,1,20261202,1,20261203,1,20261204,1,20261207,1,20261208,1,20261209,1,20261210,1,20261211,1,20261214,1,20261215,1,20261216,1,20261217,1,20261218,1,20261221,1,20261222,1,20261223,1,20261224,1,20261228,1,20261229,1,20261230,1,20261231,1
'1495701',20260910,1,20260911,1,20260914,1,20260915,1,20260916,1,20260917,1,20260918,1,20260921,1,20260922,1,20260923,1,20260924,1,20260925,1,20260928,1,20260929,1,20260930,1,20261001,1,20261002,1,20261005,1,20261006,1,20261007,1,20261008,1,20261009,1,20261013,1,20261014,1,20261015,1,20261016,1,20261019,1,20261020,1,20261021,1,20261022,1,20261023,1,20261026,1,20261027,1,20261028,1,20261029,1,20261030,1,20261102,1,20261103,1,20261104,1,20261105,1,20261106,1,20261109,1,20261110,1,20261111,1,20261112,1,20261113,1,20261116,1,20261117,1,20261118,1,20261119,1,20261120,1,20261123,1,20261124,1,20261125,1,20261126,1,20261127,1,20261130,1,20261201,1,20261202,1,20261203,1,20261204,1,20261207,1,20261208,1,20261209,1,20261210,1,20261211,1,20261214,1,20261215,1,20261216,1,20261217,1,20261218,1,20261221,1,20261222,1,20261223,1,20261224,1,20261228,1,20261229,1,20261230,1,20261231,1
'1495702',20260910,1,20260911,1,20260914,1,20260915,1,20260916,1,20260917,1,20260918,1,20260921,1,20260922,1,20260923,1,20260924,1,20260925,1,20260928,1,20260929,1,20260930,1,20261001,1,20261002,1,20261005,1,20261006,1,20261007,1,20261008,1,20261009,1,20261013,1,20261014,1,20261015,1,20261016,1,20261019,1,20261020,1,20261021,1,20261022,1,20261023,1,20261026,1,20261027,1,20261028,1,20261029,1,20261030,1,20261102,1,20261103,1,20261104,1,20261105,1,20261106,1,20261109,1,20261110,1,20261111,1,20261112,1,20261113,1,20261116,1,20261117,1,20261118,1,20261119,1,20261120,1,20261123,1,20261124,1,20261125,1,20261126,1,20261127,1,20261130,1,20261201,1,20261202,1,20261203,1,20261204,1,20261207,1,20261208,1,20261209,1,20261210,1,20261211,1,20261214,1,20261215,1,20261216,1,20261217,1,20261218,1,20261221,1,20261222,1,20261223,1,20261224,1,20261228,1,20261229,1,20261230,1,20261231,1
'1495703',20260910,1,20260911,1,20260914,1,20260915,1,20260916,1,20260917,1,20260918,1,20260921,1,20260922,1,20260923,1,20260924,1,20260925,1,20260928,1,20260929,1,20260930,1,20261001,1,20261002,1,20261005,1,20261006,1,20261007,1,20261008,1,20261009,1,20261013,1,20261014,1,20261015,1,20261016,1,20261019,1,20261020,1,20261021,1,20261022,1,20261023,1,20261026,1,20261027,1,20261028,1,20261029,1,20261030,1,20261102,1,20261103,1,20261104,1,20261105,1,20261106,1,20261109,1,20261110,1,20261111,1,20261112,1,20261113,1,20261116,1,20261117,1,20261118,1,20261119,1,20261120,1,20261123,1,20261124,1,20261125,1,20261126,1,20261127,1,20261130,1,20261201,1,20261202,1,20261203,1,20261204,1,20261207,1,20261208,1,20261209,1,20261210,1,20261211,1,20261214,1,20261215,1,20261216,1,20261217,1,20261218,1,20261221,1,20261222,1,20261223,1,20261224,1,20261228,1,20261229,1,20261230,1,20261231,1
'1495704',20260910,1,20260911,1,20260914,1,20260915,1,20260916,1,20260917,1,20260918,1,20260921,1,20260922,1,20260923,1,20260924,1,20260925,1,20260928,1,20260929,1,20260930,1,20261001,1,20261002,1,20261005,1,20261006,1,20261007,1,20261008,1,20261009,1,20261013,1,20261014,1,20261015,1,20261016,1,20261019,1,20261020,1,20261021,1,20261022,1,20261023,1,20261026,1,20261027,1,20261028,1,20261029,1,20261030,1,20261102,1,20261103,1,20261104,1,20261105,1,20261106,1,20261109,1,20261110,1,20261111,1,20261112,1,20261113,1,20261116,1,20261117,1,20261118,1,20261119,1,20261120,1,20261123,1,20261124,1,20261125,1,20261126,1,20261127,1,20261130,1,20261201,1,20261202,1,20261203,1,20261204,1,20261207,1,20261208,1,20261209,1,20261210,1,20261211,1,20261214,1,20261215,1,20261216,1,20261217,1,20261218,1,20261221,1,20261222,1,20261223,1,20261224,1,20261228,1,20261229,1,20261230,1,20261231,1
'1495705',20260910,1,20260911,1,20260914,1,20260915,1,20260916,1,20260917,1,20260918,1,20260921,1,20260922,1,20260923,1,20260924,1,20260925,1,20260928,1,20260929,1,20260930,1,20261001,1,20261002,1,20261005,1,20261006,1,20261007,1,20261008,1,20261009,1,20261013,1,20261014,1,20261015,1,20261016,1,20261019,1,20261020,1,20261021,1,20261022,1,20261023,1,20261026,1,20261027,1,20261028,1,20261029,1,20261030,1,20261102,1,20261103,1,20261104,1,20261105,1,20261106,1,20261109,1,20261110,1,20261111,1,20261112,1,20261113,1,20261116,1,20261117,1,20261118,1,20261119,1,20261120,1,20261123,1,20261124,1,20261125,1,20261126,1,20261127,1,20261130,1,20261201,1,20261202,1,20261203,1,20261204,1,20261207,1,20261208,1,20261209,1,20261210,1,20261211,1,20261214,1,20261215,1,20261216,1,20261217,1,20261218,1,20261221,1,20261222,1,20261223,1,20261224,1,20261228,1,20261229,1,20261230,1,20261231,1
'1495706',20260910,1,20260911,1,20260914,1,20260915,1,20260916,1,20260917,1,20260918,1,20260921,1,20260922,1,20260923,1,20260924,1,20260925,1,20260928,1,20260929,1,20260930,1,20261001,1,20261002,1,20261005,1,20261006,1,20261007,1,20261008,1,20261009,1,20261013,1,20261014,1,20261015,1,20261016,1,20261019,1,20261020,1,20261021,1,20261022,1,20261023,1,20261026,1,20261027,1,20261028,1,20261029,1,20261030,1,20261102,1,20261103,1,20261104,1,20261105,1,20261106,1,20261109,1,20261110,1,20261111,1,20261112,1,20261113,1,20261116,1,20261117,1,20261118,1,20261119,1,20261120,1,20261123,1,20261124,1,20261125,1,20261126,1,20261127,1,20261130,1,20261201,1,20261202,1,20261203,1,20261204,1,20261207,1,20261208,1,20261209,1,20261210,1,20261211,1,20261214,1,20261215,1,20261216,1,20261217,1,20261218,1,20261221,1,20261222,1,20261223,1,20261224,1,20261228,1,20261229,1,20261230,1,20261231,1
'1495707',20260910,1,20260911,1,20260914,1,20260915,1,20260916,1,20260917,1,20260918,1,20260921,1,20260922,1,20260923,1,20260924,1,20260925,1,20260928,1,20260929,1,20260930,1,20261001,1,20261002,1,20261005,1,20261006,1,20261007,1,20261008,1,20261009,1,20261013,1,20261014,1,20261015,1,20261016,1,20261019,1,20261020,1,20261021,1,20261022,1,20261023,1,20261026,1,20261027,1,20261028,1,20261029,1,20261030,1,20261102,1,20261103,1,20261104,1,20261105,1,20261106,1,20261109,1,20261110,1,20261111,1,20261112,1,20261113,1,20261116,1,20261117,1,20261118,1,20261119,1,20261120,1,20261123,1,20261124,1,20261125,1,20261126,1,20261127,1,20261130,1,20261201,1,20261202,1,20261203,1,20261204,1,20261207,1,20261208,1,20261209,1,20261210,1,20261211,1,20261214,1,20261215,1,20261216,1,20261217,1,20261218,1,20261221,1,20261222,1,20261223,1,20261224,1,20261228,1,20261229,1,20261230,1,20261231,1
'1495708',20260910,1,20260911,1,20260914,1,20260915,1,20260916,1,20260917,1,20260918,1,20260921,1,20260922,1,20260923,1,20260924,1,20260925,1,20260928,1,20260929,1,20260930,1,20261001,1,20261002,1,20261005,1,20261006,1,20261007,1,20261008,1,20261009,1,20261013,1,20261014,1,20261015,1,20261016,1,20261019,1,20261020,1,20261021,1,20261022,1,20261023,1,20261026,1,20261027,1,20261028,1,20261029,1,20261030,1,20261102,1,20261103,1,20261104,1,20261105,1,20261106,1,20261109,1,20261110,1,20261111,1,20261112,1,20261113,1,20261116,1,20261117,1,20261118,1,20261119,1,20261120,1,20261123,1,20261124,1,20261125,1,20261126,1,20261127,1,20261130,1,20261201,1,20261202,1,20261203,1,20261204,1,20261207,1,20261208,1,20261209,1,20261210,1,20261211,1,20261214,1,20261215,1,20261216,1,20261217,1,20261218,1,20261221,1,20261222,1,20261223,1,20261224,1,20261228,1,20261229,1,20261230,1,20261231,1
'1495709',20260910,1,20260911,1,20260914,1,20260915,1,20260916,1,20260917,1,20260918,1,20260921,1,20260922,1,20260923,1,20260924,1,20260925,1,20260928,1,20260929,1,20260930,1,20261001,1,20261002,1,20261005,1,20261006,1,20261007,1,20261008,1,20261009,1,20261013,1,20261014,1,20261015,1,20261016,1,20261019,1,20261020,1,20261021,1,20261022,1,20261023,1,20261026,1,20261027,1,20261028,1,20261029,1,20261030,1,20261102,1,20261103,1,20261104,1,20261105,1,20261106,1,20261109,1,20261110,1,20261111,1,20261112,1,20261113,1,20261116,1,20261117,1,20261118,1,20261119,1,20261120,1,20261123,1,20261124,1,20261125,1,20261126,1,20261127,1,20261130,1,20261201,1,20261202,1,20261203,1,20261204,1,20261207,1,20261208,1,20261209,1,20261210,1,20261211,1,20261214,1,20261215,1,20261216,1,20261217,1,20261218,1,20261221,1,20261222,1,20261223,1,20261224,1,20261228,1,20261229,1,20261230,1,20261231,1
'1495710',20260910,1,20260911,1,20260914,1,20260915,1,20260916,1,20260917,1,20260918,1,20260921,1,20260922,1,20260923,1,20260924,1,20260925,1,20260928,1,20260929,1,20260930,1,20261001,1,20261002,1,20261005,1,20261006,1,20261007,1,20261008,1,20261009,1,20261013,1,20261014,1,20261015,1,20261016,1,20261019,1,20261020,1,20261021,1,20261022,1,20261023,1,20261026,1,20261027,1,20261028,1,20261029,1,20261030,1,20261102,1,20261103,1,20261104,1,20261105,1,20261106,1,20261109,1,20261110,1,20261111,1,20261112,1,20261113,1,20261116,1,20261117,1,20261118,1,20261119,1,20261120,1,20261123,1,20261124,1,20261125,1,20261126,1,20261127,1,20261130,1,20261201,1,20261202,1,20261203,1,20261204,1,20261207,1,20261208,1,20261209,1,20261210,1,20261211,1,20261214,1,20261215,1,20261216,1,20261217,1,20261218,1,20261221,1,20261222,1,20261223,1,20261224,1,20261228,1,20261229,1,20261230,1,20261231,1
'1495711',20260910,1,20260911,1,20260914,1,20260915,1,20260916,1,20260917,1,20260918,1,20260921,1,20260922,1,20260923,1,20260924,1,20260925,1,20260928,1,20260929,1,20260930,1,20261001,1,20261002,1,20261005,1,20261006,1,20261007,1,20261008,1,20261009,1,20261013,1,20261014,1,20261015,1,20261016,1,20261019,1,20261020,1,20261021,1,20261022,1,20261023,1,20261026,1,20261027,1,20261028,1,20261029,1,20261030,1,20261102,1,20261103,1,20261104,1,20261105,1,20261106,1,20261109,1,20261110,1,20261111,1,20261112,1,20261113,1,20261116,1,20261117,1,20261118,1,20261119,1,20261120,1,20261123,1,20261124,1,20261125,1,20261126,1,20261127,1,20261130,1,20261201,1,20261202,1,20261203,1,20261204,1,20261207,1,20261208,1,20261209,1,20261210,1,20261211,1,20261214,1,20261215,1,20261216,1,20261217,1,20261218,1,20261221,1,20261222,1,20261223,1,20261224,1,20261228,1,20261229,1,20261230,1,20261231,1
'1495712',20260910,1,20260911,1,20260914,1,20260915,1,20260916,1,20260917,1,20260918,1,20260921,1,20260922,1,20260923,1,20260924,1,20260925,1,20260928,1,20260929,1,20260930,1,20261001,1,20261002,1,20261005,1,20261006,1,20261007,1,20261008,1,20261009,1,20261013,1,20261014,1,20261015,1,20261016,1,20261019,1,20261020,1,20261021,1,20261022,1,20261023,1,20261026,1,20261027,1,20261028,1,20261029,1,20261030,1,20261102,1,20261103,1,20261104,1,20261105,1,20261106,1,20261109,1,20261110,1,20261111,1,20261112,1,20261113,1,20261116,1,20261117,1,20261118,1,20261119,1,20261120,1,20261123,1,20261124,1,20261125,1,20261126,1,20261127,1,20261130,1,20261201,1,20261202,1,20261203,1,20261204,1,20261207,1,20261208,1,20261209,1,20261210,1,20261211,1,20261214,1,20261215,1,20261216,1,20261217,1,20261218,1,20261221,1,20261222,1,20261223,1,20261224,1,20261228,1,20261229,1,20261230,1,20261231,1
'1495713',20260910,1,20260911,1,20260914,1,20260915,1,20260916,1,20260917,1,20260918,1,20260921,1,20260922,1,20260923,1,20260924,1,20260925,1,20260928,1,20260929,1,20260930,1,20261001,1,20261002,1,20261005,1,20261006,1,20261007,1,20261008,1,20261009,1,20261013,1,20261014,1,20261015,1,20261016,1,20261019,1,20261020,1,20261021,1,20261022,1,20261023,1,20261026,1,20261027,1,20261028,1,20261029,1,20261030,1,20261102,1,20261103,1,20261104,1,20261105,1,20261106,1,20261109,1,20261110,1,20261111,1,20261112,1,20261113,1,20261116,1,20261117,1,20261118,1,20261119,1,20261120,1,20261123,1,20261124,1,20261125,1,20261126,1,20261127,1,20261130,1,20261201,1,20261202,1,20261203,1,20261204,1,20261207,1,20261208,1,20261209,1,20261210,1,20261211,1,20261214,1,20261215,1,20261216,1,20261217,1,20261218,1,20261221,1,20261222,1,20261223,1,20261224,1,20261228,1,20261229,1,20261230,1,20261231,1
'1495714',20260910,1,20260911,1,20260914,1,20260915,1,20260916,1,20260917,1,20260918,1,20260921,1,20260922,1,20260923,1,20260924,1,20260925,1,20260928,1,20260929,1,20260930,1,20261001,1,20261002,1,20261005,1,20261006,1,20261007,1,20261008,1,20261009,1,20261013,1,20261014,1,20261015,1,20261016,1,20261019,1,20261020,1,20261021,1,20261022,1,20261023,1,20261026,1,20261027,1,20261028,1,20261029,1,20261030,1,20261102,1,20261103,1,20261104,1,20261105,1,20261106,1,20261109,1,20261110,1,20261111,1,20261112,1,20261113,1,20261116,1,20261117,1,20261118,1,20261119,1,20261120,1,20261123,1,20261124,1,20261125,1,20261126,1,20261127,1,20261130,1,20261201,1,20261202,1,20261203,1,20261204,1,20261207,1,20261208,1,20261209,1,20261210,1,20261211,1,20261214,1,20261215,1,20261216,1,20261217,1,20261218,1,20261221,1,20261222,1,20261223,1,20261224,1,20261228,1,20261229,1,20261230,1,20261231,1
'1495715',20260910,1,20260911,1,20260914,1,20260915,1,20260916,1,20260917,1,20260918,1,20260921,1,20260922,1,20260923,1,20260924,1,20260925,1,20260928,1,20260929,1,20260930,1,20261001,1,20261002,1,20261005,1,20261006,1,20261007,1,20261008,1,20261009,1,20261013,1,20261014,1,20261015,1,20261016,1,20261019,1,20261020,1,20261021,1,20261022,1,20261023,1,20261026,1,20261027,1,20261028,1,20261029,1,20261030,1,20261102,1,20261103,1,20261104,1,20261105,1,20261106,1,20261109,1,20261110,1,20261111,1,20261112,1,20261113,1,20261116,1,20261117,1,20261118,1,20261119,1,20261120,1,20261123,1,20261124,1,20261125,1,20261126,1,20261127,1,20261130,1,20261201,1,20261202,1,20261203,1,20261204,1,20261207,1,20261208,1,20261209,1,20261210,1,20261211,1,20261214,1,20261215,1,20261216,1,20261217,1,20261218,1,20261221,1,20261222,1,20261223,1,20261224,1,20261228,1,20261229,1,20261230,1,20261231,1
'1495716',20260910,1,20260911,1,20260914,1,20260915,1,20260916,1,20260917,1,20260918,1,20260921,1,20260922,1,20260923,1,20260924,1,20260925,1,20260928,1,20260929,1,20260930,1,20261001,1,20261002,1,20261005,1,20261006,1,20261007,1,20261008,1,20261009,1,20261013,1,20261014,1,20261015,1,20261016,1,20261019,1,20261020,1,20261021,1,20261022,1,20261023,1,20261026,1,20261027,1,20261028,1,20261029,1,20261030,1,20261102,1,20261103,1,20261104,1,20261105,1,20261106,1,20261109,1,20261110,1,20261111,1,20261112,1,20261113,1,20261116,1,20261117,1,20261118,1,20261119,1,20261120,1,20261123,1,20261124,1,20261125,1,20261126,1,20261127,1,20261130,1,20261201,1,20261202,1,20261203,1,20261204,1,20261207,1,20261208,1,20261209,1,20261210,1,20261211,1,20261214,1,20261215,1,20261216,1,20261217,1,20261218,1,20261221,1,20261222,1,20261223,1,20261224,1,20261228,1,20261229,1,20261230,1,20261231,1
'1495717',20260910,1,20260911,1,20260914,1,20260915,1,20260916,1,20260917,1,20260918,1,20260921,1,20260922,1,20260923,1,20260924,1,20260925,1,20260928,1,20260929,1,20260930,1,20261001,1,20261002,1,20261005,1,20261006,1,20261007,1,20261008,1,20261009,1,20261013,1,20261014,1,20261015,1,20261016,1,20261019,1,20261020,1,20261021,1,20261022,1,20261023,1,20261026,1,20261027,1,20261028,1,20261029,1,20261030,1,20261102,1,20261103,1,20261104,1,20261105,1,20261106,1,20261109,1,20261110,1,20261111,1,20261112,1,20261113,1,20261116,1,20261117,1,20261118,1,20261119,1,20261120,1,20261123,1,20261124,1,20261125,1,20261126,1,20261127,1,20261130,1,20261201,1,20261202,1,20261203,1,20261204,1,20261207,1,20261208,1,20261209,1,20261210,1,20261211,1,20261214,1,20261215,1,20261216,1,20261217,1,20261218,1,20261221,1,20261222,1,20261223,1,20261224,1,20261228,1,20261229,1,20261230,1,20261231,1
'1495718',20260910,1,20260911,1,20260914,1,20260915,1,20260916,1,20260917,1,20260918,1,20260921,1,20260922,1,20260923,1,20260924,1,20260925,1,20260928,1,20260929,1,20260930,1,20261001,1,20261002,1,20261005,1,20261006,1,20261007,1,20261008,1,20261009,1,20261013,1,20261014,1,20261015,1,20261016,1,20261019,1,20261020,1,20261021,1,20261022,1,20261023,1,20261026,1,20261027,1,20261028,1,20261029,1,20261030,1,20261102,1,20261103,1,20261104,1,20261105,1,20261106,1,20261109,1,20261110,1,20261111,1,20261112,1,20261113,1,20261116,1,20261117,1,20261118,1,20261119,1,20261120,1,20261123,1,20261124,1,20261125,1,20261126,1,20261127,1,20261130,1,20261201,1,20261202,1,20261203,1,20261204,1,20261207,1,20261208,1,20261209,1,20261210,1,20261211,1,20261214,1,20261215,1,20261216,1,20261217,1,20261218,1,20261221,1,20261222,1,20261223,1,20261224,1,20261228,1,20261229,1,20261230,1,20261231,1
'1495719',20260910,1,20260911,1,20260914,1,20260915,1,20260916,1,20260917,1,20260918,1,20260921,1,20260922,1,20260923,1,20260924,1,20260925,1,20260928,1,20260929,1,20260930,1,20261001,1,20261002,1,20261005,1,20261006,1,20261007,1,20261008,1,20261009,1,20261013,1,20261014,1,20261015,1,20261016,1,20261019,1,20261020,1,20261021,1,20261022,1,20261023,1,20261026,1,20261027,1,20261028,1,20261029,1,20261030,1,20261102,1,20261103,1,20261104,1,20261105,1,20261106,1,20261109,1,20261110,1,20261111,1,20261112,1,20261113,1,20261116,1,20261117,1,20261118,1,20261119,1,20261120,1,20261123,1,20261124,1,20261125,1,20261126,1,20261127,1,20261130,1,20261201,1,20261202,1,20261203,1,20261204,1,20261207,1,20261208,1,20261209,1,20261210,1,20261211,1,20261214,1,20261215,1,20261216,1,20261217,1,20261218,1,20261221,1,20261222,1,20261223,1,20261224,1,20261228,1,20261229,1,20261230,1,20261231,1
'1495720',20260910,1,20260911,1,20260914,1,20260915,1,20260916,1,20260917,1,20260918,1,20260921,1,20260922,1,20260923,1,20260924,1,20260925,1,20260928,1,20260929,1,20260930,1,20261001,1,20261002,1,20261005,1,20261006,1,20261007,1,20261008,1,20261009,1,20261013,1,20261014,1,20261015,1,20261016,1,20261019,1,20261020,1,20261021,1,20261022,1,20261023,1,20261026,1,20261027,1,20261028,1,20261029,1,20261030,1,20261102,1,20261103,1,20261104,1,20261105,1,20261106,1,20261109,1,20261110,1,20261111,1,20261112,1,20261113,1,20261116,1,20261117,1,20261118,1,20261119,1,20261120,1,20261123,1,20261124,1,20261125,1,20261126,1,20261127,1,20261130,1,20261201,1,20261202,1,20261203,1,20261204,1,20261207,1,20261208,1,20261209,1,20261210,1,20261211,1,20261214,1,20261215,1,20261216,1,20261217,1,20261218,1,20261221,1,20261222,1,20261223,1,20261224,1,20261228,1,20261229,1,20261230,1,20261231,1
'1495721',20260910,1,20260911,1,20260914,1,20260915,1,20260916,1,20260917,1,20260918,1,20260921,1,20260922,1,20260923,1,20260924,1,20260925,1,20260928,1,20260929,1,20260930,1,20261001,1,20261002,1,20261005,1,20261006,1,20261007,1,20261008,1,20261009,1,20261013,1,20261014,1,20261015,1,20261016,1,20261019,1,20261020,1,20261021,1,20261022,1,20261023,1,20261026,1,20261027,1,20261028,1,20261029,1,20261030,1,20261102,1,20261103,1,20261104,1,20261105,1,20261106,1,20261109,1,20261110,1,20261111,1,20261112,1,20261113,1,20261116,1,20261117,1,20261118,1,20261119,1,20261120,1,20261123,1,20261124,1,20261125,1,20261126,1,20261127,1,20261130,1,20261201,1,20261202,1,20261203,1,20261204,1,20261207,1,20261208,1,20261209,1,20261210,1,20261211,1,20261214,1,20261215,1,20261216,1,20261217,1,20261218,1,20261221,1,20261222,1,20261223,1,20261224,1,20261228,1,20261229,1,20261230,1,20261231,1
'1495722',20260910,1,20260911,1,20260914,1,20260915,1,20260916,1,20260917,1,20260918,1,20260921,1,20260922,1,20260923,1,20260924,1,20260925,1,20260928,1,20260929,1,20260930,1,20261001,1,20261002,1,20261005,1,20261006,1,20261007,1,20261008,1,20261009,1,20261013,1,20261014,1,20261015,1,20261016,1,20261019,1,20261020,1,20261021,1,20261022,1,20261023,1,20261026,1,20261027,1,20261028,1,20261029,1,20261030,1,20261102,1,20261103,1,20261104,1,20261105,1,20261106,1,20261109,1,20261110,1,20261111,1,20261112,1,20261113,1,20261116,1,20261117,1,20261118,1,20261119,1,20261120,1,20261123,1,20261124,1,20261125,1,20261126,1,20261127,1,20261130,1,20261201,1,20261202,1,20261203,1,20261204,1,20261207,1,20261208,1,20261209,1,20261210,1,20261211,1,20261214,1,20261215,1,20261216,1,20261217,1,20261218,1,20261221,1,20261222,1,20261223,1,20261224,1,20261228,1,20261229,1,20261230,1,20261231,1
'1495723',20260910,1,20260911,1,20260914,1,20260915,1,20260916,1,20260917,1,20260918,1,20260921,1,20260922,1,20260923,1,20260924,1,20260925,1,20260928,1,20260929,1,20260930,1,20261001,1,20261002,1,20261005,1,20261006,1,20261007,1,20261008,1,20261009,1,20261013,1,20261014,1,20261015,1,20261016,1,20261019,1,20261020,1,20261021,1,20261022,1,20261023,1,20261026,1,20261027,1,20261028,1,20261029,1,20261030,1,20261102,1,20261103,1,20261104,1,20261105,1,20261106,1,20261109,1,20261110,1,20261111,1,20261112,1,20261113,1,20261116,1,20261117,1,20261118,1,20261119,1,20261120,1,20261123,1,20261124,1,20261125,1,20261126,1,20261127,1,20261130,1,20261201,1,20261202,1,20261203,1,20261204,1,20261207,1,20261208,1,20261209,1,20261210,1,20261211,1,20261214,1,20261215,1,20261216,1,20261217,1,20261218,1,20261221,1,20261222,1,20261223,1,20261224,1,20261228,1,20261229,1,20261230,1,20261231,1
'1495724',20260910,1,20260911,1,20260914,1,20260915,1,20260916,1,20260917,1,20260918,1,20260921,1,20260922,1,20260923,1,20260924,1,20260925,1,20260928,1,20260929,1,20260930,1,20261001,1,20261002,1,20261005,1,20261006,1,20261007,1,20261008,1,20261009,1,20261013,1,20261014,1,20261015,1,20261016,1,20261019,1,20261020,1,20261021,1,20261022,1,20261023,1,20261026,1,20261027,1,20261028,1,20261029,1,20261030,1,20261102,1,20261103,1,20261104,1,20261105,1,20261106,1,20261109,1,20261110,1,20261111,1,20261112,1,20261113,1,20261116,1,20261117,1,20261118,1,20261119,1,20261120,1,20261123,1,20261124,1,20261125,1,20261126,1,20261127,1,20261130,1,20261201,1,20261202,1,20261203,1,20261204,1,20261207,1,20261208,1,20261209,1,20261210,1,20261211,1,20261214,1,20261215,1,20261216,1,20261217,1,20261218,1,20261221,1,20261222,1,20261223,1,20261224,1,20261228,1,20261229,1,20261230,1,20261231,1
'1495725',20260910,1,20260911,1,20260914,1,20260915,1,20260916,1,20260917,1,20260918,1,20260921,1,20260922,1,20260923,1,20260924,1,20260925,1,20260928,1,20260929,1,20260930,1,20261001,1,20261002,1,20261005,1,20261006,1,20261007,1,20261008,1,20261009,1,20261013,1,20261014,1,20261015,1,20261016,1,20261019,1,20261020,1,20261021,1,20261022,1,20261023,1,20261026,1,20261027,1,20261028,1,20261029,1,20261030,1,20261102,1,20261103,1,20261104,1,20261105,1,20261106,1,20261109,1,20261110,1,20261111,1,20261112,1,20261113,1,20261116,1,20261117,1,20261118,1,20261119,1,20261120,1,20261123,1,20261124,1,20261125,1,20261126,1,20261127,1,20261130,1,20261201,1,20261202,1,20261203,1,20261204,1,20261207,1,20261208,1,20261209,1,20261210,1,20261211,1,20261214,1,20261215,1,20261216,1,20261217,1,20261218,1,20261221,1,20261222,1,20261223,1,20261224,1,20261228,1,20261229,1,20261230,1,20261231,1
'1495726',20260910,1,20260911,1,20260914,1,20260915,1,20260916,1,20260917,1,20260918,1,20260921,1,20260922,1,20260923,1,20260924,1,20260925,1,20260928,1,20260929,1,20260930,1,20261001,1,20261002,1,20261005,1,20261006,1,20261007,1,20261008,1,20261009,1,20261013,1,20261014,1,20261015,1,20261016,1,20261019,1,20261020,1,20261021,1,20261022,1,20261023,1,20261026,1,20261027,1,20261028,1,20261029,1,20261030,1,20261102,1,20261103,1,20261104,1,20261105,1,20261106,1,20261109,1,20261110,1,20261111,1,20261112,1,20261113,1,20261116,1,20261117,1,20261118,1,20261119,1,20261120,1,20261123,1,20261124,1,20261125,1,20261126,1,20261127,1,20261130,1,20261201,1,20261202,1,20261203,1,20261204,1,20261207,1,20261208,1,20261209,1,20261210,1,20261211,1,20261214,1,20261215,1,20261216,1,20261217,1,20261218,1,20261221,1,20261222,1,20261223,1,20261224,1,20261228,1,20261229,1,20261230,1,20261231,1
'1495727',20260910,1,20260911,1,20260914,1,20260915,1,20260916,1,20260917,1,20260918,1,20260921,1,20260922,1,20260923,1,20260924,1,20260925,1,20260928,1,20260929,1,20260930,1,20261001,1,20261002,1,20261005,1,20261006,1,20261007,1,20261008,1,20261009,1,20261013,1,20261014,1,20261015,1,20261016,1,20261019,1,20261020,1,20261021,1,20261022,1,20261023,1,20261026,1,20261027,1,20261028,1,20261029,1,20261030,1,20261102,1,20261103,1,20261104,1,20261105,1,20261106,1,20261109,1,20261110,1,20261111,1,20261112,1,20261113,1,20261116,1,20261117,1,20261118,1,20261119,1,20261120,1,20261123,1,20261124,1,20261125,1,20261126,1,20261127,1,20261130,1,20261201,1,20261202,1,20261203,1,20261204,1,20261207,1,20261208,1,20261209,1,20261210,1,20261211,1,20261214,1,20261215,1,20261216,1,20261217,1,20261218,1,20261221,1,20261222,1,20261223,1,20261224,1,20261228,1,20261229,1,20261230,1,20261231,1
'1495728',20260910,1,20260911,1,20260914,1,20260915,1,20260916,1,20260917,1,20260918,1,20260921,1,20260922,1,20260923,1,20260924,1,20260925,1,20260928,1,20260929,1,20260930,1,20261001,1,20261002,1,20261005,1,20261006,1,20261007,1,20261008,1,20261009,1,20261013,1,20261014,1,20261015,1,20261016,1,20261019,1,20261020,1,20261021,1,20261022,1,20261023,1,20261026,1,20261027,1,20261028,1,20261029,1,20261030,1,20261102,1,20261103,1,20261104,1,20261105,1,20261106,1,20261109,1,20261110,1,20261111,1,20261112,1,20261113,1,20261116,1,20261117,1,20261118,1,20261119,1,20261120,1,20261123,1,20261124,1,20261125,1,20261126,1,20261127,1,20261130,1,20261201,1,20261202,1,20261203,1,20261204,1,20261207,1,20261208,1,20261209,1,20261210,1,20261211,1,20261214,1,20261215,1,20261216,1,20261217,1,20261218,1,20261221,1,20261222,1,20261223,1,20261224,1,20261228,1,20261229,1,20261230,1,20261231,1
'1495729',20260910,1,20260911,1,20260914,1,20260915,1,20260916,1,20260917,1,20260918,1,20260921,1,20260922,1,20260923,1,20260924,1,20260925,1,20260928,1,20260929,1,20260930,1,20261001,1,20261002,1,20261005,1,20261006,1,20261007,1,20261008,1,20261009,1,20261013,1,20261014,1,20261015,1,20261016,1,20261019,1,20261020,1,20261021,1,20261022,1,20261023,1,20261026,1,20261027,1,20261028,1,20261029,1,20261030,1,20261102,1,20261103,1,20261104,1,20261105,1,20261106,1,20261109,1,20261110,1,20261111,1,20261112,1,20261113,1,20261116,1,20261117,1,20261118,1,20261119,1,20261120,1,20261123,1,20261124,1,20261125,1,20261126,1,20261127,1,20261130,1,20261201,1,20261202,1,20261203,1,20261204,1,20261207,1,20261208,1,20261209,1,20261210,1,20261211,1,20261214,1,20261215,1,20261216,1,20261217,1,20261218,1,20261221,1,20261222,1,20261223,1,20261224,1,20261228,1,20261229,1,20261230,1,20261231,1
'1495730',20260910,1,20260911,1,20260914,1,20260915,1,20260916,1,20260917,1,20260918,1,20260921,1,20260922,1,20260923,1,20260924,1,20260925,1,20260928,1,20260929,1,20260930,1,20261001,1,20261002,1,20261005,1,20261006,1,20261007,1,20261008,1,20261009,1,20261013,1,20261014,1,20261015,1,20261016,1,20261019,1,20261020,1,20261021,1,20261022,1,20261023,1,20261026,1,20261027,1,20261028,1,20261029,1,20261030,1,20261102,1,20261103,1,20261104,1,20261105,1,20261106,1,20261109,1,20261110,1,20261111,1,20261112,1,20261113,1,20261116,1,20261117,1,20261118,1,20261119,1,20261120,1,20261123,1,20261124,1,20261125,1,20261126,1,20261127,1,20261130,1,20261201,1,20261202,1,20261203,1,20261204,1,20261207,1,20261208,1,20261209,1,20261210,1,20261211,1,20261214,1,20261215,1,20261216,1,20261217,1,20261218,1,20261221,1,20261222,1,20261223,1,20261224,1,20261228,1,20261229,1,20261230,1,20261231,1
'1495731',20260910,1,20260911,1,20260914,1,20260915,1,20260916,1,20260917,1,20260918,1,20260921,1,20260922,1,20260923,1,20260924,1,20260925,1,20260928,1,20260929,1,20260930,1,20261001,1,20261002,1,20261005,1,20261006,1,20261007,1,20261008,1,20261009,1,20261013,1,20261014,1,20261015,1,20261016,1,20261019,1,20261020,1,20261021,1,20261022,1,20261023,1,20261026,1,20261027,1,20261028,1,20261029,1,20261030,1,20261102,1,20261103,1,20261104,1,20261105,1,20261106,1,20261109,1,20261110,1,20261111,1,20261112,1,20261113,1,20261116,1,20261117,1,20261118,1,20261119,1,20261120,1,20261123,1,20261124,1,20261125,1,20261126,1,20261127,1,20261130,1,20261201,1,20261202,1,20261203,1,20261204,1,20261207,1,20261208,1,20261209,1,20261210,1,20261211,1,20261214,1,20261215,1,20261216,1,20261217,1,20261218,1,20261221,1,20261222,1,20261223,1,20261224,1,20261228,1,20261229,1,20261230,1,20261231,1
'1495732',20260910,1,20260911,1,20260914,1,20260915,1,20260916,1,20260917,1,20260918,1,20260921,1,20260922,1,20260923,1,20260924,1,20260925,1,20260928,1,20260929,1,20260930,1,20261001,1,20261002,1,20261005,1,20261006,1,20261007,1,20261008,1,20261009,1,20261013,1,20261014,1,20261015,1,20261016,1,20261019,1,20261020,1,20261021,1,20261022,1,20261023,1,20261026,1,20261027,1,20261028,1,20261029,1,20261030,1,20261102,1,20261103,1,20261104,1,20261105,1,20261106,1,20261109,1,20261110,1,20261111,1,20261112,1,20261113,1,20261116,1,20261117,1,20261118,1,20261119,1,20261120,1,20261123,1,20261124,1,20261125,1,20261126,1,20261127,1,20261130,1,20261201,1,20261202,1,20261203,1,20261204,1,20261207,1,20261208,1,20261209,1,20261210,1,20261211,1,20261214,1,20261215,1,20261216,1,20261217,1,20261218,1,20261221,1,20261222,1,20261223,1,20261224,1,20261228,1,20261229,1,20261230,1,20261231,1
'1495733',20260910,1,20260911,1,20260914,1,20260915,1,20260916,1,20260917,1,20260918,1,20260921,1,20260922,1,20260923,1,20260924,1,20260925,1,20260928,1,20260929,1,20260930,1,20261001,1,20261002,1,20261005,1,20261006,1,20261007,1,20261008,1,20261009,1,20261013,1,20261014,1,20261015,1,20261016,1,20261019,1,20261020,1,20261021,1,20261022,1,20261023,1,20261026,1,20261027,1,20261028,1,20261029,1,20261030,1,20261102,1,20261103,1,20261104,1,20261105,1,20261106,1,20261109,1,20261110,1,20261111,1,20261112,1,20261113,1,20261116,1,20261117,1,20261118,1,20261119,1,20261120,1,20261123,1,20261124,1,20261125,1,20261126,1,20261127,1,20261130,1,20261201,1,20261202,1,20261203,1,20261204,1,20261207,1,20261208,1,20261209,1,20261210,1,20261211,1,20261214,1,20261215,1,20261216,1,20261217,1,20261218,1,20261221,1,20261222,1,20261223,1,20261224,1,20261228,1,20261229,1,20261230,1,20261231,1
'1495734',20260910,1,20260911,1,20260914,1,20260915,1,20260916,1,20260917,1,20260918,1,20260921,1,20260922,1,20260923,1,20260924,1,20260925,1,20260928,1,20260929,1,20260930,1,20261001,1,20261002,1,20261005,1,20261006,1,20261007,1,20261008,1,20261009,1,20261013,1,20261014,1,20261015,1,20261016,1,20261019,1,20261020,1,20261021,1,20261022,1,20261023,1,20261026,1,20261027,1,20261028,1,20261029,1,20261030,1,20261102,1,20261103,1,20261104,1,20261105,1,20261106,1,20261109,1,20261110,1,20261111,1,20261112,1,20261113,1,20261116,1,20261117,1,20261118,1,20261119,1,20261120,1,20261123,1,20261124,1,20261125,1,20261126,1,20261127,1,20261130,1,20261201,1,20261202,1,20261203,1,20261204,1,20261207,1,20261208,1,20261209,1,20261210,1,20261211,1,20261214,1,20261215,1,20261216,1,20261217,1,20261218,1,20261221,1,20261222,1,20261223,1,20261224,1,20261228,1,20261229,1,20261230,1,20261231,1
'1495735',20260910,1,20260911,1,20260914,1,20260915,1,20260916,1,20260917,1,20260918,1,20260921,1,20260922,1,20260923,1,20260924,1,20260925,1,20260928,1,20260929,1,20260930,1,20261001,1,20261002,1,20261005,1,20261006,1,20261007,1,20261008,1,20261009,1,20261013,1,20261014,1,20261015,1,20261016,1,20261019,1,20261020,1,20261021,1,20261022,1,20261023,1,20261026,1,20261027,1,20261028,1,20261029,1,20261030,1,20261102,1,20261103,1,20261104,1,20261105,1,20261106,1,20261109,1,20261110,1,20261111,1,20261112,1,20261113,1,20261116,1,20261117,1,20261118,1,20261119,1,20261120,1,20261123,1,20261124,1,20261125,1,20261126,1,20261127,1,20261130,1,20261201,1,20261202,1,20261203,1,20261204,1,20261207,1,20261208,1,20261209,1,20261210,1,20261211,1,20261214,1,20261215,1,20261216,1,20261217,1,20261218,1,20261221,1,20261222,1,20261223,1,20261224,1,20261228,1,20261229,1,20261230,1,20261231,1
'1495736',20260910,1,20260911,1,20260914,1,20260915,1,20260916,1,20260917,1,20260918,1,20260921,1,20260922,1,20260923,1,20260924,1,20260925,1,20260928,1,20260929,1,20260930,1,20261001,1,20261002,1,20261005,1,20261006,1,20261007,1,20261008,1,20261009,1,20261013,1,20261014,1,20261015,1,20261016,1,20261019,1,20261020,1,20261021,1,20261022,1,20261023,1,20261026,1,20261027,1,20261028,1,20261029,1,20261030,1,20261102,1,20261103,1,20261104,1,20261105,1,20261106,1,20261109,1,20261110,1,20261111,1,20261112,1,20261113,1,20261116,1,20261117,1,20261118,1,20261119,1,20261120,1,20261123,1,20261124,1,20261125,1,20261126,1,20261127,1,20261130,1,20261201,1,20261202,1,20261203,1,20261204,1,20261207,1,20261208,1,20261209,1,20261210,1,20261211,1,20261214,1,20261215,1,20261216,1,20261217,1,20261218,1,20261221,1,20261222,1,20261223,1,20261224,1,20261228,1,20261229,1,20261230,1,20261231,1
'1495737',20260910,1,20260911,1,20260914,1,20260915,1,20260916,1,20260917,1,20260918,1,20260921,1,20260922,1,20260923,1,20260924,1,20260925,1,20260928,1,20260929,1,20260930,1,20261001,1,20261002,1,20261005,1,20261006,1,20261007,1,20261008,1,20261009,1,20261013,1,20261014,1,20261015,1,20261016,1,20261019,1,20261020,1,20261021,1,20261022,1,20261023,1,20261026,1,20261027,1,20261028,1,20261029,1,20261030,1,20261102,1,20261103,1,20261104,1,20261105,1,20261106,1,20261109,1,20261110,1,20261111,1,20261112,1,20261113,1,20261116,1,20261117,1,20261118,1,20261119,1,20261120,1,20261123,1,20261124,1,20261125,1,20261126,1,20261127,1,20261130,1,20261201,1,20261202,1,20261203,1,20261204,1,20261207,1,20261208,1,20261209,1,20261210,1,20261211,1,20261214,1,20261215,1,20261216,1,20261217,1,20261218,1,20261221,1,20261222,1,20261223,1,20261224,1,20261228,1,20261229,1,20261230,1,20261231,1
'1495738',20260910,1,20260911,1,20260914,1,20260915,1,20260916,1,20260917,1,20260918,1,20260921,1,20260922,1,20260923,1,20260924,1,20260925,1,20260928,1,20260929,1,20260930,1,20261001,1,20261002,1,20261005,1,20261006,1,20261007,1,20261008,1,20261009,1,20261013,1,20261014,1,20261015,1,20261016,1,20261019,1,20261020,1,20261021,1,20261022,1,20261023,1,20261026,1,20261027,1,20261028,1,20261029,1,20261030,1,20261102,1,20261103,1,20261104,1,20261105,1,20261106,1,20261109,1,20261110,1,20261111,1,20261112,1,20261113,1,20261116,1,20261117,1,20261118,1,20261119,1,20261120,1,20261123,1,20261124,1,20261125,1,20261126,1,20261127,1,20261130,1,20261201,1,20261202,1,20261203,1,20261204,1,20261207,1,20261208,1,20261209,1,20261210,1,20261211,1,20261214,1,20261215,1,20261216,1,20261217,1,20261218,1,20261221,1,20261222,1,20261223,1,20261224,1,20261228,1,20261229,1,20261230,1,20261231,1
'1495739',20260910,1,20260911,1,20260914,1,20260915,1,20260916,1,20260917,1,20260918,1,20260921,1,20260922,1,20260923,1,20260924,1,20260925,1,20260928,1,20260929,1,20260930,1,20261001,1,20261002,1,20261005,1,20261006,1,20261007,1,20261008,1,20261009,1,20261013,1,20261014,1,20261015,1,20261016,1,20261019,1,20261020,1,20261021,1,20261022,1,20261023,1,20261026,1,20261027,1,20261028,1,20261029,1,20261030,1,20261102,1,20261103,1,20261104,1,20261105,1,20261106,1,20261109,1,20261110,1,20261111,1,20261112,1,20261113,1,20261116,1,20261117,1,20261118,1,20261119,1,20261120,1,20261123,1,20261124,1,20261125,1,20261126,1,20261127,1,20261130,1,20261201,1,20261202,1,20261203,1,20261204,1,20261207,1,20261208,1,20261209,1,20261210,1,20261211,1,20261214,1,20261215,1,20261216,1,20261217,1,20261218,1,20261221,1,20261222,1,20261223,1,20261224,1,20261228,1,20261229,1,20261230,1,20261231,1
'1495740',20260910,1,20260911,1,20260914,1,20260915,1,20260916,1,20260917,1,20260918,1,20260921,1,20260922,1,20260923,1,20260924,1,20260925,1,20260928,1,20260929,1,20260930,1,20261001,1,20261002,1,20261005,1,20261006,1,20261007,1,20261008,1,20261009,1,20261013,1,20261014,1,20261015,1,20261016,1,20261019,1,20261020,1,20261021,1,20261022,1,20261023,1,20261026,1,20261027,1,20261028,1,20261029,1,20261030,1,20261102,1,20261103,1,20261104,1,20261105,1,20261106,1,20261109,1,20261110,1,20261111,1,20261112,1,20261113,1,20261116,1,20261117,1,20261118,1,20261119,1,20261120,1,20261123,1,20261124,1,20261125,1,20261126,1,20261127,1,20261130,1,20261201,1,20261202,1,20261203,1,20261204,1,20261207,1,20261208,1,20261209,1,20261210,1,20261211,1,20261214,1,20261215,1,20261216,1,20261217,1,20261218,1,20261221,1,20261222,1,20261223,1,20261224,1,20261228,1,20261229,1,20261230,1,20261231,1
'1495741',20260910,1,20260911,1,20260914,1,20260915,1,20260916,1,20260917,1,20260918,1,20260921,1,20260922,1,20260923,1,20260924,1,20260925,1,20260928,1,20260929,1,20260930,1,20261001,1,20261002,1,20261005,1,20261006,1,20261007,1,20261008,1,20261009,1,20261013,1,20261014,1,20261015,1,20261016,1,20261019,1,20261020,1,20261021,1,20261022,1,20261023,1,20261026,1,20261027,1,20261028,1,20261029,1,20261030,1,20261102,1,20261103,1,20261104,1,20261105,1,20261106,1,20261109,1,20261110,1,20261111,1,20261112,1,20261113,1,20261116,1,20261117,1,20261118,1,20261119,1,20261120,1,20261123,1,20261124,1,20261125,1,20261126,1,20261127,1,20261130,1,20261201,1,20261202,1,20261203,1,20261204,1,20261207,1,20261208,1,20261209,1,20261210,1,20261211,1,20261214,1,20261215,1,20261216,1,20261217,1,20261218,1,20261221,1,20261222,1,20261223,1,20261224,1,20261228,1,20261229,1,20261230,1,20261231,1
'1495742',20260910,1,20260911,1,20260914,1,20260915,1,20260916,1,20260917,1,20260918,1,20260921,1,20260922,1,20260923,1,20260924,1,20260925,1,20260928,1,20260929,1,20260930,1,20261001,1,20261002,1,20261005,1,20261006,1,20261007,1,20261008,1,20261009,1,20261013,1,20261014,1,20261015,1,20261016,1,20261019,1,20261020,1,20261021,1,20261022,1,20261023,1,20261026,1,20261027,1,20261028,1,20261029,1,20261030,1,20261102,1,20261103,1,20261104,1,20261105,1,20261106,1,20261109,1,20261110,1,20261111,1,20261112,1,20261113,1,20261116,1,20261117,1,20261118,1,20261119,1,20261120,1,20261123,1,20261124,1,20261125,1,20261126,1,20261127,1,20261130,1,20261201,1,20261202,1,20261203,1,20261204,1,20261207,1,20261208,1,20261209,1,20261210,1,20261211,1,20261214,1,20261215,1,20261216,1,20261217,1,20261218,1,20261221,1,20261222,1,20261223,1,20261224,1,20261228,1,20261229,1,20261230,1,20261231,1
'1495743',20260910,1,20260911,1,20260914,1,20260915,1,20260916,1,20260917,1,20260918,1,20260921,1,20260922,1,20260923,1,20260924,1,20260925,1,20260928,1,20260929,1,20260930,1,20261001,1,20261002,1,20261005,1,20261006,1,20261007,1,20261008,1,20261009,1,20261013,1,20261014,1,20261015,1,20261016,1,20261019,1,20261020,1,20261021,1,20261022,1,20261023,1,20261026,1,20261027,1,20261028,1,20261029,1,20261030,1,20261102,1,20261103,1,20261104,1,20261105,1,20261106,1,20261109,1,20261110,1,20261111,1,20261112,1,20261113,1,20261116,1,20261117,1,20261118,1,20261119,1,20261120,1,20261123,1,20261124,1,20261125,1,20261126,1,20261127,1,20261130,1,20261201,1,20261202,1,20261203,1,20261204,1,20261207,1,20261208,1,20261209,1,20261210,1,20261211,1,20261214,1,20261215,1,20261216,1,20261217,1,20261218,1,20261221,1,20261222,1,20261223,1,20261224,1,20261228,1,20261229,1,20261230,1,20261231,1
'1495744',20260910,1,20260911,1,20260914,1,20260915,1,20260916,1,20260917,1,20260918,1,20260921,1,20260922,1,20260923,1,20260924,1,20260925,1,20260928,1,20260929,1,20260930,1,20261001,1,20261002,1,20261005,1,20261006,1,20261007,1,20261008,1,20261009,1,20261013,1,20261014,1,20261015,1,20261016,1,20261019,1,20261020,1,20261021,1,20261022,1,20261023,1,20261026,1,20261027,1,20261028,1,20261029,1,20261030,1,20261102,1,20261103,1,20261104,1,20261105,1,20261106,1,20261109,1,20261110,1,20261111,1,20261112,1,20261113,1,20261116,1,20261117,1,20261118,1,20261119,1,20261120,1,20261123,1,20261124,1,20261125,1,20261126,1,20261127,1,20261130,1,20261201,1,20261202,1,20261203,1,20261204,1,20261207,1,20261208,1,20261209,1,20261210,1,20261211,1,20261214,1,20261215,1,20261216,1,20261217,1,20261218,1,20261221,1,20261222,1,20261223,1,20261224,1,20261228,1,20261229,1,20261230,1,20261231,1
'1495745',20260910,1,20260911,1,20260914,1,20260915,1,20260916,1,20260917,1,20260918,1,20260921,1,20260922,1,20260923,1,20260924,1,20260925,1,20260928,1,20260929,1,20260930,1,20261001,1,20261002,1,20261005,1,20261006,1,20261007,1,20261008,1,20261009,1,20261013,1,20261014,1,20261015,1,20261016,1,20261019,1,20261020,1,20261021,1,20261022,1,20261023,1,20261026,1,20261027,1,20261028,1,20261029,1,20261030,1,20261102,1,20261103,1,20261104,1,20261105,1,20261106,1,20261109,1,20261110,1,20261111,1,20261112,1,20261113,1,20261116,1,20261117,1,20261118,1,20261119,1,20261120,1,20261123,1,20261124,1,20261125,1,20261126,1,20261127,1,20261130,1,20261201,1,20261202,1,20261203,1,20261204,1,20261207,1,20261208,1,20261209,1,20261210,1,20261211,1,20261214,1,20261215,1,20261216,1,20261217,1,20261218,1,20261221,1,20261222,1,20261223,1,20261224,1,20261228,1,20261229,1,20261230,1,20261231,1
'1495746',20260910,1,20260911,1,20260914,1,20260915,1,20260916,1,20260917,1,20260918,1,20260921,1,20260922,1,20260923,1,20260924,1,20260925,1,20260928,1,20260929,1,20260930,1,20261001,1,20261002,1,20261005,1,20261006,1,20261007,1,20261008,1,20261009,1,20261013,1,20261014,1,20261015,1,20261016,1,20261019,1,20261020,1,20261021,1,20261022,1,20261023,1,20261026,1,20261027,1,20261028,1,20261029,1,20261030,1,20261102,1,20261103,1,20261104,1,20261105,1,20261106,1,20261109,1,20261110,1,20261111,1,20261112,1,20261113,1,20261116,1,20261117,1,20261118,1,20261119,1,20261120,1,20261123,1,20261124,1,20261125,1,20261126,1,20261127,1,20261130,1,20261201,1,20261202,1,20261203,1,20261204,1,20261207,1,20261208,1,20261209,1,20261210,1,20261211,1,20261214,1,20261215,1,20261216,1,20261217,1,20261218,1,20261221,1,20261222,1,20261223,1,20261224,1,20261228,1,20261229,1,20261230,1,20261231,1
'1495747',20260910,1,20260911,1,20260914,1,20260915,1,20260916,1,20260917,1,20260918,1,20260921,1,20260922,1,20260923,1,20260924,1,20260925,1,20260928,1,20260929,1,20260930,1,20261001,1,20261002,1,20261005,1,20261006,1,20261007,1,20261008,1,20261009,1,20261013,1,20261014,1,20261015,1,20261016,1,20261019,1,20261020,1,20261021,1,20261022,1,20261023,1,20261026,1,20261027,1,20261028,1,20261029,1,20261030,1,20261102,1,20261103,1,20261104,1,20261105,1,20261106,1,20261109,1,20261110,1,20261111,1,20261112,1,20261113,1,20261116,1,20261117,1,20261118,1,20261119,1,20261120,1,20261123,1,20261124,1,20261125,1,20261126,1,20261127,1,20261130,1,20261201,1,20261202,1,20261203,1,20261204,1,20261207,1,20261208,1,20261209,1,20261210,1,20261211,1,20261214,1,20261215,1,20261216,1,20261217,1,20261218,1,20261221,1,20261222,1,20261223,1,20261224,1,20261228,1,20261229,1,20261230,1,20261231,1
'1495748',20260910,1,20260911,1,20260914,1,20260915,1,20260916,1,20260917,1,20260918,1,20260921,1,20260922,1,20260923,1,20260924,1,20260925,1,20260928,1,20260929,1,20260930,1,20261001,1,20261002,1,20261005,1,20261006,1,20261007,1,20261008,1,20261009,1,20261013,1,20261014,1,20261015,1,20261016,1,20261019,1,20261020,1,20261021,1,20261022,1,20261023,1,20261026,1,20261027,1,20261028,1,20261029,1,20261030,1,20261102,1,20261103,1,20261104,1,20261105,1,20261106,1,20261109,1,20261110,1,20261111,1,20261112,1,20261113,1,20261116,1,20261117,1,20261118,1,20261119,1,20261120,1,20261123,1,20261124,1,20261125,1,20261126,1,20261127,1,20261130,1,20261201,1,20261202,1,20261203,1,20261204,1,20261207,1,20261208,1,20261209,1,20261210,1,20261211,1,20261214,1,20261215,1,20261216,1,20261217,1,20261218,1,20261221,1,20261222,1,20261223,1,20261224,1,20261228,1,20261229,1,20261230,1,20261231,1
'1495749',20260910,1,20260911,1,20260914,1,20260915,1,20260916,1,20260917,1,20260918,1,20260921,1,20260922,1,20260923,1,20260924,1,20260925,1,20260928,1,20260929,1,20260930,1,20261001,1,20261002,1,20261005,1,20261006,1,20261007,1,20261008,1,20261009,1,20261013,1,20261014,1,20261015,1,20261016,1,20261019,1,20261020,1,20261021,1,20261022,1,20261023,1,20261026,1,20261027,1,20261028,1,20261029,1,20261030,1,20261102,1,20261103,1,20261104,1,20261105,1,20261106,1,20261109,1,20261110,1,20261111,1,20261112,1,20261113,1,20261116,1,20261117,1,20261118,1,20261119,1,20261120,1,20261123,1,20261124,1,20261125,1,20261126,1,20261127,1,20261130,1,20261201,1,20261202,1,20261203,1,20261204,1,20261207,1,20261208,1,20261209,1,20261210,1,20261211,1,20261214,1,20261215,1,20261216,1,20261217,1,20261218,1,20261221,1,20261222,1,20261223,1,20261224,1,20261228,1,20261229,1,20261230,1,20261231,1
'1495750',20260910,1,20260911,1,20260914,1,20260915,1,20260916,1,20260917,1,20260918,1,20260921,1,20260922,1,20260923,1,20260924,1,20260925,1,20260928,1,20260929,1,20260930,1,20261001,1,20261002,1,20261005,1,20261006,1,20261007,1,20261008,1,20261009,1,20261013,1,20261014,1,20261015,1,20261016,1,20261019,1,20261020,1,20261021,1,20261022,1,20261023,1,20261026,1,20261027,1,20261028,1,20261029,1,20261030,1,20261102,1,20261103,1,20261104,1,20261105,1,20261106,1,20261109,1,20261110,1,20261111,1,20261112,1,20261113,1,20261116,1,20261117,1,20261118,1,20261119,1,20261120,1,20261123,1,20261124,1,20261125,1,20261126,1,20261127,1,20261130,1,20261201,1,20261202,1,20261203,1,20261204,1,20261207,1,20261208,1,20261209,1,20261210,1,20261211,1,20261214,1,20261215,1,20261216,1,20261217,1,20261218,1,20261221,1,20261222,1,20261223,1,20261224,1,20261228,1,20261229,1,20261230,1,20261231,1
'1495751',20260910,1,20260911,1,20260914,1,20260915,1,20260916,1,20260917,1,20260918,1,20260921,1,20260922,1,20260923,1,20260924,1,20260925,1,20260928,1,20260929,1,20260930,1,20261001,1,20261002,1,20261005,1,20261006,1,20261007,1,20261008,1,20261009,1,20261013,1,20261014,1,20261015,1,20261016,1,20261019,1,20261020,1,20261021,1,20261022,1,20261023,1,20261026,1,20261027,1,20261028,1,20261029,1,20261030,1,20261102,1,20261103,1,20261104,1,20261105,1,20261106,1,20261109,1,20261110,1,20261111,1,20261112,1,20261113,1,20261116,1,20261117,1,20261118,1,20261119,1,20261120,1,20261123,1,20261124,1,20261125,1,20261126,1,20261127,1,20261130,1,20261201,1,20261202,1,20261203,1,20261204,1,20261207,1,20261208,1,20261209,1,20261210,1,20261211,1,20261214,1,20261215,1,20261216,1,20261217,1,20261218,1,20261221,1,20261222,1,20261223,1,20261224,1,20261228,1,20261229,1,20261230,1,20261231,1
'1495752',20260910,1,20260911,1,20260914,1,20260915,1,20260916,1,20260917,1,20260918,1,20260921,1,20260922,1,20260923,1,20260924,1,20260925,1,20260928,1,20260929,1,20260930,1,20261001,1,20261002,1,20261005,1,20261006,1,20261007,1,20261008,1,20261009,1,20261013,1,20261014,1,20261015,1,20261016,1,20261019,1,20261020,1,20261021,1,20261022,1,20261023,1,20261026,1,20261027,1,20261028,1,20261029,1,20261030,1,20261102,1,20261103,1,20261104,1,20261105,1,20261106,1,20261109,1,20261110,1,20261111,1,20261112,1,20261113,1,20261116,1,20261117,1,20261118,1,20261119,1,20261120,1,20261123,1,20261124,1,20261125,1,20261126,1,20261127,1,20261130,1,20261201,1,20261202,1,20261203,1,20261204,1,20261207,1,20261208,1,20261209,1,20261210,1,20261211,1,20261214,1,20261215,1,20261216,1,20261217,1,20261218,1,20261221,1,20261222,1,20261223,1,20261224,1,20261228,1,20261229,1,20261230,1,20261231,1
'1495753',20260910,1,20260911,1,20260914,1,20260915,1,20260916,1,20260917,1,20260918,1,20260921,1,20260922,1,20260923,1,20260924,1,20260925,1,20260928,1,20260929,1,20260930,1,20261001,1,20261002,1,20261005,1,20261006,1,20261007,1,20261008,1,20261009,1,20261013,1,20261014,1,20261015,1,20261016,1,20261019,1,20261020,1,20261021,1,20261022,1,20261023,1,20261026,1,20261027,1,20261028,1,20261029,1,20261030,1,20261102,1,20261103,1,20261104,1,20261105,1,20261106,1,20261109,1,20261110,1,20261111,1,20261112,1,20261113,1,20261116,1,20261117,1,20261118,1,20261119,1,20261120,1,20261123,1,20261124,1,20261125,1,20261126,1,20261127,1,20261130,1,20261201,1,20261202,1,20261203,1,20261204,1,20261207,1,20261208,1,20261209,1,20261210,1,20261211,1,20261214,1,20261215,1,20261216,1,20261217,1,20261218,1,20261221,1,20261222,1,20261223,1,20261224,1,20261228,1,20261229,1,20261230,1,20261231,1
'1495754',20260910,1,20260911,1,20260914,1,20260915,1,20260916,1,20260917,1,20260918,1,20260921,1,20260922,1,20260923,1,20260924,1,20260925,1,20260928,1,20260929,1,20260930,1,20261001,1,20261002,1,20261005,1,20261006,1,20261007,1,20261008,1,20261009,1,20261013,1,20261014,1,20261015,1,20261016,1,20261019,1,20261020,1,20261021,1,20261022,1,20261023,1,20261026,1,20261027,1,20261028,1,20261029,1,20261030,1,20261102,1,20261103,1,20261104,1,20261105,1,20261106,1,20261109,1,20261110,1,20261111,1,20261112,1,20261113,1,20261116,1,20261117,1,20261118,1,20261119,1,20261120,1,20261123,1,20261124,1,20261125,1,20261126,1,20261127,1,20261130,1,20261201,1,20261202,1,20261203,1,20261204,1,20261207,1,20261208,1,20261209,1,20261210,1,20261211,1,20261214,1,20261215,1,20261216,1,20261217,1,20261218,1,20261221,1,20261222,1,20261223,1,20261224,1,20261228,1,20261229,1,20261230,1,20261231,1
'1495755',20260910,1,20260911,1,20260914,1,20260915,1,20260916,1,20260917,1,20260918,1,20260921,1,20260922,1,20260923,1,20260924,1,20260925,1,20260928,1,20260929,1,20260930,1,20261001,1,20261002,1,20261005,1,20261006,1,20261007,1,20261008,1,20261009,1,20261013,1,20261014,1,20261015,1,20261016,1,20261019,1,20261020,1,20261021,1,20261022,1,20261023,1,20261026,1,20261027,1,20261028,1,20261029,1,20261030,1,20261102,1,20261103,1,20261104,1,20261105,1,20261106,1,20261109,1,20261110,1,20261111,1,20261112,1,20261113,1,20261116,1,20261117,1,20261118,1,20261119,1,20261120,1,20261123,1,20261124,1,20261125,1,20261126,1,20261127,1,20261130,1,20261201,1,20261202,1,20261203,1,20261204,1,20261207,1,20261208,1,20261209,1,20261210,1,20261211,1,20261214,1,20261215,1,20261216,1,20261217,1,20261218,1,20261221,1,20261222,1,20261223,1,20261224,1,20261228,1,20261229,1,20261230,1,20261231,1
'1495756',20260910,1,20260911,1,20260914,1,20260915,1,20260916,1,20260917,1,20260918,1,20260921,1,20260922,1,20260923,1,20260924,1,20260925,1,20260928,1,20260929,1,20260930,1,20261001,1,20261002,1,20261005,1,20261006,1,20261007,1,20261008,1,20261009,1,20261013,1,20261014,1,20261015,1,20261016,1,20261019,1,20261020,1,20261021,1,20261022,1,20261023,1,20261026,1,20261027,1,20261028,1,20261029,1,20261030,1,20261102,1,20261103,1,20261104,1,20261105,1,20261106,1,20261109,1,20261110,1,20261111,1,20261112,1,20261113,1,20261116,1,20261117,1,20261118,1,20261119,1,20261120,1,20261123,1,20261124,1,20261125,1,20261126,1,20261127,1,20261130,1,20261201,1,20261202,1,20261203,1,20261204,1,20261207,1,20261208,1,20261209,1,20261210,1,20261211,1,20261214,1,20261215,1,20261216,1,20261217,1,20261218,1,20261221,1,20261222,1,20261223,1,20261224,1,20261228,1,20261229,1,20261230,1,20261231,1
'1495757',20260910,1,20260911,1,20260914,1,20260915,1,20260916,1,20260917,1,20260918,1,20260921,1,20260922,1,20260923,1,20260924,1,20260925,1,20260928,1,20260929,1,20260930,1,20261001,1,20261002,1,20261005,1,20261006,1,20261007,1,20261008,1,20261009,1,20261013,1,20261014,1,20261015,1,20261016,1,20261019,1,20261020,1,20261021,1,20261022,1,20261023,1,20261026,1,20261027,1,20261028,1,20261029,1,20261030,1,20261102,1,20261103,1,20261104,1,20261105,1,20261106,1,20261109,1,20261110,1,20261111,1,20261112,1,20261113,1,20261116,1,20261117,1,20261118,1,20261119,1,20261120,1,20261123,1,20261124,1,20261125,1,20261126,1,20261127,1,20261130,1,20261201,1,20261202,1,20261203,1,20261204,1,20261207,1,20261208,1,20261209,1,20261210,1,20261211,1,20261214,1,20261215,1,20261216,1,20261217,1,20261218,1,20261221,1,20261222,1,20261223,1,20261224,1,20261228,1,20261229,1,20261230,1,20261231,1
'1495758',20260910,1,20260911,1,20260914,1,20260915,1,20260916,1,20260917,1,20260918,1,20260921,1,20260922,1,20260923,1,20260924,1,20260925,1,20260928,1,20260929,1,20260930,1,20261001,1,20261002,1,20261005,1,20261006,1,20261007,1,20261008,1,20261009,1,20261013,1,20261014,1,20261015,1,20261016,1,20261019,1,20261020,1,20261021,1,20261022,1,20261023,1,20261026,1,20261027,1,20261028,1,20261029,1,20261030,1,20261102,1,20261103,1,20261104,1,20261105,1,20261106,1,20261109,1,20261110,1,20261111,1,20261112,1,20261113,1,20261116,1,20261117,1,20261118,1,20261119,1,20261120,1,20261123,1,20261124,1,20261125,1,20261126,1,20261127,1,20261130,1,20261201,1,20261202,1,20261203,1,20261204,1,20261207,1,20261208,1,20261209,1,20261210,1,20261211,1,20261214,1,20261215,1,20261216,1,20261217,1,20261218,1,20261221,1,20261222,1,20261223,1,20261224,1,20261228,1,20261229,1,20261230,1,20261231,1
'1495759',20260910,1,20260911,1,20260914,1,20260915,1,20260916,1,20260917,1,20260918,1,20260921,1,20260922,1,20260923,1,20260924,1,20260925,1,20260928,1,20260929,1,20260930,1,20261001,1,20261002,1,20261005,1,20261006,1,20261007,1,20261008,1,20261009,1,20261013,1,20261014,1,20261015,1,20261016,1,20261019,1,20261020,1,20261021,1,20261022,1,20261023,1,20261026,1,20261027,1,20261028,1,20261029,1,20261030,1,20261102,1,20261103,1,20261104,1,20261105,1,20261106,1,20261109,1,20261110,1,20261111,1,20261112,1,20261113,1,20261116,1,20261117,1,20261118,1,20261119,1,20261120,1,20261123,1,20261124,1,20261125,1,20261126,1,20261127,1,20261130,1,20261201,1,20261202,1,20261203,1,20261204,1,20261207,1,20261208,1,20261209,1,20261210,1,20261211,1,20261214,1,20261215,1,20261216,1,20261217,1,20261218,1,20261221,1,20261222,1,20261223,1,20261224,1,20261228,1,20261229,1,20261230,1,20261231,1
'1495760',20260910,1,20260911,1,20260914,1,20260915,1,20260916,1,20260917,1,20260918,1,20260921,1,20260922,1,20260923,1,20260924,1,20260925,1,20260928,1,20260929,1,20260930,1,20261001,1,20261002,1,20261005,1,20261006,1,20261007,1,20261008,1,20261009,1,20261013,1,20261014,1,20261015,1,20261016,1,20261019,1,20261020,1,20261021,1,20261022,1,20261023,1,20261026,1,20261027,1,20261028,1,20261029,1,20261030,1,20261102,1,20261103,1,20261104,1,20261105,1,20261106,1,20261109,1,20261110,1,20261111,1,20261112,1,20261113,1,20261116,1,20261117,1,20261118,1,20261119,1,20261120,1,20261123,1,20261124,1,20261125,1,20261126,1,20261127,1,20261130,1,20261201,1,20261202,1,20261203,1,20261204,1,20261207,1,20261208,1,20261209,1,20261210,1,20261211,1,20261214,1,20261215,1,20261216,1,20261217,1,20261218,1,20261221,1,20261222,1,20261223,1,20261224,1,20261228,1,20261229,1,20261230,1,20261231,1
'1495761',20260910,1,20260911,1,20260914,1,20260915,1,20260916,1,20260917,1,20260918,1,20260921,1,20260922,1,20260923,1,20260924,1,20260925,1,20260928,1,20260929,1,20260930,1,20261001,1,20261002,1,20261005,1,20261006,1,20261007,1,20261008,1,20261009,1,20261013,1,20261014,1,20261015,1,20261016,1,20261019,1,20261020,1,20261021,1,20261022,1,20261023,1,20261026,1,20261027,1,20261028,1,20261029,1,20261030,1,20261102,1,20261103,1,20261104,1,20261105,1,20261106,1,20261109,1,20261110,1,20261111,1,20261112,1,20261113,1,20261116,1,20261117,1,20261118,1,20261119,1,20261120,1,20261123,1,20261124,1,20261125,1,20261126,1,20261127,1,20261130,1,20261201,1,20261202,1,20261203,1,20261204,1,20261207,1,20261208,1,20261209,1,20261210,1,20261211,1,20261214,1,20261215,1,20261216,1,20261217,1,20261218,1,20261221,1,20261222,1,20261223,1,20261224,1,20261228,1,20261229,1,20261230,1,20261231,1
'1495762',20260910,1,20260911,1,20260914,1,20260915,1,20260916,1,20260917,1,20260918,1,20260921,1,20260922,1,20260923,1,20260924,1,20260925,1,20260928,1,20260929,1,20260930,1,20261001,1,20261002,1,20261005,1,20261006,1,20261007,1,20261008,1,20261009,1,20261013,1,20261014,1,20261015,1,20261016,1,20261019,1,20261020,1,20261021,1,20261022,1,20261023,1,20261026,1,20261027,1,20261028,1,20261029,1,20261030,1,20261102,1,20261103,1,20261104,1,20261105,1,20261106,1,20261109,1,20261110,1,20261111,1,20261112,1,20261113,1,20261116,1,20261117,1,20261118,1,20261119,1,20261120,1,20261123,1,20261124,1,20261125,1,20261126,1,20261127,1,20261130,1,20261201,1,20261202,1,20261203,1,20261204,1,20261207,1,20261208,1,20261209,1,20261210,1,20261211,1,20261214,1,20261215,1,20261216,1,20261217,1,20261218,1,20261221,1,20261222,1,20261223,1,20261224,1,20261228,1,20261229,1,20261230,1,20261231,1
'1495763',20260910,1,20260911,1,20260914,1,20260915,1,20260916,1,20260917,1,20260918,1,20260921,1,20260922,1,20260923,1,20260924,1,20260925,1,20260928,1,20260929,1,20260930,1,20261001,1,20261002,1,20261005,1,20261006,1,20261007,1,20261008,1,20261009,1,20261013,1,20261014,1,20261015,1,20261016,1,20261019,1,20261020,1,20261021,1,20261022,1,20261023,1,20261026,1,20261027,1,20261028,1,20261029,1,20261030,1,20261102,1,20261103,1,20261104,1,20261105,1,20261106,1,20261109,1,20261110,1,20261111,1,20261112,1,20261113,1,20261116,1,20261117,1,20261118,1,20261119,1,20261120,1,20261123,1,20261124,1,20261125,1,20261126,1,20261127,1,20261130,1,20261201,1,20261202,1,20261203,1,20261204,1,20261207,1,20261208,1,20261209,1,20261210,1,20261211,1,20261214,1,20261215,1,20261216,1,20261217,1,20261218,1,20261221,1,20261222,1,20261223,1,20261224,1,20261228,1,20261229,1,20261230,1,20261231,1
'1495764',20260910,1,20260911,1,20260914,1,20260915,1,20260916,1,20260917,1,20260918,1,20260921,1,20260922,1,20260923,1,20260924,1,20260925,1,20260928,1,20260929,1,20260930,1,20261001,1,20261002,1,20261005,1,20261006,1,20261007,1,20261008,1,20261009,1,20261013,1,20261014,1,20261015,1,20261016,1,20261019,1,20261020,1,20261021,1,20261022,1,20261023,1,20261026,1,20261027,1,20261028,1,20261029,1,20261030,1,20261102,1,20261103,1,20261104,1,20261105,1,20261106,1,20261109,1,20261110,1,20261111,1,20261112,1,20261113,1,20261116,1,20261117,1,20261118,1,20261119,1,20261120,1,20261123,1,20261124,1,20261125,1,20261126,1,20261127,1,20261130,1,20261201,1,20261202,1,20261203,1,20261204,1,20261207,1,20261208,1,20261209,1,20261210,1,20261211,1,20261214,1,20261215,1,20261216,1,20261217,1,20261218,1,20261221,1,20261222,1,20261223,1,20261224,1,20261228,1,20261229,1,20261230,1,20261231,1
'1495765',20260910,1,20260911,1,20260914,1,20260915,1,20260916,1,20260917,1,20260918,1,20260921,1,20260922,1,20260923,1,20260924,1,20260925,1,20260928,1,20260929,1,20260930,1,20261001,1,20261002,1,20261005,1,20261006,1,20261007,1,20261008,1,20261009,1,20261013,1,20261014,1,20261015,1,20261016,1,20261019,1,20261020,1,20261021,1,20261022,1,20261023,1,20261026,1,20261027,1,20261028,1,20261029,1,20261030,1,20261102,1,20261103,1,20261104,1,20261105,1,20261106,1,20261109,1,20261110,1,20261111,1,20261112,1,20261113,1,20261116,1,20261117,1,20261118,1,20261119,1,20261120,1,20261123,1,20261124,1,20261125,1,20261126,1,20261127,1,20261130,1,20261201,1,20261202,1,20261203,1,20261204,1,20261207,1,20261208,1,20261209,1,20261210,1,20261211,1,20261214,1,20261215,1,20261216,1,20261217,1,20261218,1,20261221,1,20261222,1,20261223,1,20261224,1,20261228,1,20261229,1,20261230,1,20261231,1
'1495766',20260910,1,20260911,1,20260914,1,20260915,1,20260916,1,20260917,1,20260918,1,20260921,1,20260922,1,20260923,1,20260924,1,20260925,1,20260928,1,20260929,1,20260930,1,20261001,1,20261002,1,20261005,1,20261006,1,20261007,1,20261008,1,20261009,1,20261013,1,20261014,1,20261015,1,20261016,1,20261019,1,20261020,1,20261021,1,20261022,1,20261023,1,20261026,1,20261027,1,20261028,1,20261029,1,20261030,1,20261102,1,20261103,1,20261104,1,20261105,1,20261106,1,20261109,1,20261110,1,20261111,1,20261112,1,20261113,1,20261116,1,20261117,1,20261118,1,20261119,1,20261120,1,20261123,1,20261124,1,20261125,1,20261126,1,20261127,1,20261130,1,20261201,1,20261202,1,20261203,1,20261204,1,20261207,1,20261208,1,20261209,1,20261210,1,20261211,1,20261214,1,20261215,1,20261216,1,20261217,1,20261218,1,20261221,1,20261222,1,20261223,1,20261224,1,20261228,1,20261229,1,20261230,1,20261231,1
'1495767',20260910,1,20260911,1,20260914,1,20260915,1,20260916,1,20260917,1,20260918,1,20260921,1,20260922,1,20260923,1,20260924,1,20260925,1,20260928,1,20260929,1,20260930,1,20261001,1,20261002,1,20261005,1,20261006,1,20261007,1,20261008,1,20261009,1,20261013,1,20261014,1,20261015,1,20261016,1,20261019,1,20261020,1,20261021,1,20261022,1,20261023,1,20261026,1,20261027,1,20261028,1,20261029,1,20261030,1,20261102,1,20261103,1,20261104,1,20261105,1,20261106,1,20261109,1,20261110,1,20261111,1,20261112,1,20261113,1,20261116,1,20261117,1,20261118,1,20261119,1,20261120,1,20261123,1,20261124,1,20261125,1,20261126,1,20261127,1,20261130,1,20261201,1,20261202,1,20261203,1,20261204,1,20261207,1,20261208,1,20261209,1,20261210,1,20261211,1,20261214,1,20261215,1,20261216,1,20261217,1,20261218,1,20261221,1,20261222,1,20261223,1,20261224,1,20261228,1,20261229,1,20261230,1,20261231,1
'1495768',20260910,1,20260911,1,20260914,1,20260915,1,20260916,1,20260917,1,20260918,1,20260921,1,20260922,1,20260923,1,20260924,1,20260925,1,20260928,1,20260929,1,20260930,1,20261001,1,20261002,1,20261005,1,20261006,1,20261007,1,20261008,1,20261009,1,20261013,1,20261014,1,20261015,1,20261016,1,20261019,1,20261020,1,20261021,1,20261022,1,20261023,1,20261026,1,20261027,1,20261028,1,20261029,1,20261030,1,20261102,1,20261103,1,20261104,1,20261105,1,20261106,1,20261109,1,20261110,1,20261111,1,20261112,1,20261113,1,20261116,1,20261117,1,20261118,1,20261119,1,20261120,1,20261123,1,20261124,1,20261125,1,20261126,1,20261127,1,20261130,1,20261201,1,20261202,1,20261203,1,20261204,1,20261207,1,20261208,1,20261209,1,20261210,1,20261211,1,20261214,1,20261215,1,20261216,1,20261217,1,20261218,1,20261221,1,20261222,1,20261223,1,20261224,1,20261228,1,20261229,1,20261230,1,20261231,1
'1495769',20260910,1,20260911,1,20260914,1,20260915,1,20260916,1,20260917,1,20260918,1,20260921,1,20260922,1,20260923,1,20260924,1,20260925,1,20260928,1,20260929,1,20260930,1,20261001,1,20261002,1,20261005,1,20261006,1,20261007,1,20261008,1,20261009,1,20261013,1,20261014,1,20261015,1,20261016,1,20261019,1,20261020,1,20261021,1,20261022,1,20261023,1,20261026,1,20261027,1,20261028,1,20261029,1,20261030,1,20261102,1,20261103,1,20261104,1,20261105,1,20261106,1,20261109,1,20261110,1,20261111,1,20261112,1,20261113,1,20261116,1,20261117,1,20261118,1,20261119,1,20261120,1,20261123,1,20261124,1,20261125,1,20261126,1,20261127,1,20261130,1,20261201,1,20261202,1,20261203,1,20261204,1,20261207,1,20261208,1,20261209,1,20261210,1,20261211,1,20261214,1,20261215,1,20261216,1,20261217,1,20261218,1,20261221,1,20261222,1,20261223,1,20261224,1,20261228,1,20261229,1,20261230,1,20261231,1
'1495770',20260910,1,20260911,1,20260914,1,20260915,1,20260916,1,20260917,1,20260918,1,20260921,1,20260922,1,20260923,1,20260924,1,20260925,1,20260928,1,20260929,1,20260930,1,20261001,1,20261002,1,20261005,1,20261006,1,20261007,1,20261008,1,20261009,1,20261013,1,20261014,1,20261015,1,20261016,1,20261019,1,20261020,1,20261021,1,20261022,1,20261023,1,20261026,1,20261027,1,20261028,1,20261029,1,20261030,1,20261102,1,20261103,1,20261104,1,20261105,1,20261106,1,20261109,1,20261110,1,20261111,1,20261112,1,20261113,1,20261116,1,20261117,1,20261118,1,20261119,1,20261120,1,20261123,1,20261124,1,20261125,1,20261126,1,20261127,1,20261130,1,20261201,1,20261202,1,20261203,1,20261204,1,20261207,1,20261208,1,20261209,1,20261210,1,20261211,1,20261214,1,20261215,1,20261216,1,20261217,1,20261218,1,20261221,1,20261222,1,20261223,1,20261224,1,20261228,1,20261229,1,20261230,1,20261231,1
'1495771',20260910,1,20260911,1,20260914,1,20260915,1,20260916,1,20260917,1,20260918,1,20260921,1,20260922,1,20260923,1,20260924,1,20260925,1,20260928,1,20260929,1,20260930,1,20261001,1,20261002,1,20261005,1,20261006,1,20261007,1,20261008,1,20261009,1,20261013,1,20261014,1,20261015,1,20261016,1,20261019,1,20261020,1,20261021,1,20261022,1,20261023,1,20261026,1,20261027,1,20261028,1,20261029,1,20261030,1,20261102,1,20261103,1,20261104,1,20261105,1,20261106,1,20261109,1,20261110,1,20261111,1,20261112,1,20261113,1,20261116,1,20261117,1,20261118,1,20261119,1,20261120,1,20261123,1,20261124,1,20261125,1,20261126,1,20261127,1,20261130,1,20261201,1,20261202,1,20261203,1,20261204,1,20261207,1,20261208,1,20261209,1,20261210,1,20261211,1,20261214,1,20261215,1,20261216,1,20261217,1,20261218,1,20261221,1,20261222,1,20261223,1,20261224,1,20261228,1,20261229,1,20261230,1,20261231,1
'1495772',20260910,1,20260911,1,20260914,1,20260915,1,20260916,1,20260917,1,20260918,1,20260921,1,20260922,1,20260923,1,20260924,1,20260925,1,20260928,1,20260929,1,20260930,1,20261001,1,20261002,1,20261005,1,20261006,1,20261007,1,20261008,1,20261009,1,20261013,1,20261014,1,20261015,1,20261016,1,20261019,1,20261020,1,20261021,1,20261022,1,20261023,1,20261026,1,20261027,1,20261028,1,20261029,1,20261030,1,20261102,1,20261103,1,20261104,1,20261105,1,20261106,1,20261109,1,20261110,1,20261111,1,20261112,1,20261113,1,20261116,1,20261117,1,20261118,1,20261119,1,20261120,1,20261123,1,20261124,1,20261125,1,20261126,1,20261127,1,20261130,1,20261201,1,20261202,1,20261203,1,20261204,1,20261207,1,20261208,1,20261209,1,20261210,1,20261211,1,20261214,1,20261215,1,20261216,1,20261217,1,20261218,1,20261221,1,20261222,1,20261223,1,20261224,1,20261228,1,20261229,1,20261230,1,20261231,1
'1495773',20260910,1,20260911,1,20260914,1,20260915,1,20260916,1,20260917,1,20260918,1,20260921,1,20260922,1,20260923,1,20260924,1,20260925,1,20260928,1,20260929,1,20260930,1,20261001,1,20261002,1,20261005,1,20261006,1,20261007,1,20261008,1,20261009,1,20261013,1,20261014,1,20261015,1,20261016,1,20261019,1,20261020,1,20261021,1,20261022,1,20261023,1,20261026,1,20261027,1,20261028,1,20261029,1,20261030,1,20261102,1,20261103,1,20261104,1,20261105,1,20261106,1,20261109,1,20261110,1,20261111,1,20261112,1,20261113,1,20261116,1,20261117,1,20261118,1,20261119,1,20261120,1,20261123,1,20261124,1,20261125,1,20261126,1,20261127,1,20261130,1,20261201,1,20261202,1,20261203,1,20261204,1,20261207,1,20261208,1,20261209,1,20261210,1,20261211,1,20261214,1,20261215,1,20261216,1,20261217,1,20261218,1,20261221,1,20261222,1,20261223,1,20261224,1,20261228,1,20261229,1,20261230,1,20261231,1
'1495774',20260910,1,20260911,1,20260914,1,20260915,1,20260916,1,20260917,1,20260918,1,20260921,1,20260922,1,20260923,1,20260924,1,20260925,1,20260928,1,20260929,1,20260930,1,20261001,1,20261002,1,20261005,1,20261006,1,20261007,1,20261008,1,20261009,1,20261013,1,20261014,1,20261015,1,20261016,1,20261019,1,20261020,1,20261021,1,20261022,1,20261023,1,20261026,1,20261027,1,20261028,1,20261029,1,20261030,1,20261102,1,20261103,1,20261104,1,20261105,1,20261106,1,20261109,1,20261110,1,20261111,1,20261112,1,20261113,1,20261116,1,20261117,1,20261118,1,20261119,1,20261120,1,20261123,1,20261124,1,20261125,1,20261126,1,20261127,1,20261130,1,20261201,1,20261202,1,20261203,1,20261204,1,20261207,1,20261208,1,20261209,1,20261210,1,20261211,1,20261214,1,20261215,1,20261216,1,20261217,1,20261218,1,20261221,1,20261222,1,20261223,1,20261224,1,20261228,1,20261229,1,20261230,1,20261231,1
'1495775',20260910,1,20260911,1,20260914,1,20260915,1,20260916,1,20260917,1,20260918,1,20260921,1,20260922,1,20260923,1,20260924,1,20260925,1,20260928,1,20260929,1,20260930,1,20261001,1,20261002,1,20261005,1,20261006,1,20261007,1,20261008,1,20261009,1,20261013,1,20261014,1,20261015,1,20261016,1,20261019,1,20261020,1,20261021,1,20261022,1,20261023,1,20261026,1,20261027,1,20261028,1,20261029,1,20261030,1,20261102,1,20261103,1,20261104,1,20261105,1,20261106,1,20261109,1,20261110,1,20261111,1,20261112,1,20261113,1,20261116,1,20261117,1,20261118,1,20261119,1,20261120,1,20261123,1,20261124,1,20261125,1,20261126,1,20261127,1,20261130,1,20261201,1,20261202,1,20261203,1,20261204,1,20261207,1,20261208,1,20261209,1,20261210,1,20261211,1,20261214,1,20261215,1,20261216,1,20261217,1,20261218,1,20261221,1,20261222,1,20261223,1,20261224,1,20261228,1,20261229,1,20261230,1,20261231,1
'1495776',20260910,1,20260911,1,20260914,1,20260915,1,20260916,1,20260917,1,20260918,1,20260921,1,20260922,1,20260923,1,20260924,1,20260925,1,20260928,1,20260929,1,20260930,1,20261001,1,20261002,1,20261005,1,20261006,1,20261007,1,20261008,1,20261009,1,20261013,1,20261014,1,20261015,1,20261016,1,20261019,1,20261020,1,20261021,1,20261022,1,20261023,1,20261026,1,20261027,1,20261028,1,20261029,1,20261030,1,20261102,1,20261103,1,20261104,1,20261105,1,20261106,1,20261109,1,20261110,1,20261111,1,20261112,1,20261113,1,20261116,1,20261117,1,20261118,1,20261119,1,20261120,1,20261123,1,20261124,1,20261125,1,20261126,1,20261127,1,20261130,1,20261201,1,20261202,1,20261203,1,20261204,1,20261207,1,20261208,1,20261209,1,20261210,1,20261211,1,20261214,1,20261215,1,20261216,1,20261217,1,20261218,1,20261221,1,20261222,1,20261223,1,20261224,1,20261228,1,20261229,1,20261230,1,20261231,1
'1495777',20260910,1,20260911,1,20260914,1,20260915,1,20260916,1,20260917,1,20260918,1,20260921,1,20260922,1,20260923,1,20260924,1,20260925,1,20260928,1,20260929,1,20260930,1,20261001,1,20261002,1,20261005,1,20261006,1,20261007,1,20261008,1,20261009,1,20261013,1,20261014,1,20261015,1,20261016,1,20261019,1,20261020,1,20261021,1,20261022,1,20261023,1,20261026,1,20261027,1,20261028,1,20261029,1,20261030,1,20261102,1,20261103,1,20261104,1,20261105,1,20261106,1,20261109,1,20261110,1,20261111,1,20261112,1,20261113,1,20261116,1,20261117,1,20261118,1,20261119,1,20261120,1,20261123,1,20261124,1,20261125,1,20261126,1,20261127,1,20261130,1,20261201,1,20261202,1,20261203,1,20261204,1,20261207,1,20261208,1,20261209,1,20261210,1,20261211,1,20261214,1,20261215,1,20261216,1,20261217,1,20261218,1,20261221,1,20261222,1,20261223,1,20261224,1,20261228,1,20261229,1,20261230,1,20261231,1
'1495778',20260910,1,20260911,1,20260914,1,20260915,1,20260916,1,20260917,1,20260918,1,20260921,1,20260922,1,20260923,1,20260924,1,20260925,1,20260928,1,20260929,1,20260930,1,20261001,1,20261002,1,20261005,1,20261006,1,20261007,1,20261008,1,20261009,1,20261013,1,20261014,1,20261015,1,20261016,1,20261019,1,20261020,1,20261021,1,20261022,1,20261023,1,20261026,1,20261027,1,20261028,1,20261029,1,20261030,1,20261102,1,20261103,1,20261104,1,20261105,1,20261106,1,20261109,1,20261110,1,20261111,1,20261112,1,20261113,1,20261116,1,20261117,1,20261118,1,20261119,1,20261120,1,20261123,1,20261124,1,20261125,1,20261126,1,20261127,1,20261130,1,20261201,1,20261202,1,20261203,1,20261204,1,20261207,1,20261208,1,20261209,1,20261210,1,20261211,1,20261214,1,20261215,1,20261216,1,20261217,1,20261218,1,20261221,1,20261222,1,20261223,1,20261224,1,20261228,1,20261229,1,20261230,1,20261231,1
'1495779',20260910,1,20260911,1,20260914,1,20260915,1,20260916,1,20260917,1,20260918,1,20260921,1,20260922,1,20260923,1,20260924,1,20260925,1,20260928,1,20260929,1,20260930,1,20261001,1,20261002,1,20261005,1,20261006,1,20261007,1,20261008,1,20261009,1,20261013,1,20261014,1,20261015,1,20261016,1,20261019,1,20261020,1,20261021,1,20261022,1,20261023,1,20261026,1,20261027,1,20261028,1,20261029,1,20261030,1,20261102,1,20261103,1,20261104,1,20261105,1,20261106,1,20261109,1,20261110,1,20261111,1,20261112,1,20261113,1,20261116,1,20261117,1,20261118,1,20261119,1,20261120,1,20261123,1,20261124,1,20261125,1,20261126,1,20261127,1,20261130,1,20261201,1,20261202,1,20261203,1,20261204,1,20261207,1,20261208,1,20261209,1,20261210,1,20261211,1,20261214,1,20261215,1,20261216,1,20261217,1,20261218,1,20261221,1,20261222,1,20261223,1,20261224,1,20261228,1,20261229,1,20261230,1,20261231,1
'1495780',20260910,1,20260911,1,20260914,1,20260915,1,20260916,1,20260917,1,20260918,1,20260921,1,20260922,1,20260923,1,20260924,1,20260925,1,20260928,1,20260929,1,20260930,1,20261001,1,20261002,1,20261005,1,20261006,1,20261007,1,20261008,1,20261009,1,20261013,1,20261014,1,20261015,1,20261016,1,20261019,1,20261020,1,20261021,1,20261022,1,20261023,1,20261026,1,20261027,1,20261028,1,20261029,1,20261030,1,20261102,1,20261103,1,20261104,1,20261105,1,20261106,1,20261109,1,20261110,1,20261111,1,20261112,1,20261113,1,20261116,1,20261117,1,20261118,1,20261119,1,20261120,1,20261123,1,20261124,1,20261125,1,20261126,1,20261127,1,20261130,1,20261201,1,20261202,1,20261203,1,20261204,1,20261207,1,20261208,1,20261209,1,20261210,1,20261211,1,20261214,1,20261215,1,20261216,1,20261217,1,20261218,1,20261221,1,20261222,1,20261223,1,20261224,1,20261228,1,20261229,1,20261230,1,20261231,1
'1495781',20260910,1,20260911,1,20260914,1,20260915,1,20260916,1,20260917,1,20260918,1,20260921,1,20260922,1,20260923,1,20260924,1,20260925,1,20260928,1,20260929,1,20260930,1,20261001,1,20261002,1,20261005,1,20261006,1,20261007,1,20261008,1,20261009,1,20261013,1,20261014,1,20261015,1,20261016,1,20261019,1,20261020,1,20261021,1,20261022,1,20261023,1,20261026,1,20261027,1,20261028,1,20261029,1,20261030,1,20261102,1,20261103,1,20261104,1,20261105,1,20261106,1,20261109,1,20261110,1,20261111,1,20261112,1,20261113,1,20261116,1,20261117,1,20261118,1,20261119,1,20261120,1,20261123,1,20261124,1,20261125,1,20261126,1,20261127,1,20261130,1,20261201,1,20261202,1,20261203,1,20261204,1,20261207,1,20261208,1,20261209,1,20261210,1,20261211,1,20261214,1,20261215,1,20261216,1,20261217,1,20261218,1,20261221,1,20261222,1,20261223,1,20261224,1,20261228,1,20261229,1,20261230,1,20261231,1
'1495782',20260910,1,20260911,1,20260914,1,20260915,1,20260916,1,20260917,1,20260918,1,20260921,1,20260922,1,20260923,1,20260924,1,20260925,1,20260928,1,20260929,1,20260930,1,20261001,1,20261002,1,20261005,1,20261006,1,20261007,1,20261008,1,20261009,1,20261013,1,20261014,1,20261015,1,20261016,1,20261019,1,20261020,1,20261021,1,20261022,1,20261023,1,20261026,1,20261027,1,20261028,1,20261029,1,20261030,1,20261102,1,20261103,1,20261104,1,20261105,1,20261106,1,20261109,1,20261110,1,20261111,1,20261112,1,20261113,1,20261116,1,20261117,1,20261118,1,20261119,1,20261120,1,20261123,1,20261124,1,20261125,1,20261126,1,20261127,1,20261130,1,20261201,1,20261202,1,20261203,1,20261204,1,20261207,1,20261208,1,20261209,1,20261210,1,20261211,1,20261214,1,20261215,1,20261216,1,20261217,1,20261218,1,20261221,1,20261222,1,20261223,1,20261224,1,20261228,1,20261229,1,20261230,1,20261231,1
'1495783',20260910,1,20260911,1,20260914,1,20260915,1,20260916,1,20260917,1,20260918,1,20260921,1,20260922,1,20260923,1,20260924,1,20260925,1,20260928,1,20260929,1,20260930,1,20261001,1,20261002,1,20261005,1,20261006,1,20261007,1,20261008,1,20261009,1,20261013,1,20261014,1,20261015,1,20261016,1,20261019,1,20261020,1,20261021,1,20261022,1,20261023,1,20261026,1,20261027,1,20261028,1,20261029,1,20261030,1,20261102,1,20261103,1,20261104,1,20261105,1,20261106,1,20261109,1,20261110,1,20261111,1,20261112,1,20261113,1,20261116,1,20261117,1,20261118,1,20261119,1,20261120,1,20261123,1,20261124,1,20261125,1,20261126,1,20261127,1,20261130,1,20261201,1,20261202,1,20261203,1,20261204,1,20261207,1,20261208,1,20261209,1,20261210,1,20261211,1,20261214,1,20261215,1,20261216,1,20261217,1,20261218,1,20261221,1,20261222,1,20261223,1,20261224,1,20261228,1,20261229,1,20261230,1,20261231,1
'1495784',20260910,1,20260911,1,20260914,1,20260915,1,20260916,1,20260917,1,20260918,1,20260921,1,20260922,1,20260923,1,20260924,1,20260925,1,20260928,1,20260929,1,20260930,1,20261001,1,20261002,1,20261005,1,20261006,1,20261007,1,20261008,1,20261009,1,20261013,1,20261014,1,20261015,1,20261016,1,20261019,1,20261020,1,20261021,1,20261022,1,20261023,1,20261026,1,20261027,1,20261028,1,20261029,1,20261030,1,20261102,1,20261103,1,20261104,1,20261105,1,20261106,1,20261109,1,20261110,1,20261111,1,20261112,1,20261113,1,20261116,1,20261117,1,20261118,1,20261119,1,20261120,1,20261123,1,20261124,1,20261125,1,20261126,1,20261127,1,20261130,1,20261201,1,20261202,1,20261203,1,20261204,1,20261207,1,20261208,1,20261209,1,20261210,1,20261211,1,20261214,1,20261215,1,20261216,1,20261217,1,20261218,1,20261221,1,20261222,1,20261223,1,20261224,1,20261228,1,20261229,1,20261230,1,20261231,1
'1495785',20260910,1,20260911,1,20260914,1,20260915,1,20260916,1,20260917,1,20260918,1,20260921,1,20260922,1,20260923,1,20260924,1,20260925,1,20260928,1,20260929,1,20260930,1,20261001,1,20261002,1,20261005,1,20261006,1,20261007,1,20261008,1,20261009,1,20261013,1,20261014,1,20261015,1,20261016,1,20261019,1,20261020,1,20261021,1,20261022,1,20261023,1,20261026,1,20261027,1,20261028,1,20261029,1,20261030,1,20261102,1,20261103,1,20261104,1,20261105,1,20261106,1,20261109,1,20261110,1,20261111,1,20261112,1,20261113,1,20261116,1,20261117,1,20261118,1,20261119,1,20261120,1,20261123,1,20261124,1,20261125,1,20261126,1,20261127,1,20261130,1,20261201,1,20261202,1,20261203,1,20261204,1,20261207,1,20261208,1,20261209,1,20261210,1,20261211,1,20261214,1,20261215,1,20261216,1,20261217,1,20261218,1,20261221,1,20261222,1,20261223,1,20261224,1,20261228,1,20261229,1,20261230,1,20261231,1
'1495786',20260910,1,20260911,1,20260914,1,20260915,1,20260916,1,20260917,1,20260918,1,20260921,1,20260922,1,20260923,1,20260924,1,20260925,1,20260928,1,20260929,1,20260930,1,20261001,1,20261002,1,20261005,1,20261006,1,20261007,1,20261008,1,20261009,1,20261013,1,20261014,1,20261015,1,20261016,1,20261019,1,20261020,1,20261021,1,20261022,1,20261023,1,20261026,1,20261027,1,20261028,1,20261029,1,20261030,1,20261102,1,20261103,1,20261104,1,20261105,1,20261106,1,20261109,1,20261110,1,20261111,1,20261112,1,20261113,1,20261116,1,20261117,1,20261118,1,20261119,1,20261120,1,20261123,1,20261124,1,20261125,1,20261126,1,20261127,1,20261130,1,20261201,1,20261202,1,20261203,1,20261204,1,20261207,1,20261208,1,20261209,1,20261210,1,20261211,1,20261214,1,20261215,1,20261216,1,20261217,1,20261218,1,20261221,1,20261222,1,20261223,1,20261224,1,20261228,1,20261229,1,20261230,1,20261231,1
'1495787',20260910,1,20260911,1,20260914,1,20260915,1,20260916,1,20260917,1,20260918,1,20260921,1,20260922,1,20260923,1,20260924,1,20260925,1,20260928,1,20260929,1,20260930,1,20261001,1,20261002,1,20261005,1,20261006,1,20261007,1,20261008,1,20261009,1,20261013,1,20261014,1,20261015,1,20261016,1,20261019,1,20261020,1,20261021,1,20261022,1,20261023,1,20261026,1,20261027,1,20261028,1,20261029,1,20261030,1,20261102,1,20261103,1,20261104,1,20261105,1,20261106,1,20261109,1,20261110,1,20261111,1,20261112,1,20261113,1,20261116,1,20261117,1,20261118,1,20261119,1,20261120,1,20261123,1,20261124,1,20261125,1,20261126,1,20261127,1,20261130,1,20261201,1,20261202,1,20261203,1,20261204,1,20261207,1,20261208,1,20261209,1,20261210,1,20261211,1,20261214,1,20261215,1,20261216,1,20261217,1,20261218,1,20261221,1,20261222,1,20261223,1,20261224,1,20261228,1,20261229,1,20261230,1,20261231,1
'1495788',20260910,1,20260911,1,20260914,1,20260915,1,20260916,1,20260917,1,20260918,1,20260921,1,20260922,1,20260923,1,20260924,1,20260925,1,20260928,1,20260929,1,20260930,1,20261001,1,20261002,1,20261005,1,20261006,1,20261007,1,20261008,1,20261009,1,20261013,1,20261014,1,20261015,1,20261016,1,20261019,1,20261020,1,20261021,1,20261022,1,20261023,1,20261026,1,20261027,1,20261028,1,20261029,1,20261030,1,20261102,1,20261103,1,20261104,1,20261105,1,20261106,1,20261109,1,20261110,1,20261111,1,20261112,1,20261113,1,20261116,1,20261117,1,20261118,1,20261119,1,20261120,1,20261123,1,20261124,1,20261125,1,20261126,1,20261127,1,20261130,1,20261201,1,20261202,1,20261203,1,20261204,1,20261207,1,20261208,1,20261209,1,20261210,1,20261211,1,20261214,1,20261215,1,20261216,1,20261217,1,20261218,1,20261221,1,20261222,1,20261223,1,20261224,1,20261228,1,20261229,1,20261230,1,20261231,1
'1495789',20260910,1,20260911,1,20260914,1,20260915,1,20260916,1,20260917,1,20260918,1,20260921,1,20260922,1,20260923,1,20260924,1,20260925,1,20260928,1,20260929,1,20260930,1,20261001,1,20261002,1,20261005,1,20261006,1,20261007,1,20261008,1,20261009,1,20261013,1,20261014,1,20261015,1,20261016,1,20261019,1,20261020,1,20261021,1,20261022,1,20261023,1,20261026,1,20261027,1,20261028,1,20261029,1,20261030,1,20261102,1,20261103,1,20261104,1,20261105,1,20261106,1,20261109,1,20261110,1,20261111,1,20261112,1,20261113,1,20261116,1,20261117,1,20261118,1,20261119,1,20261120,1,20261123,1,20261124,1,20261125,1,20261126,1,20261127,1,20261130,1,20261201,1,20261202,1,20261203,1,20261204,1,20261207,1,20261208,1,20261209,1,20261210,1,20261211,1,20261214,1,20261215,1,20261216,1,20261217,1,20261218,1,20261221,1,20261222,1,20261223,1,20261224,1,20261228,1,20261229,1,20261230,1,20261231,1
'1495790',20260910,1,20260911,1,20260914,1,20260915,1,20260916,1,20260917,1,20260918,1,20260921,1,20260922,1,20260923,1,20260924,1,20260925,1,20260928,1,20260929,1,20260930,1,20261001,1,20261002,1,20261005,1,20261006,1,20261007,1,20261008,1,20261009,1,20261013,1,20261014,1,20261015,1,20261016,1,20261019,1,20261020,1,20261021,1,20261022,1,20261023,1,20261026,1,20261027,1,20261028,1,20261029,1,20261030,1,20261102,1,20261103,1,20261104,1,20261105,1,20261106,1,20261109,1,20261110,1,20261111,1,20261112,1,20261113,1,20261116,1,20261117,1,20261118,1,20261119,1,20261120,1,20261123,1,20261124,1,20261125,1,20261126,1,20261127,1,20261130,1,20261201,1,20261202,1,20261203,1,20261204,1,20261207,1,20261208,1,20261209,1,20261210,1,20261211,1,20261214,1,20261215,1,20261216,1,20261217,1,20261218,1,20261221,1,20261222,1,20261223,1,20261224,1,20261228,1,20261229,1,20261230,1,20261231,1
'1495791',20260910,1,20260911,1,20260914,1,20260915,1,20260916,1,20260917,1,20260918,1,20260921,1,20260922,1,20260923,1,20260924,1,20260925,1,20260928,1,20260929,1,20260930,1,20261001,1,20261002,1,20261005,1,20261006,1,20261007,1,20261008,1,20261009,1,20261013,1,20261014,1,20261015,1,20261016,1,20261019,1,20261020,1,20261021,1,20261022,1,20261023,1,20261026,1,20261027,1,20261028,1,20261029,1,20261030,1,20261102,1,20261103,1,20261104,1,20261105,1,20261106,1,20261109,1,20261110,1,20261111,1,20261112,1,20261113,1,20261116,1,20261117,1,20261118,1,20261119,1,20261120,1,20261123,1,20261124,1,20261125,1,20261126,1,20261127,1,20261130,1,20261201,1,20261202,1,20261203,1,20261204,1,20261207,1,20261208,1,20261209,1,20261210,1,20261211,1,20261214,1,20261215,1,20261216,1,20261217,1,20261218,1,20261221,1,20261222,1,20261223,1,20261224,1,20261228,1,20261229,1,20261230,1,20261231,1
'1495792',20260910,1,20260911,1,20260914,1,20260915,1,20260916,1,20260917,1,20260918,1,20260921,1,20260922,1,20260923,1,20260924,1,20260925,1,20260928,1,20260929,1,20260930,1,20261001,1,20261002,1,20261005,1,20261006,1,20261007,1,20261008,1,20261009,1,20261013,1,20261014,1,20261015,1,20261016,1,20261019,1,20261020,1,20261021,1,20261022,1,20261023,1,20261026,1,20261027,1,20261028,1,20261029,1,20261030,1,20261102,1,20261103,1,20261104,1,20261105,1,20261106,1,20261109,1,20261110,1,20261111,1,20261112,1,20261113,1,20261116,1,20261117,1,20261118,1,20261119,1,20261120,1,20261123,1,20261124,1,20261125,1,20261126,1,20261127,1,20261130,1,20261201,1,20261202,1,20261203,1,20261204,1,20261207,1,20261208,1,20261209,1,20261210,1,20261211,1,20261214,1,20261215,1,20261216,1,20261217,1,20261218,1,20261221,1,20261222,1,20261223,1,20261224,1,20261228,1,20261229,1,20261230,1,20261231,1
'1495793',20260910,1,20260911,1,20260914,1,20260915,1,20260916,1,20260917,1,20260918,1,20260921,1,20260922,1,20260923,1,20260924,1,20260925,1,20260928,1,20260929,1,20260930,1,20261001,1,20261002,1,20261005,1,20261006,1,20261007,1,20261008,1,20261009,1,20261013,1,20261014,1,20261015,1,20261016,1,20261019,1,20261020,1,20261021,1,20261022,1,20261023,1,20261026,1,20261027,1,20261028,1,20261029,1,20261030,1,20261102,1,20261103,1,20261104,1,20261105,1,20261106,1,20261109,1,20261110,1,20261111,1,20261112,1,20261113,1,20261116,1,20261117,1,20261118,1,20261119,1,20261120,1,20261123,1,20261124,1,20261125,1,20261126,1,20261127,1,20261130,1,20261201,1,20261202,1,20261203,1,20261204,1,20261207,1,20261208,1,20261209,1,20261210,1,20261211,1,20261214,1,20261215,1,20261216,1,20261217,1,20261218,1,20261221,1,20261222,1,20261223,1,20261224,1,20261228,1,20261229,1,20261230,1,20261231,1
'1495794',20260910,1,20260911,1,20260914,1,20260915,1,20260916,1,20260917,1,20260918,1,20260921,1,20260922,1,20260923,1,20260924,1,20260925,1,20260928,1,20260929,1,20260930,1,20261001,1,20261002,1,20261005,1,20261006,1,20261007,1,20261008,1,20261009,1,20261013,1,20261014,1,20261015,1,20261016,1,20261019,1,20261020,1,20261021,1,20261022,1,20261023,1,20261026,1,20261027,1,20261028,1,20261029,1,20261030,1,20261102,1,20261103,1,20261104,1,20261105,1,20261106,1,20261109,1,20261110,1,20261111,1,20261112,1,20261113,1,20261116,1,20261117,1,20261118,1,20261119,1,20261120,1,20261123,1,20261124,1,20261125,1,20261126,1,20261127,1,20261130,1,20261201,1,20261202,1,20261203,1,20261204,1,20261207,1,20261208,1,20261209,1,20261210,1,20261211,1,20261214,1,20261215,1,20261216,1,20261217,1,20261218,1,20261221,1,20261222,1,20261223,1,20261224,1,20261228,1,20261229,1,20261230,1,20261231,1
'1495795',20260910,1,20260911,1,20260914,1,20260915,1,20260916,1,20260917,1,20260918,1,20260921,1,20260922,1,20260923,1,20260924,1,20260925,1,20260928,1,20260929,1,20260930,1,20261001,1,20261002,1,20261005,1,20261006,1,20261007,1,20261008,1,20261009,1,20261013,1,20261014,1,20261015,1,20261016,1,20261019,1,20261020,1,20261021,1,20261022,1,20261023,1,20261026,1,20261027,1,20261028,1,20261029,1,20261030,1,20261102,1,20261103,1,20261104,1,20261105,1,20261106,1,20261109,1,20261110,1,20261111,1,20261112,1,20261113,1,20261116,1,20261117,1,20261118,1,20261119,1,20261120,1,20261123,1,20261124,1,20261125,1,20261126,1,20261127,1,20261130,1,20261201,1,20261202,1,20261203,1,20261204,1,20261207,1,20261208,1,20261209,1,20261210,1,20261211,1,20261214,1,20261215,1,20261216,1,20261217,1,20261218,1,20261221,1,20261222,1,20261223,1,20261224,1,20261228,1,20261229,1,20261230,1,20261231,1
'1495796',20260910,1,20260911,1,20260914,1,20260915,1,20260916,1,20260917,1,20260918,1,20260921,1,20260922,1,20260923,1,20260924,1,20260925,1,20260928,1,20260929,1,20260930,1,20261001,1,20261002,1,20261005,1,20261006,1,20261007,1,20261008,1,20261009,1,20261013,1,20261014,1,20261015,1,20261016,1,20261019,1,20261020,1,20261021,1,20261022,1,20261023,1,20261026,1,20261027,1,20261028,1,20261029,1,20261030,1,20261102,1,20261103,1,20261104,1,20261105,1,20261106,1,20261109,1,20261110,1,20261111,1,20261112,1,20261113,1,20261116,1,20261117,1,20261118,1,20261119,1,20261120,1,20261123,1,20261124,1,20261125,1,20261126,1,20261127,1,20261130,1,20261201,1,20261202,1,20261203,1,20261204,1,20261207,1,20261208,1,20261209,1,20261210,1,20261211,1,20261214,1,20261215,1,20261216,1,20261217,1,20261218,1,20261221,1,20261222,1,20261223,1,20261224,1,20261228,1,20261229,1,20261230,1,20261231,1
'1495797',20260910,1,20260911,1,20260914,1,20260915,1,20260916,1,20260917,1,20260918,1,20260921,1,20260922,1,20260923,1,20260924,1,20260925,1,20260928,1,20260929,1,20260930,1,20261001,1,20261002,1,20261005,1,20261006,1,20261007,1,20261008,1,20261009,1,20261013,1,20261014,1,20261015,1,20261016,1,20261019,1,20261020,1,20261021,1,20261022,1,20261023,1,20261026,1,20261027,1,20261028,1,20261029,1,20261030,1,20261102,1,20261103,1,20261104,1,20261105,1,20261106,1,20261109,1,20261110,1,20261111,1,20261112,1,20261113,1,20261116,1,20261117,1,20261118,1,20261119,1,20261120,1,20261123,1,20261124,1,20261125,1,20261126,1,20261127,1,20261130,1,20261201,1,20261202,1,20261203,1,20261204,1,20261207,1,20261208,1,20261209,1,20261210,1,20261211,1,20261214,1,20261215,1,20261216,1,20261217,1,20261218,1,20261221,1,20261222,1,20261223,1,20261224,1,20261228,1,20261229,1,20261230,1,20261231,1
'1495798',20260910,1,20260911,1,20260914,1,20260915,1,20260916,1,20260917,1,20260918,1,20260921,1,20260922,1,20260923,1,20260924,1,20260925,1,20260928,1,20260929,1,20260930,1,20261001,1,20261002,1,20261005,1,20261006,1,20261007,1,20261008,1,20261009,1,20261013,1,20261014,1,20261015,1,20261016,1,20261019,1,20261020,1,20261021,1,20261022,1,20261023,1,20261026,1,20261027,1,20261028,1,20261029,1,20261030,1,20261102,1,20261103,1,20261104,1,20261105,1,20261106,1,20261109,1,20261110,1,20261111,1,20261112,1,20261113,1,20261116,1,20261117,1,20261118,1,20261119,1,20261120,1,20261123,1,20261124,1,20261125,1,20261126,1,20261127,1,20261130,1,20261201,1,20261202,1,20261203,1,20261204,1,20261207,1,20261208,1,20261209,1,20261210,1,20261211,1,20261214,1,20261215,1,20261216,1,20261217,1,20261218,1,20261221,1,20261222,1,20261223,1,20261224,1,20261228,1,20261229,1,20261230,1,20261231,1
'1495799',20260910,1,20260911,1,20260914,1,20260915,1,20260916,1,20260917,1,20260918,1,20260921,1,20260922,1,20260923,1,20260924,1,20260925,1,20260928,1,20260929,1,20260930,1,20261001,1,20261002,1,20261005,1,20261006,1,20261007,1,20261008,1,20261009,1,20261013,1,20261014,1,20261015,1,20261016,1,20261019,1,20261020,1,20261021,1,20261022,1,20261023,1,20261026,1,20261027,1,20261028,1,20261029,1,20261030,1,20261102,1,20261103,1,20261104,1,20261105,1,20261106,1,20261109,1,20261110,1,20261111,1,20261112,1,20261113,1,20261116,1,20261117,1,20261118,1,20261119,1,20261120,1,20261123,1,20261124,1,20261125,1,20261126,1,20261127,1,20261130,1,20261201,1,20261202,1,20261203,1,20261204,1,20261207,1,20261208,1,20261209,1,20261210,1,20261211,1,20261214,1,20261215,1,20261216,1,20261217,1,20261218,1,20261221,1,20261222,1,20261223,1,20261224,1,20261228,1,20261229,1,20261230,1,20261231,1
'1495800',20260910,1,20260911,1,20260914,1,20260915,1,20260916,1,20260917,1,20260918,1,20260921,1,20260922,1,20260923,1,20260924,1,20260925,1,20260928,1,20260929,1,20260930,1,20261001,1,20261002,1,20261005,1,20261006,1,20261007,1,20261008,1,20261009,1,20261013,1,20261014,1,20261015,1,20261016,1,20261019,1,20261020,1,20261021,1,20261022,1,20261023,1,20261026,1,20261027,1,20261028,1,20261029,1,20261030,1,20261102,1,20261103,1,20261104,1,20261105,1,20261106,1,20261109,1,20261110,1,20261111,1,20261112,1,20261113,1,20261116,1,20261117,1,20261118,1,20261119,1,20261120,1,20261123,1,20261124,1,20261125,1,20261126,1,20261127,1,20261130,1,20261201,1,20261202,1,20261203,1,20261204,1,20261207,1,20261208,1,20261209,1,20261210,1,20261211,1,20261214,1,20261215,1,20261216,1,20261217,1,20261218,1,20261221,1,20261222,1,20261223,1,20261224,1,20261228,1,20261229,1,20261230,1,20261231,1
'1495801',20260910,1,20260911,1,20260914,1,20260915,1,20260916,1,20260917,1,20260918,1,20260921,1,20260922,1,20260923,1,20260924,1,20260925,1,20260928,1,20260929,1,20260930,1,20261001,1,20261002,1,20261005,1,20261006,1,20261007,1,20261008,1,20261009,1,20261013,1,20261014,1,20261015,1,20261016,1,20261019,1,20261020,1,20261021,1,20261022,1,20261023,1,20261026,1,20261027,1,20261028,1,20261029,1,20261030,1,20261102,1,20261103,1,20261104,1,20261105,1,20261106,1,20261109,1,20261110,1,20261111,1,20261112,1,20261113,1,20261116,1,20261117,1,20261118,1,20261119,1,20261120,1,20261123,1,20261124,1,20261125,1,20261126,1,20261127,1,20261130,1,20261201,1,20261202,1,20261203,1,20261204,1,20261207,1,20261208,1,20261209,1,20261210,1,20261211,1,20261214,1,20261215,1,20261216,1,20261217,1,20261218,1,20261221,1,20261222,1,20261223,1,20261224,1,20261228,1,20261229,1,20261230,1,20261231,1
'1495802',20260910,1,20260911,1,20260914,1,20260915,1,20260916,1,20260917,1,20260918,1,20260921,1,20260922,1,20260923,1,20260924,1,20260925,1,20260928,1,20260929,1,20260930,1,20261001,1,20261002,1,20261005,1,20261006,1,20261007,1,20261008,1,20261009,1,20261013,1,20261014,1,20261015,1,20261016,1,20261019,1,20261020,1,20261021,1,20261022,1,20261023,1,20261026,1,20261027,1,20261028,1,20261029,1,20261030,1,20261102,1,20261103,1,20261104,1,20261105,1,20261106,1,20261109,1,20261110,1,20261111,1,20261112,1,20261113,1,20261116,1,20261117,1,20261118,1,20261119,1,20261120,1,20261123,1,20261124,1,20261125,1,20261126,1,20261127,1,20261130,1,20261201,1,20261202,1,20261203,1,20261204,1,20261207,1,20261208,1,20261209,1,20261210,1,20261211,1,20261214,1,20261215,1,20261216,1,20261217,1,20261218,1,20261221,1,20261222,1,20261223,1,20261224,1,20261228,1,20261229,1,20261230,1,20261231,1
'1495803',20260910,1,20260911,1,20260914,1,20260915,1,20260916,1,20260917,1,20260918,1,20260921,1,20260922,1,20260923,1,20260924,1,20260925,1,20260928,1,20260929,1,20260930,1,20261001,1,20261002,1,20261005,1,20261006,1,20261007,1,20261008,1,20261009,1,20261013,1,20261014,1,20261015,1,20261016,1,20261019,1,20261020,1,20261021,1,20261022,1,20261023,1,20261026,1,20261027,1,20261028,1,20261029,1,20261030,1,20261102,1,20261103,1,20261104,1,20261105,1,20261106,1,20261109,1,20261110,1,20261111,1,20261112,1,20261113,1,20261116,1,20261117,1,20261118,1,20261119,1,20261120,1,20261123,1,20261124,1,20261125,1,20261126,1,20261127,1,20261130,1,20261201,1,20261202,1,20261203,1,20261204,1,20261207,1,20261208,1,20261209,1,20261210,1,20261211,1,20261214,1,20261215,1,20261216,1,20261217,1,20261218,1,20261221,1,20261222,1,20261223,1,20261224,1,20261228,1,20261229,1,20261230,1,20261231,1
'1495804',20260910,1,20260911,1,20260914,1,20260915,1,20260916,1,20260917,1,20260918,1,20260921,1,20260922,1,20260923,1,20260924,1,20260925,1,20260928,1,20260929,1,20260930,1,20261001,1,20261002,1,20261005,1,20261006,1,20261007,1,20261008,1,20261009,1,20261013,1,20261014,1,20261015,1,20261016,1,20261019,1,20261020,1,20261021,1,20261022,1,20261023,1,20261026,1,20261027,1,20261028,1,20261029,1,20261030,1,20261102,1,20261103,1,20261104,1,20261105,1,20261106,1,20261109,1,20261110,1,20261111,1,20261112,1,20261113,1,20261116,1,20261117,1,20261118,1,20261119,1,20261120,1,20261123,1,20261124,1,20261125,1,20261126,1,20261127,1,20261130,1,20261201,1,20261202,1,20261203,1,20261204,1,20261207,1,20261208,1,20261209,1,20261210,1,20261211,1,20261214,1,20261215,1,20261216,1,20261217,1,20261218,1,20261221,1,20261222,1,20261223,1,20261224,1,20261228,1,20261229,1,20261230,1,20261231,1
'1495805',20260910,1,20260911,1,20260914,1,20260915,1,20260916,1,20260917,1,20260918,1,20260921,1,20260922,1,20260923,1,20260924,1,20260925,1,20260928,1,20260929,1,20260930,1,20261001,1,20261002,1,20261005,1,20261006,1,20261007,1,20261008,1,20261009,1,20261013,1,20261014,1,20261015,1,20261016,1,20261019,1,20261020,1,20261021,1,20261022,1,20261023,1,20261026,1,20261027,1,20261028,1,20261029,1,20261030,1,20261102,1,20261103,1,20261104,1,20261105,1,20261106,1,20261109,1,20261110,1,20261111,1,20261112,1,20261113,1,20261116,1,20261117,1,20261118,1,20261119,1,20261120,1,20261123,1,20261124,1,20261125,1,20261126,1,20261127,1,20261130,1,20261201,1,20261202,1,20261203,1,20261204,1,20261207,1,20261208,1,20261209,1,20261210,1,20261211,1,20261214,1,20261215,1,20261216,1,20261217,1,20261218,1,20261221,1,20261222,1,20261223,1,20261224,1,20261228,1,20261229,1,20261230,1,20261231,1
'1495806',20260910,1,20260911,1,20260914,1,20260915,1,20260916,1,20260917,1,20260918,1,20260921,1,20260922,1,20260923,1,20260924,1,20260925,1,20260928,1,20260929,1,20260930,1,20261001,1,20261002,1,20261005,1,20261006,1,20261007,1,20261008,1,20261009,1,20261013,1,20261014,1,20261015,1,20261016,1,20261019,1,20261020,1,20261021,1,20261022,1,20261023,1,20261026,1,20261027,1,20261028,1,20261029,1,20261030,1,20261102,1,20261103,1,20261104,1,20261105,1,20261106,1,20261109,1,20261110,1,20261111,1,20261112,1,20261113,1,20261116,1,20261117,1,20261118,1,20261119,1,20261120,1,20261123,1,20261124,1,20261125,1,20261126,1,20261127,1,20261130,1,20261201,1,20261202,1,20261203,1,20261204,1,20261207,1,20261208,1,20261209,1,20261210,1,20261211,1,20261214,1,20261215,1,20261216,1,20261217,1,20261218,1,20261221,1,20261222,1,20261223,1,20261224,1,20261228,1,20261229,1,20261230,1,20261231,1
'1495807',20260910,1,20260911,1,20260914,1,20260915,1,20260916,1,20260917,1,20260918,1,20260921,1,20260922,1,20260923,1,20260924,1,20260925,1,20260928,1,20260929,1,20260930,1,20261001,1,20261002,1,20261005,1,20261006,1,20261007,1,20261008,1,20261009,1,20261013,1,20261014,1,20261015,1,20261016,1,20261019,1,20261020,1,20261021,1,20261022,1,20261023,1,20261026,1,20261027,1,20261028,1,20261029,1,20261030,1,20261102,1,20261103,1,20261104,1,20261105,1,20261106,1,20261109,1,20261110,1,20261111,1,20261112,1,20261113,1,20261116,1,20261117,1,20261118,1,20261119,1,20261120,1,20261123,1,20261124,1,20261125,1,20261126,1,20261127,1,20261130,1,20261201,1,20261202,1,20261203,1,20261204,1,20261207,1,20261208,1,20261209,1,20261210,1,20261211,1,20261214,1,20261215,1,20261216,1,20261217,1,20261218,1,20261221,1,20261222,1,20261223,1,20261224,1,20261228,1,20261229,1,20261230,1,20261231,1
'1495808',20260910,1,20260911,1,20260914,1,20260915,1,20260916,1,20260917,1,20260918,1,20260921,1,20260922,1,20260923,1,20260924,1,20260925,1,20260928,1,20260929,1,20260930,1,20261001,1,20261002,1,20261005,1,20261006,1,20261007,1,20261008,1,20261009,1,20261013,1,20261014,1,20261015,1,20261016,1,20261019,1,20261020,1,20261021,1,20261022,1,20261023,1,20261026,1,20261027,1,20261028,1,20261029,1,20261030,1,20261102,1,20261103,1,20261104,1,20261105,1,20261106,1,20261109,1,20261110,1,20261111,1,20261112,1,20261113,1,20261116,1,20261117,1,20261118,1,20261119,1,20261120,1,20261123,1,20261124,1,20261125,1,20261126,1,20261127,1,20261130,1,20261201,1,20261202,1,20261203,1,20261204,1,20261207,1,20261208,1,20261209,1,20261210,1,20261211,1,20261214,1,20261215,1,20261216,1,20261217,1,20261218,1,20261221,1,20261222,1,20261223,1,20261224,1,20261228,1,20261229,1,20261230,1,20261231,1
'1495809',20260910,1,20260911,1,20260914,1,20260915,1,20260916,1,20260917,1,20260918,1,20260921,1,20260922,1,20260923,1,20260924,1,20260925,1,20260928,1,20260929,1,20260930,1,20261001,1,20261002,1,20261005,1,20261006,1,20261007,1,20261008,1,20261009,1,20261013,1,20261014,1,20261015,1,20261016,1,20261019,1,20261020,1,20261021,1,20261022,1,20261023,1,20261026,1,20261027,1,20261028,1,20261029,1,20261030,1,20261102,1,20261103,1,20261104,1,20261105,1,20261106,1,20261109,1,20261110,1,20261111,1,20261112,1,20261113,1,20261116,1,20261117,1,20261118,1,20261119,1,20261120,1,20261123,1,20261124,1,20261125,1,20261126,1,20261127,1,20261130,1,20261201,1,20261202,1,20261203,1,20261204,1,20261207,1,20261208,1,20261209,1,20261210,1,20261211,1,20261214,1,20261215,1,20261216,1,20261217,1,20261218,1,20261221,1,20261222,1,20261223,1,20261224,1,20261228,1,20261229,1,20261230,1,20261231,1
'1495810',20260910,1,20260911,1,20260914,1,20260915,1,20260916,1,20260917,1,20260918,1,20260921,1,20260922,1,20260923,1,20260924,1,20260925,1,20260928,1,20260929,1,20260930,1,20261001,1,20261002,1,20261005,1,20261006,1,20261007,1,20261008,1,20261009,1,20261013,1,20261014,1,20261015,1,20261016,1,20261019,1,20261020,1,20261021,1,20261022,1,20261023,1,20261026,1,20261027,1,20261028,1,20261029,1,20261030,1,20261102,1,20261103,1,20261104,1,20261105,1,20261106,1,20261109,1,20261110,1,20261111,1,20261112,1,20261113,1,20261116,1,20261117,1,20261118,1,20261119,1,20261120,1,20261123,1,20261124,1,20261125,1,20261126,1,20261127,1,20261130,1,20261201,1,20261202,1,20261203,1,20261204,1,20261207,1,20261208,1,20261209,1,20261210,1,20261211,1,20261214,1,20261215,1,20261216,1,20261217,1,20261218,1,20261221,1,20261222,1,20261223,1,20261224,1,20261228,1,20261229,1,20261230,1,20261231,1
'1495811',20260910,1,20260911,1,20260914,1,20260915,1,20260916,1,20260917,1,20260918,1,20260921,1,20260922,1,20260923,1,20260924,1,20260925,1,20260928,1,20260929,1,20260930,1,20261001,1,20261002,1,20261005,1,20261006,1,20261007,1,20261008,1,20261009,1,20261013,1,20261014,1,20261015,1,20261016,1,20261019,1,20261020,1,20261021,1,20261022,1,20261023,1,20261026,1,20261027,1,20261028,1,20261029,1,20261030,1,20261102,1,20261103,1,20261104,1,20261105,1,20261106,1,20261109,1,20261110,1,20261111,1,20261112,1,20261113,1,20261116,1,20261117,1,20261118,1,20261119,1,20261120,1,20261123,1,20261124,1,20261125,1,20261126,1,20261127,1,20261130,1,20261201,1,20261202,1,20261203,1,20261204,1,20261207,1,20261208,1,20261209,1,20261210,1,20261211,1,20261214,1,20261215,1,20261216,1,20261217,1,20261218,1,20261221,1,20261222,1,20261223,1,20261224,1,20261228,1,20261229,1,20261230,1,20261231,1
'1495812',20260910,1,20260911,1,20260914,1,20260915,1,20260916,1,20260917,1,20260918,1,20260921,1,20260922,1,20260923,1,20260924,1,20260925,1,20260928,1,20260929,1,20260930,1,20261001,1,20261002,1,20261005,1,20261006,1,20261007,1,20261008,1,20261009,1,20261013,1,20261014,1,20261015,1,20261016,1,20261019,1,20261020,1,20261021,1,20261022,1,20261023,1,20261026,1,20261027,1,20261028,1,20261029,1,20261030,1,20261102,1,20261103,1,20261104,1,20261105,1,20261106,1,20261109,1,20261110,1,20261111,1,20261112,1,20261113,1,20261116,1,20261117,1,20261118,1,20261119,1,20261120,1,20261123,1,20261124,1,20261125,1,20261126,1,20261127,1,20261130,1,20261201,1,20261202,1,20261203,1,20261204,1,20261207,1,20261208,1,20261209,1,20261210,1,20261211,1,20261214,1,20261215,1,20261216,1,20261217,1,20261218,1,20261221,1,20261222,1,20261223,1,20261224,1,20261228,1,20261229,1,20261230,1,20261231,1
'1495813',20260910,1,20260911,1,20260914,1,20260915,1,20260916,1,20260917,1,20260918,1,20260921,1,20260922,1,20260923,1,20260924,1,20260925,1,20260928,1,20260929,1,20260930,1,20261001,1,20261002,1,20261005,1,20261006,1,20261007,1,20261008,1,20261009,1,20261013,1,20261014,1,20261015,1,20261016,1,20261019,1,20261020,1,20261021,1,20261022,1,20261023,1,20261026,1,20261027,1,20261028,1,20261029,1,20261030,1,20261102,1,20261103,1,20261104,1,20261105,1,20261106,1,20261109,1,20261110,1,20261111,1,20261112,1,20261113,1,20261116,1,20261117,1,20261118,1,20261119,1,20261120,1,20261123,1,20261124,1,20261125,1,20261126,1,20261127,1,20261130,1,20261201,1,20261202,1,20261203,1,20261204,1,20261207,1,20261208,1,20261209,1,20261210,1,20261211,1,20261214,1,20261215,1,20261216,1,20261217,1,20261218,1,20261221,1,20261222,1,20261223,1,20261224,1,20261228,1,20261229,1,20261230,1,20261231,1
'1495814',20260910,1,20260911,1,20260914,1,20260915,1,20260916,1,20260917,1,20260918,1,20260921,1,20260922,1,20260923,1,20260924,1,20260925,1,20260928,1,20260929,1,20260930,1,20261001,1,20261002,1,20261005,1,20261006,1,20261007,1,20261008,1,20261009,1,20261013,1,20261014,1,20261015,1,20261016,1,20261019,1,20261020,1,20261021,1,20261022,1,20261023,1,20261026,1,20261027,1,20261028,1,20261029,1,20261030,1,20261102,1,20261103,1,20261104,1,20261105,1,20261106,1,20261109,1,20261110,1,20261111,1,20261112,1,20261113,1,20261116,1,20261117,1,20261118,1,20261119,1,20261120,1,20261123,1,20261124,1,20261125,1,20261126,1,20261127,1,20261130,1,20261201,1,20261202,1,20261203,1,20261204,1,20261207,1,20261208,1,20261209,1,20261210,1,20261211,1,20261214,1,20261215,1,20261216,1,20261217,1,20261218,1,20261221,1,20261222,1,20261223,1,20261224,1,20261228,1,20261229,1,20261230,1,20261231,1
'1495815',20260910,1,20260911,1,20260914,1,20260915,1,20260916,1,20260917,1,20260918,1,20260921,1,20260922,1,20260923,1,20260924,1,20260925,1,20260928,1,20260929,1,20260930,1,20261001,1,20261002,1,20261005,1,20261006,1,20261007,1,20261008,1,20261009,1,20261013,1,20261014,1,20261015,1,20261016,1,20261019,1,20261020,1,20261021,1,20261022,1,20261023,1,20261026,1,20261027,1,20261028,1,20261029,1,20261030,1,20261102,1,20261103,1,20261104,1,20261105,1,20261106,1,20261109,1,20261110,1,20261111,1,20261112,1,20261113,1,20261116,1,20261117,1,20261118,1,20261119,1,20261120,1,20261123,1,20261124,1,20261125,1,20261126,1,20261127,1,20261130,1,20261201,1,20261202,1,20261203,1,20261204,1,20261207,1,20261208,1,20261209,1,20261210,1,20261211,1,20261214,1,20261215,1,20261216,1,20261217,1,20261218,1,20261221,1,20261222,1,20261223,1,20261224,1,20261228,1,20261229,1,20261230,1,20261231,1
'1495816',20260910,1,20260911,1,20260914,1,20260915,1,20260916,1,20260917,1,20260918,1,20260921,1,20260922,1,20260923,1,20260924,1,20260925,1,20260928,1,20260929,1,20260930,1,20261001,1,20261002,1,20261005,1,20261006,1,20261007,1,20261008,1,20261009,1,20261013,1,20261014,1,20261015,1,20261016,1,20261019,1,20261020,1,20261021,1,20261022,1,20261023,1,20261026,1,20261027,1,20261028,1,20261029,1,20261030,1,20261102,1,20261103,1,20261104,1,20261105,1,20261106,1,20261109,1,20261110,1,20261111,1,20261112,1,20261113,1,20261116,1,20261117,1,20261118,1,20261119,1,20261120,1,20261123,1,20261124,1,20261125,1,20261126,1,20261127,1,20261130,1,20261201,1,20261202,1,20261203,1,20261204,1,20261207,1,20261208,1,20261209,1,20261210,1,20261211,1,20261214,1,20261215,1,20261216,1,20261217,1,20261218,1,20261221,1,20261222,1,20261223,1,20261224,1,20261228,1,20261229,1,20261230,1,20261231,1
'1495817',20260910,1,20260911,1,20260914,1,20260915,1,20260916,1,20260917,1,20260918,1,20260921,1,20260922,1,20260923,1,20260924,1,20260925,1,20260928,1,20260929,1,20260930,1,20261001,1,20261002,1,20261005,1,20261006,1,20261007,1,20261008,1,20261009,1,20261013,1,20261014,1,20261015,1,20261016,1,20261019,1,20261020,1,20261021,1,20261022,1,20261023,1,20261026,1,20261027,1,20261028,1,20261029,1,20261030,1,20261102,1,20261103,1,20261104,1,20261105,1,20261106,1,20261109,1,20261110,1,20261111,1,20261112,1,20261113,1,20261116,1,20261117,1,20261118,1,20261119,1,20261120,1,20261123,1,20261124,1,20261125,1,20261126,1,20261127,1,20261130,1,20261201,1,20261202,1,20261203,1,20261204,1,20261207,1,20261208,1,20261209,1,20261210,1,20261211,1,20261214,1,20261215,1,20261216,1,20261217,1,20261218,1,20261221,1,20261222,1,20261223,1,20261224,1,20261228,1,20261229,1,20261230,1,20261231,1
'1495818',20260910,1,20260911,1,20260914,1,20260915,1,20260916,1,20260917,1,20260918,1,20260921,1,20260922,1,20260923,1,20260924,1,20260925,1,20260928,1,20260929,1,20260930,1,20261001,1,20261002,1,20261005,1,20261006,1,20261007,1,20261008,1,20261009,1,20261013,1,20261014,1,20261015,1,20261016,1,20261019,1,20261020,1,20261021,1,20261022,1,20261023,1,20261026,1,20261027,1,20261028,1,20261029,1,20261030,1,20261102,1,20261103,1,20261104,1,20261105,1,20261106,1,20261109,1,20261110,1,20261111,1,20261112,1,20261113,1,20261116,1,20261117,1,20261118,1,20261119,1,20261120,1,20261123,1,20261124,1,20261125,1,20261126,1,20261127,1,20261130,1,20261201,1,20261202,1,20261203,1,20261204,1,20261207,1,20261208,1,20261209,1,20261210,1,20261211,1,20261214,1,20261215,1,20261216,1,20261217,1,20261218,1,20261221,1,20261222,1,20261223,1,20261224,1,20261228,1,20261229,1,20261230,1,20261231,1
'1495819',20260910,1,20260911,1,20260914,1,20260915,1,20260916,1,20260917,1,20260918,1,20260921,1,20260922,1,20260923,1,20260924,1,20260925,1,20260928,1,20260929,1,20260930,1,20261001,1,20261002,1,20261005,1,20261006,1,20261007,1,20261008,1,20261009,1,20261013,1,20261014,1,20261015,1,20261016,1,20261019,1,20261020,1,20261021,1,20261022,1,20261023,1,20261026,1,20261027,1,20261028,1,20261029,1,20261030,1,20261102,1,20261103,1,20261104,1,20261105,1,20261106,1,20261109,1,20261110,1,20261111,1,20261112,1,20261113,1,20261116,1,20261117,1,20261118,1,20261119,1,20261120,1,20261123,1,20261124,1,20261125,1,20261126,1,20261127,1,20261130,1,20261201,1,20261202,1,20261203,1,20261204,1,20261207,1,20261208,1,20261209,1,20261210,1,20261211,1,20261214,1,20261215,1,20261216,1,20261217,1,20261218,1,20261221,1,20261222,1,20261223,1,20261224,1,20261228,1,20261229,1,20261230,1,20261231,1
'1495820',20260910,1,20260911,1,20260914,1,20260915,1,20260916,1,20260917,1,20260918,1,20260921,1,20260922,1,20260923,1,20260924,1,20260925,1,20260928,1,20260929,1,20260930,1,20261001,1,20261002,1,20261005,1,20261006,1,20261007,1,20261008,1,20261009,1,20261013,1,20261014,1,20261015,1,20261016,1,20261019,1,20261020,1,20261021,1,20261022,1,20261023,1,20261026,1,20261027,1,20261028,1,20261029,1,20261030,1,20261102,1,20261103,1,20261104,1,20261105,1,20261106,1,20261109,1,20261110,1,20261111,1,20261112,1,20261113,1,20261116,1,20261117,1,20261118,1,20261119,1,20261120,1,20261123,1,20261124,1,20261125,1,20261126,1,20261127,1,20261130,1,20261201,1,20261202,1,20261203,1,20261204,1,20261207,1,20261208,1,20261209,1,20261210,1,20261211,1,20261214,1,20261215,1,20261216,1,20261217,1,20261218,1,20261221,1,20261222,1,20261223,1,20261224,1,20261228,1,20261229,1,20261230,1,20261231,1
'1495821',20260910,1,20260911,1,20260914,1,20260915,1,20260916,1,20260917,1,20260918,1,20260921,1,20260922,1,20260923,1,20260924,1,20260925,1,20260928,1,20260929,1,20260930,1,20261001,1,20261002,1,20261005,1,20261006,1,20261007,1,20261008,1,20261009,1,20261013,1,20261014,1,20261015,1,20261016,1,20261019,1,20261020,1,20261021,1,20261022,1,20261023,1,20261026,1,20261027,1,20261028,1,20261029,1,20261030,1,20261102,1,20261103,1,20261104,1,20261105,1,20261106,1,20261109,1,20261110,1,20261111,1,20261112,1,20261113,1,20261116,1,20261117,1,20261118,1,20261119,1,20261120,1,20261123,1,20261124,1,20261125,1,20261126,1,20261127,1,20261130,1,20261201,1,20261202,1,20261203,1,20261204,1,20261207,1,20261208,1,20261209,1,20261210,1,20261211,1,20261214,1,20261215,1,20261216,1,20261217,1,20261218,1,20261221,1,20261222,1,20261223,1,20261224,1,20261228,1,20261229,1,20261230,1,20261231,1
'1495822',20260910,1,20260911,1,20260914,1,20260915,1,20260916,1,20260917,1,20260918,1,20260921,1,20260922,1,20260923,1,20260924,1,20260925,1,20260928,1,20260929,1,20260930,1,20261001,1,20261002,1,20261005,1,20261006,1,20261007,1,20261008,1,20261009,1,20261013,1,20261014,1,20261015,1,20261016,1,20261019,1,20261020,1,20261021,1,20261022,1,20261023,1,20261026,1,20261027,1,20261028,1,20261029,1,20261030,1,20261102,1,20261103,1,20261104,1,20261105,1,20261106,1,20261109,1,20261110,1,20261111,1,20261112,1,20261113,1,20261116,1,20261117,1,20261118,1,20261119,1,20261120,1,20261123,1,20261124,1,20261125,1,20261126,1,20261127,1,20261130,1,20261201,1,20261202,1,20261203,1,20261204,1,20261207,1,20261208,1,20261209,1,20261210,1,20261211,1,20261214,1,20261215,1,20261216,1,20261217,1,20261218,1,20261221,1,20261222,1,20261223,1,20261224,1,20261228,1,20261229,1,20261230,1,20261231,1
'1495823',20260910,1,20260911,1,20260914,1,20260915,1,20260916,1,20260917,1,20260918,1,20260921,1,20260922,1,20260923,1,20260924,1,20260925,1,20260928,1,20260929,1,20260930,1,20261001,1,20261002,1,20261005,1,20261006,1,20261007,1,20261008,1,20261009,1,20261013,1,20261014,1,20261015,1,20261016,1,20261019,1,20261020,1,20261021,1,20261022,1,20261023,1,20261026,1,20261027,1,20261028,1,20261029,1,20261030,1,20261102,1,20261103,1,20261104,1,20261105,1,20261106,1,20261109,1,20261110,1,20261111,1,20261112,1,20261113,1,20261116,1,20261117,1,20261118,1,20261119,1,20261120,1,20261123,1,20261124,1,20261125,1,20261126,1,20261127,1,20261130,1,20261201,1,20261202,1,20261203,1,20261204,1,20261207,1,20261208,1,20261209,1,20261210,1,20261211,1,20261214,1,20261215,1,20261216,1,20261217,1,20261218,1,20261221,1,20261222,1,20261223,1,20261224,1,20261228,1,20261229,1,20261230,1,20261231,1
'1495824',20260910,1,20260911,1,20260914,1,20260915,1,20260916,1,20260917,1,20260918,1,20260921,1,20260922,1,20260923,1,20260924,1,20260925,1,20260928,1,20260929,1,20260930,1,20261001,1,20261002,1,20261005,1,20261006,1,20261007,1,20261008,1,20261009,1,20261013,1,20261014,1,20261015,1,20261016,1,20261019,1,20261020,1,20261021,1,20261022,1,20261023,1,20261026,1,20261027,1,20261028,1,20261029,1,20261030,1,20261102,1,20261103,1,20261104,1,20261105,1,20261106,1,20261109,1,20261110,1,20261111,1,20261112,1,20261113,1,20261116,1,20261117,1,20261118,1,20261119,1,20261120,1,20261123,1,20261124,1,20261125,1,20261126,1,20261127,1,20261130,1,20261201,1,20261202,1,20261203,1,20261204,1,20261207,1,20261208,1,20261209,1,20261210,1,20261211,1,20261214,1,20261215,1,20261216,1,20261217,1,20261218,1,20261221,1,20261222,1,20261223,1,20261224,1,20261228,1,20261229,1,20261230,1,20261231,1
'1495825',20260910,1,20260911,1,20260914,1,20260915,1,20260916,1,20260917,1,20260918,1,20260921,1,20260922,1,20260923,1,20260924,1,20260925,1,20260928,1,20260929,1,20260930,1,20261001,1,20261002,1,20261005,1,20261006,1,20261007,1,20261008,1,20261009,1,20261013,1,20261014,1,20261015,1,20261016,1,20261019,1,20261020,1,20261021,1,20261022,1,20261023,1,20261026,1,20261027,1,20261028,1,20261029,1,20261030,1,20261102,1,20261103,1,20261104,1,20261105,1,20261106,1,20261109,1,20261110,1,20261111,1,20261112,1,20261113,1,20261116,1,20261117,1,20261118,1,20261119,1,20261120,1,20261123,1,20261124,1,20261125,1,20261126,1,20261127,1,20261130,1,20261201,1,20261202,1,20261203,1,20261204,1,20261207,1,20261208,1,20261209,1,20261210,1,20261211,1,20261214,1,20261215,1,20261216,1,20261217,1,20261218,1,20261221,1,20261222,1,20261223,1,20261224,1,20261228,1,20261229,1,20261230,1,20261231,1
'1495826',20260910,1,20260911,1,20260914,1,20260915,1,20260916,1,20260917,1,20260918,1,20260921,1,20260922,1,20260923,1,20260924,1,20260925,1,20260928,1,20260929,1,20260930,1,20261001,1,20261002,1,20261005,1,20261006,1,20261007,1,20261008,1,20261009,1,20261013,1,20261014,1,20261015,1,20261016,1,20261019,1,20261020,1,20261021,1,20261022,1,20261023,1,20261026,1,20261027,1,20261028,1,20261029,1,20261030,1,20261102,1,20261103,1,20261104,1,20261105,1,20261106,1,20261109,1,20261110,1,20261111,1,20261112,1,20261113,1,20261116,1,20261117,1,20261118,1,20261119,1,20261120,1,20261123,1,20261124,1,20261125,1,20261126,1,20261127,1,20261130,1,20261201,1,20261202,1,20261203,1,20261204,1,20261207,1,20261208,1,20261209,1,20261210,1,20261211,1,20261214,1,20261215,1,20261216,1,20261217,1,20261218,1,20261221,1,20261222,1,20261223,1,20261224,1,20261228,1,20261229,1,20261230,1,20261231,1
'1495827',20260910,1,20260911,1,20260914,1,20260915,1,20260916,1,20260917,1,20260918,1,20260921,1,20260922,1,20260923,1,20260924,1,20260925,1,20260928,1,20260929,1,20260930,1,20261001,1,20261002,1,20261005,1,20261006,1,20261007,1,20261008,1,20261009,1,20261013,1,20261014,1,20261015,1,20261016,1,20261019,1,20261020,1,20261021,1,20261022,1,20261023,1,20261026,1,20261027,1,20261028,1,20261029,1,20261030,1,20261102,1,20261103,1,20261104,1,20261105,1,20261106,1,20261109,1,20261110,1,20261111,1,20261112,1,20261113,1,20261116,1,20261117,1,20261118,1,20261119,1,20261120,1,20261123,1,20261124,1,20261125,1,20261126,1,20261127,1,20261130,1,20261201,1,20261202,1,20261203,1,20261204,1,20261207,1,20261208,1,20261209,1,20261210,1,20261211,1,20261214,1,20261215,1,20261216,1,20261217,1,20261218,1,20261221,1,20261222,1,20261223,1,20261224,1,20261228,1,20261229,1,20261230,1,20261231,1
'1495828',20260910,1,20260911,1,20260914,1,20260915,1,20260916,1,20260917,1,20260918,1,20260921,1,20260922,1,20260923,1,20260924,1,20260925,1,20260928,1,20260929,1,20260930,1,20261001,1,20261002,1,20261005,1,20261006,1,20261007,1,20261008,1,20261009,1,20261013,1,20261014,1,20261015,1,20261016,1,20261019,1,20261020,1,20261021,1,20261022,1,20261023,1,20261026,1,20261027,1,20261028,1,20261029,1,20261030,1,20261102,1,20261103,1,20261104,1,20261105,1,20261106,1,20261109,1,20261110,1,20261111,1,20261112,1,20261113,1,20261116,1,20261117,1,20261118,1,20261119,1,20261120,1,20261123,1,20261124,1,20261125,1,20261126,1,20261127,1,20261130,1,20261201,1,20261202,1,20261203,1,20261204,1,20261207,1,20261208,1,20261209,1,20261210,1,20261211,1,20261214,1,20261215,1,20261216,1,20261217,1,20261218,1,20261221,1,20261222,1,20261223,1,20261224,1,20261228,1,20261229,1,20261230,1,20261231,1
'1495829',20260910,1,20260911,1,20260914,1,20260915,1,20260916,1,20260917,1,20260918,1,20260921,1,20260922,1,20260923,1,20260924,1,20260925,1,20260928,1,20260929,1,20260930,1,20261001,1,20261002,1,20261005,1,20261006,1,20261007,1,20261008,1,20261009,1,20261013,1,20261014,1,20261015,1,20261016,1,20261019,1,20261020,1,20261021,1,20261022,1,20261023,1,20261026,1,20261027,1,20261028,1,20261029,1,20261030,1,20261102,1,20261103,1,20261104,1,20261105,1,20261106,1,20261109,1,20261110,1,20261111,1,20261112,1,20261113,1,20261116,1,20261117,1,20261118,1,20261119,1,20261120,1,20261123,1,20261124,1,20261125,1,20261126,1,20261127,1,20261130,1,20261201,1,20261202,1,20261203,1,20261204,1,20261207,1,20261208,1,20261209,1,20261210,1,20261211,1,20261214,1,20261215,1,20261216,1,20261217,1,20261218,1,20261221,1,20261222,1,20261223,1,20261224,1,20261228,1,20261229,1,20261230,1,20261231,1
'1495830',20260910,1,20260911,1,20260914,1,20260915,1,20260916,1,20260917,1,20260918,1,20260921,1,20260922,1,20260923,1,20260924,1,20260925,1,20260928,1,20260929,1,20260930,1,20261001,1,20261002,1,20261005,1,20261006,1,20261007,1,20261008,1,20261009,1,20261013,1,20261014,1,20261015,1,20261016,1,20261019,1,20261020,1,20261021,1,20261022,1,20261023,1,20261026,1,20261027,1,20261028,1,20261029,1,20261030,1,20261102,1,20261103,1,20261104,1,20261105,1,20261106,1,20261109,1,20261110,1,20261111,1,20261112,1,20261113,1,20261116,1,20261117,1,20261118,1,20261119,1,20261120,1,20261123,1,20261124,1,20261125,1,20261126,1,20261127,1,20261130,1,20261201,1,20261202,1,20261203,1,20261204,1,20261207,1,20261208,1,20261209,1,20261210,1,20261211,1,20261214,1,20261215,1,20261216,1,20261217,1,20261218,1,20261221,1,20261222,1,20261223,1,20261224,1,20261228,1,20261229,1,20261230,1,20261231,1
'1495831',20260910,1,20260911,1,20260914,1,20260915,1,20260916,1,20260917,1,20260918,1,20260921,1,20260922,1,20260923,1,20260924,1,20260925,1,20260928,1,20260929,1,20260930,1,20261001,1,20261002,1,20261005,1,20261006,1,20261007,1,20261008,1,20261009,1,20261013,1,20261014,1,20261015,1,20261016,1,20261019,1,20261020,1,20261021,1,20261022,1,20261023,1,20261026,1,20261027,1,20261028,1,20261029,1,20261030,1,20261102,1,20261103,1,20261104,1,20261105,1,20261106,1,20261109,1,20261110,1,20261111,1,20261112,1,20261113,1,20261116,1,20261117,1,20261118,1,20261119,1,20261120,1,20261123,1,20261124,1,20261125,1,20261126,1,20261127,1,20261130,1,20261201,1,20261202,1,20261203,1,20261204,1,20261207,1,20261208,1,20261209,1,20261210,1,20261211,1,20261214,1,20261215,1,20261216,1,20261217,1,20261218,1,20261221,1,20261222,1,20261223,1,20261224,1,20261228,1,20261229,1,20261230,1,20261231,1
'1495832',20260910,1,20260911,1,20260914,1,20260915,1,20260916,1,20260917,1,20260918,1,20260921,1,20260922,1,20260923,1,20260924,1,20260925,1,20260928,1,20260929,1,20260930,1,20261001,1,20261002,1,20261005,1,20261006,1,20261007,1,20261008,1,20261009,1,20261013,1,20261014,1,20261015,1,20261016,1,20261019,1,20261020,1,20261021,1,20261022,1,20261023,1,20261026,1,20261027,1,20261028,1,20261029,1,20261030,1,20261102,1,20261103,1,20261104,1,20261105,1,20261106,1,20261109,1,20261110,1,20261111,1,20261112,1,20261113,1,20261116,1,20261117,1,20261118,1,20261119,1,20261120,1,20261123,1,20261124,1,20261125,1,20261126,1,20261127,1,20261130,1,20261201,1,20261202,1,20261203,1,20261204,1,20261207,1,20261208,1,20261209,1,20261210,1,20261211,1,20261214,1,20261215,1,20261216,1,20261217,1,20261218,1,20261221,1,20261222,1,20261223,1,20261224,1,20261228,1,20261229,1,20261230,1,20261231,1
'1495833',20260910,1,20260911,1,20260914,1,20260915,1,20260916,1,20260917,1,20260918,1,20260921,1,20260922,1,20260923,1,20260924,1,20260925,1,20260928,1,20260929,1,20260930,1,20261001,1,20261002,1,20261005,1,20261006,1,20261007,1,20261008,1,20261009,1,20261013,1,20261014,1,20261015,1,20261016,1,20261019,1,20261020,1,20261021,1,20261022,1,20261023,1,20261026,1,20261027,1,20261028,1,20261029,1,20261030,1,20261102,1,20261103,1,20261104,1,20261105,1,20261106,1,20261109,1,20261110,1,20261111,1,20261112,1,20261113,1,20261116,1,20261117,1,20261118,1,20261119,1,20261120,1,20261123,1,20261124,1,20261125,1,20261126,1,20261127,1,20261130,1,20261201,1,20261202,1,20261203,1,20261204,1,20261207,1,20261208,1,20261209,1,20261210,1,20261211,1,20261214,1,20261215,1,20261216,1,20261217,1,20261218,1,20261221,1,20261222,1,20261223,1,20261224,1,20261228,1,20261229,1,20261230,1,20261231,1
'1495834',20260910,1,20260911,1,20260914,1,20260915,1,20260916,1,20260917,1,20260918,1,20260921,1,20260922,1,20260923,1,20260924,1,20260925,1,20260928,1,20260929,1,20260930,1,20261001,1,20261002,1,20261005,1,20261006,1,20261007,1,20261008,1,20261009,1,20261013,1,20261014,1,20261015,1,20261016,1,20261019,1,20261020,1,20261021,1,20261022,1,20261023,1,20261026,1,20261027,1,20261028,1,20261029,1,20261030,1,20261102,1,20261103,1,20261104,1,20261105,1,20261106,1,20261109,1,20261110,1,20261111,1,20261112,1,20261113,1,20261116,1,20261117,1,20261118,1,20261119,1,20261120,1,20261123,1,20261124,1,20261125,1,20261126,1,20261127,1,20261130,1,20261201,1,20261202,1,20261203,1,20261204,1,20261207,1,20261208,1,20261209,1,20261210,1,20261211,1,20261214,1,20261215,1,20261216,1,20261217,1,20261218,1,20261221,1,20261222,1,20261223,1,20261224,1,20261228,1,20261229,1,20261230,1,20261231,1
'1495835',20260910,1,20260911,1,20260914,1,20260915,1,20260916,1,20260917,1,20260918,1,20260921,1,20260922,1,20260923,1,20260924,1,20260925,1,20260928,1,20260929,1,20260930,1,20261001,1,20261002,1,20261005,1,20261006,1,20261007,1,20261008,1,20261009,1,20261013,1,20261014,1,20261015,1,20261016,1,20261019,1,20261020,1,20261021,1,20261022,1,20261023,1,20261026,1,20261027,1,20261028,1,20261029,1,20261030,1,20261102,1,20261103,1,20261104,1,20261105,1,20261106,1,20261109,1,20261110,1,20261111,1,20261112,1,20261113,1,20261116,1,20261117,1,20261118,1,20261119,1,20261120,1,20261123,1,20261124,1,20261125,1,20261126,1,20261127,1,20261130,1,20261201,1,20261202,1,20261203,1,20261204,1,20261207,1,20261208,1,20261209,1,20261210,1,20261211,1,20261214,1,20261215,1,20261216,1,20261217,1,20261218,1,20261221,1,20261222,1,20261223,1,20261224,1,20261228,1,20261229,1,20261230,1,20261231,1
'1495836',20260910,1,20260911,1,20260914,1,20260915,1,20260916,1,20260917,1,20260918,1,20260921,1,20260922,1,20260923,1,20260924,1,20260925,1,20260928,1,20260929,1,20260930,1,20261001,1,20261002,1,20261005,1,20261006,1,20261007,1,20261008,1,20261009,1,20261013,1,20261014,1,20261015,1,20261016,1,20261019,1,20261020,1,20261021,1,20261022,1,20261023,1,20261026,1,20261027,1,20261028,1,20261029,1,20261030,1,20261102,1,20261103,1,20261104,1,20261105,1,20261106,1,20261109,1,20261110,1,20261111,1,20261112,1,20261113,1,20261116,1,20261117,1,20261118,1,20261119,1,20261120,1,20261123,1,20261124,1,20261125,1,20261126,1,20261127,1,20261130,1,20261201,1,20261202,1,20261203,1,20261204,1,20261207,1,20261208,1,20261209,1,20261210,1,20261211,1,20261214,1,20261215,1,20261216,1,20261217,1,20261218,1,20261221,1,20261222,1,20261223,1,20261224,1,20261228,1,20261229,1,20261230,1,20261231,1
'1495837',20260910,1,20260911,1,20260914,1,20260915,1,20260916,1,20260917,1,20260918,1,20260921,1,20260922,1,20260923,1,20260924,1,20260925,1,20260928,1,20260929,1,20260930,1,20261001,1,20261002,1,20261005,1,20261006,1,20261007,1,20261008,1,20261009,1,20261013,1,20261014,1,20261015,1,20261016,1,20261019,1,20261020,1,20261021,1,20261022,1,20261023,1,20261026,1,20261027,1,20261028,1,20261029,1,20261030,1,20261102,1,20261103,1,20261104,1,20261105,1,20261106,1,20261109,1,20261110,1,20261111,1,20261112,1,20261113,1,20261116,1,20261117,1,20261118,1,20261119,1,20261120,1,20261123,1,20261124,1,20261125,1,20261126,1,20261127,1,20261130,1,20261201,1,20261202,1,20261203,1,20261204,1,20261207,1,20261208,1,20261209,1,20261210,1,20261211,1,20261214,1,20261215,1,20261216,1,20261217,1,20261218,1,20261221,1,20261222,1,20261223,1,20261224,1,20261228,1,20261229,1,20261230,1,20261231,1
'1495838',20260910,1,20260911,1,20260914,1,20260915,1,20260916,1,20260917,1,20260918,1,20260921,1,20260922,1,20260923,1,20260924,1,20260925,1,20260928,1,20260929,1,20260930,1,20261001,1,20261002,1,20261005,1,20261006,1,20261007,1,20261008,1,20261009,1,20261013,1,20261014,1,20261015,1,20261016,1,20261019,1,20261020,1,20261021,1,20261022,1,20261023,1,20261026,1,20261027,1,20261028,1,20261029,1,20261030,1,20261102,1,20261103,1,20261104,1,20261105,1,20261106,1,20261109,1,20261110,1,20261111,1,20261112,1,20261113,1,20261116,1,20261117,1,20261118,1,20261119,1,20261120,1,20261123,1,20261124,1,20261125,1,20261126,1,20261127,1,20261130,1,20261201,1,20261202,1,20261203,1,20261204,1,20261207,1,20261208,1,20261209,1,20261210,1,20261211,1,20261214,1,20261215,1,20261216,1,20261217,1,20261218,1,20261221,1,20261222,1,20261223,1,20261224,1,20261228,1,20261229,1,20261230,1,20261231,1
'1495839',20260910,1,20260911,1,20260914,1,20260915,1,20260916,1,20260917,1,20260918,1,20260921,1,20260922,1,20260923,1,20260924,1,20260925,1,20260928,1,20260929,1,20260930,1,20261001,1,20261002,1,20261005,1,20261006,1,20261007,1,20261008,1,20261009,1,20261013,1,20261014,1,20261015,1,20261016,1,20261019,1,20261020,1,20261021,1,20261022,1,20261023,1,20261026,1,20261027,1,20261028,1,20261029,1,20261030,1,20261102,1,20261103,1,20261104,1,20261105,1,20261106,1,20261109,1,20261110,1,20261111,1,20261112,1,20261113,1,20261116,1,20261117,1,20261118,1,20261119,1,20261120,1,20261123,1,20261124,1,20261125,1,20261126,1,20261127,1,20261130,1,20261201,1,20261202,1,20261203,1,20261204,1,20261207,1,20261208,1,20261209,1,20261210,1,20261211,1,20261214,1,20261215,1,20261216,1,20261217,1,20261218,1,20261221,1,20261222,1,20261223,1,20261224,1,20261228,1,20261229,1,20261230,1,20261231,1
'1495840',20260910,1,20260911,1,20260914,1,20260915,1,20260916,1,20260917,1,20260918,1,20260921,1,20260922,1,20260923,1,20260924,1,20260925,1,20260928,1,20260929,1,20260930,1,20261001,1,20261002,1,20261005,1,20261006,1,20261007,1,20261008,1,20261009,1,20261013,1,20261014,1,20261015,1,20261016,1,20261019,1,20261020,1,20261021,1,20261022,1,20261023,1,20261026,1,20261027,1,20261028,1,20261029,1,20261030,1,20261102,1,20261103,1,20261104,1,20261105,1,20261106,1,20261109,1,20261110,1,20261111,1,20261112,1,20261113,1,20261116,1,20261117,1,20261118,1,20261119,1,20261120,1,20261123,1,20261124,1,20261125,1,20261126,1,20261127,1,20261130,1,20261201,1,20261202,1,20261203,1,20261204,1,20261207,1,20261208,1,20261209,1,20261210,1,20261211,1,20261214,1,20261215,1,20261216,1,20261217,1,20261218,1,20261221,1,20261222,1,20261223,1,20261224,1,20261228,1,20261229,1,20261230,1,20261231,1
'1495841',20260910,1,20260911,1,20260914,1,20260915,1,20260916,1,20260917,1,20260918,1,20260921,1,20260922,1,20260923,1,20260924,1,20260925,1,20260928,1,20260929,1,20260930,1,20261001,1,20261002,1,20261005,1,20261006,1,20261007,1,20261008,1,20261009,1,20261013,1,20261014,1,20261015,1,20261016,1,20261019,1,20261020,1,20261021,1,20261022,1,20261023,1,20261026,1,20261027,1,20261028,1,20261029,1,20261030,1,20261102,1,20261103,1,20261104,1,20261105,1,20261106,1,20261109,1,20261110,1,20261111,1,20261112,1,20261113,1,20261116,1,20261117,1,20261118,1,20261119,1,20261120,1,20261123,1,20261124,1,20261125,1,20261126,1,20261127,1,20261130,1,20261201,1,20261202,1,20261203,1,20261204,1,20261207,1,20261208,1,20261209,1,20261210,1,20261211,1,20261214,1,20261215,1,20261216,1,20261217,1,20261218,1,20261221,1,20261222,1,20261223,1,20261224,1,20261228,1,20261229,1,20261230,1,20261231,1
'1495842',20260910,1,20260911,1,20260914,1,20260915,1,20260916,1,20260917,1,20260918,1,20260921,1,20260922,1,20260923,1,20260924,1,20260925,1,20260928,1,20260929,1,20260930,1,20261001,1,20261002,1,20261005,1,20261006,1,20261007,1,20261008,1,20261009,1,20261013,1,20261014,1,20261015,1,20261016,1,20261019,1,20261020,1,20261021,1,20261022,1,20261023,1,20261026,1,20261027,1,20261028,1,20261029,1,20261030,1,20261102,1,20261103,1,20261104,1,20261105,1,20261106,1,20261109,1,20261110,1,20261111,1,20261112,1,20261113,1,20261116,1,20261117,1,20261118,1,20261119,1,20261120,1,20261123,1,20261124,1,20261125,1,20261126,1,20261127,1,20261130,1,20261201,1,20261202,1,20261203,1,20261204,1,20261207,1,20261208,1,20261209,1,20261210,1,20261211,1,20261214,1,20261215,1,20261216,1,20261217,1,20261218,1,20261221,1,20261222,1,20261223,1,20261224,1,20261228,1,20261229,1,20261230,1,20261231,1
'1495843',20260910,1,20260911,1,20260914,1,20260915,1,20260916,1,20260917,1,20260918,1,20260921,1,20260922,1,20260923,1,20260924,1,20260925,1,20260928,1,20260929,1,20260930,1,20261001,1,20261002,1,20261005,1,20261006,1,20261007,1,20261008,1,20261009,1,20261013,1,20261014,1,20261015,1,20261016,1,20261019,1,20261020,1,20261021,1,20261022,1,20261023,1,20261026,1,20261027,1,20261028,1,20261029,1,20261030,1,20261102,1,20261103,1,20261104,1,20261105,1,20261106,1,20261109,1,20261110,1,20261111,1,20261112,1,20261113,1,20261116,1,20261117,1,20261118,1,20261119,1,20261120,1,20261123,1,20261124,1,20261125,1,20261126,1,20261127,1,20261130,1,20261201,1,20261202,1,20261203,1,20261204,1,20261207,1,20261208,1,20261209,1,20261210,1,20261211,1,20261214,1,20261215,1,20261216,1,20261217,1,20261218,1,20261221,1,20261222,1,20261223,1,20261224,1,20261228,1,20261229,1,20261230,1,20261231,1
'1495844',20260910,1,20260911,1,20260914,1,20260915,1,20260916,1,20260917,1,20260918,1,20260921,1,20260922,1,20260923,1,20260924,1,20260925,1,20260928,1,20260929,1,20260930,1,20261001,1,20261002,1,20261005,1,20261006,1,20261007,1,20261008,1,20261009,1,20261013,1,20261014,1,20261015,1,20261016,1,20261019,1,20261020,1,20261021,1,20261022,1,20261023,1,20261026,1,20261027,1,20261028,1,20261029,1,20261030,1,20261102,1,20261103,1,20261104,1,20261105,1,20261106,1,20261109,1,20261110,1,20261111,1,20261112,1,20261113,1,20261116,1,20261117,1,20261118,1,20261119,1,20261120,1,20261123,1,20261124,1,20261125,1,20261126,1,20261127,1,20261130,1,20261201,1,20261202,1,20261203,1,20261204,1,20261207,1,20261208,1,20261209,1,20261210,1,20261211,1,20261214,1,20261215,1,20261216,1,20261217,1,20261218,1,20261221,1,20261222,1,20261223,1,20261224,1,20261228,1,20261229,1,20261230,1,20261231,1
'1495845',20260910,1,20260911,1,20260914,1,20260915,1,20260916,1,20260917,1,20260918,1,20260921,1,20260922,1,20260923,1,20260924,1,20260925,1,20260928,1,20260929,1,20260930,1,20261001,1,20261002,1,20261005,1,20261006,1,20261007,1,20261008,1,20261009,1,20261013,1,20261014,1,20261015,1,20261016,1,20261019,1,20261020,1,20261021,1,20261022,1,20261023,1,20261026,1,20261027,1,20261028,1,20261029,1,20261030,1,20261102,1,20261103,1,20261104,1,20261105,1,20261106,1,20261109,1,20261110,1,20261111,1,20261112,1,20261113,1,20261116,1,20261117,1,20261118,1,20261119,1,20261120,1,20261123,1,20261124,1,20261125,1,20261126,1,20261127,1,20261130,1,20261201,1,20261202,1,20261203,1,20261204,1,20261207,1,20261208,1,20261209,1,20261210,1,20261211,1,20261214,1,20261215,1,20261216,1,20261217,1,20261218,1,20261221,1,20261222,1,20261223,1,20261224,1,20261228,1,20261229,1,20261230,1,20261231,1
'1495846',20260910,1,20260911,1,20260914,1,20260915,1,20260916,1,20260917,1,20260918,1,20260921,1,20260922,1,20260923,1,20260924,1,20260925,1,20260928,1,20260929,1,20260930,1,20261001,1,20261002,1,20261005,1,20261006,1,20261007,1,20261008,1,20261009,1,20261013,1,20261014,1,20261015,1,20261016,1,20261019,1,20261020,1,20261021,1,20261022,1,20261023,1,20261026,1,20261027,1,20261028,1,20261029,1,20261030,1,20261102,1,20261103,1,20261104,1,20261105,1,20261106,1,20261109,1,20261110,1,20261111,1,20261112,1,20261113,1,20261116,1,20261117,1,20261118,1,20261119,1,20261120,1,20261123,1,20261124,1,20261125,1,20261126,1,20261127,1,20261130,1,20261201,1,20261202,1,20261203,1,20261204,1,20261207,1,20261208,1,20261209,1,20261210,1,20261211,1,20261214,1,20261215,1,20261216,1,20261217,1,20261218,1,20261221,1,20261222,1,20261223,1,20261224,1,20261228,1,20261229,1,20261230,1,20261231,1
'1495847',20260910,1,20260911,1,20260914,1,20260915,1,20260916,1,20260917,1,20260918,1,20260921,1,20260922,1,20260923,1,20260924,1,20260925,1,20260928,1,20260929,1,20260930,1,20261001,1,20261002,1,20261005,1,20261006,1,20261007,1,20261008,1,20261009,1,20261013,1,20261014,1,20261015,1,20261016,1,20261019,1,20261020,1,20261021,1,20261022,1,20261023,1,20261026,1,20261027,1,20261028,1,20261029,1,20261030,1,20261102,1,20261103,1,20261104,1,20261105,1,20261106,1,20261109,1,20261110,1,20261111,1,20261112,1,20261113,1,20261116,1,20261117,1,20261118,1,20261119,1,20261120,1,20261123,1,20261124,1,20261125,1,20261126,1,20261127,1,20261130,1,20261201,1,20261202,1,20261203,1,20261204,1,20261207,1,20261208,1,20261209,1,20261210,1,20261211,1,20261214,1,20261215,1,20261216,1,20261217,1,20261218,1,20261221,1,20261222,1,20261223,1,20261224,1,20261228,1,20261229,1,20261230,1,20261231,1
'1495848',20260910,1,20260911,1,20260914,1,20260915,1,20260916,1,20260917,1,20260918,1,20260921,1,20260922,1,20260923,1,20260924,1,20260925,1,20260928,1,20260929,1,20260930,1,20261001,1,20261002,1,20261005,1,20261006,1,20261007,1,20261008,1,20261009,1,20261013,1,20261014,1,20261015,1,20261016,1,20261019,1,20261020,1,20261021,1,20261022,1,20261023,1,20261026,1,20261027,1,20261028,1,20261029,1,20261030,1,20261102,1,20261103,1,20261104,1,20261105,1,20261106,1,20261109,1,20261110,1,20261111,1,20261112,1,20261113,1,20261116,1,20261117,1,20261118,1,20261119,1,20261120,1,20261123,1,20261124,1,20261125,1,20261126,1,20261127,1,20261130,1,20261201,1,20261202,1,20261203,1,20261204,1,20261207,1,20261208,1,20261209,1,20261210,1,20261211,1,20261214,1,20261215,1,20261216,1,20261217,1,20261218,1,20261221,1,20261222,1,20261223,1,20261224,1,20261228,1,20261229,1,20261230,1,20261231,1
'1495849',20260910,1,20260911,1,20260914,1,20260915,1,20260916,1,20260917,1,20260918,1,20260921,1,20260922,1,20260923,1,20260924,1,20260925,1,20260928,1,20260929,1,20260930,1,20261001,1,20261002,1,20261005,1,20261006,1,20261007,1,20261008,1,20261009,1,20261013,1,20261014,1,20261015,1,20261016,1,20261019,1,20261020,1,20261021,1,20261022,1,20261023,1,20261026,1,20261027,1,20261028,1,20261029,1,20261030,1,20261102,1,20261103,1,20261104,1,20261105,1,20261106,1,20261109,1,20261110,1,20261111,1,20261112,1,20261113,1,20261116,1,20261117,1,20261118,1,20261119,1,20261120,1,20261123,1,20261124,1,20261125,1,20261126,1,20261127,1,20261130,1,20261201,1,20261202,1,20261203,1,20261204,1,20261207,1,20261208,1,20261209,1,20261210,1,20261211,1,20261214,1,20261215,1,20261216,1,20261217,1,20261218,1,20261221,1,20261222,1,20261223,1,20261224,1,20261228,1,20261229,1,20261230,1,20261231,1
'1495850',20260910,1,20260911,1,20260914,1,20260915,1,20260916,1,20260917,1,20260918,1,20260921,1,20260922,1,20260923,1,20260924,1,20260925,1,20260928,1,20260929,1,20260930,1,20261001,1,20261002,1,20261005,1,20261006,1,20261007,1,20261008,1,20261009,1,20261013,1,20261014,1,20261015,1,20261016,1,20261019,1,20261020,1,20261021,1,20261022,1,20261023,1,20261026,1,20261027,1,20261028,1,20261029,1,20261030,1,20261102,1,20261103,1,20261104,1,20261105,1,20261106,1,20261109,1,20261110,1,20261111,1,20261112,1,20261113,1,20261116,1,20261117,1,20261118,1,20261119,1,20261120,1,20261123,1,20261124,1,20261125,1,20261126,1,20261127,1,20261130,1,20261201,1,20261202,1,20261203,1,20261204,1,20261207,1,20261208,1,20261209,1,20261210,1,20261211,1,20261214,1,20261215,1,20261216,1,20261217,1,20261218,1,20261221,1,20261222,1,20261223,1,20261224,1,20261228,1,20261229,1,20261230,1,20261231,1
'1495851',20260910,1,20260911,1,20260914,1,20260915,1,20260916,1,20260917,1,20260918,1,20260921,1,20260922,1,20260923,1,20260924,1,20260925,1,20260928,1,20260929,1,20260930,1,20261001,1,20261002,1,20261005,1,20261006,1,20261007,1,20261008,1,20261009,1,20261013,1,20261014,1,20261015,1,20261016,1,20261019,1,20261020,1,20261021,1,20261022,1,20261023,1,20261026,1,20261027,1,20261028,1,20261029,1,20261030,1,20261102,1,20261103,1,20261104,1,20261105,1,20261106,1,20261109,1,20261110,1,20261111,1,20261112,1,20261113,1,20261116,1,20261117,1,20261118,1,20261119,1,20261120,1,20261123,1,20261124,1,20261125,1,20261126,1,20261127,1,20261130,1,20261201,1,20261202,1,20261203,1,20261204,1,20261207,1,20261208,1,20261209,1,20261210,1,20261211,1,20261214,1,20261215,1,20261216,1,20261217,1,20261218,1,20261221,1,20261222,1,20261223,1,20261224,1,20261228,1,20261229,1,20261230,1,20261231,1
'1495852',20260910,1,20260911,1,20260914,1,20260915,1,20260916,1,20260917,1,20260918,1,20260921,1,20260922,1,20260923,1,20260924,1,20260925,1,20260928,1,20260929,1,20260930,1,20261001,1,20261002,1,20261005,1,20261006,1,20261007,1,20261008,1,20261009,1,20261013,1,20261014,1,20261015,1,20261016,1,20261019,1,20261020,1,20261021,1,20261022,1,20261023,1,20261026,1,20261027,1,20261028,1,20261029,1,20261030,1,20261102,1,20261103,1,20261104,1,20261105,1,20261106,1,20261109,1,20261110,1,20261111,1,20261112,1,20261113,1,20261116,1,20261117,1,20261118,1,20261119,1,20261120,1,20261123,1,20261124,1,20261125,1,20261126,1,20261127,1,20261130,1,20261201,1,20261202,1,20261203,1,20261204,1,20261207,1,20261208,1,20261209,1,20261210,1,20261211,1,20261214,1,20261215,1,20261216,1,20261217,1,20261218,1,20261221,1,20261222,1,20261223,1,20261224,1,20261228,1,20261229,1,20261230,1,20261231,1
'1495853',20260910,1,20260911,1,20260914,1,20260915,1,20260916,1,20260917,1,20260918,1,20260921,1,20260922,1,20260923,1,20260924,1,20260925,1,20260928,1,20260929,1,20260930,1,20261001,1,20261002,1,20261005,1,20261006,1,20261007,1,20261008,1,20261009,1,20261013,1,20261014,1,20261015,1,20261016,1,20261019,1,20261020,1,20261021,1,20261022,1,20261023,1,20261026,1,20261027,1,20261028,1,20261029,1,20261030,1,20261102,1,20261103,1,20261104,1,20261105,1,20261106,1,20261109,1,20261110,1,20261111,1,20261112,1,20261113,1,20261116,1,20261117,1,20261118,1,20261119,1,20261120,1,20261123,1,20261124,1,20261125,1,20261126,1,20261127,1,20261130,1,20261201,1,20261202,1,20261203,1,20261204,1,20261207,1,20261208,1,20261209,1,20261210,1,20261211,1,20261214,1,20261215,1,20261216,1,20261217,1,20261218,1,20261221,1,20261222,1,20261223,1,20261224,1,20261228,1,20261229,1,20261230,1,20261231,1
'1495854',20260910,1,20260911,1,20260914,1,20260915,1,20260916,1,20260917,1,20260918,1,20260921,1,20260922,1,20260923,1,20260924,1,20260925,1,20260928,1,20260929,1,20260930,1,20261001,1,20261002,1,20261005,1,20261006,1,20261007,1,20261008,1,20261009,1,20261013,1,20261014,1,20261015,1,20261016,1,20261019,1,20261020,1,20261021,1,20261022,1,20261023,1,20261026,1,20261027,1,20261028,1,20261029,1,20261030,1,20261102,1,20261103,1,20261104,1,20261105,1,20261106,1,20261109,1,20261110,1,20261111,1,20261112,1,20261113,1,20261116,1,20261117,1,20261118,1,20261119,1,20261120,1,20261123,1,20261124,1,20261125,1,20261126,1,20261127,1,20261130,1,20261201,1,20261202,1,20261203,1,20261204,1,20261207,1,20261208,1,20261209,1,20261210,1,20261211,1,20261214,1,20261215,1,20261216,1,20261217,1,20261218,1,20261221,1,20261222,1,20261223,1,20261224,1,20261228,1,20261229,1,20261230,1,20261231,1
'1495855',20260910,1,20260911,1,20260914,1,20260915,1,20260916,1,20260917,1,20260918,1,20260921,1,20260922,1,20260923,1,20260924,1,20260925,1,20260928,1,20260929,1,20260930,1,20261001,1,20261002,1,20261005,1,20261006,1,20261007,1,20261008,1,20261009,1,20261013,1,20261014,1,20261015,1,20261016,1,20261019,1,20261020,1,20261021,1,20261022,1,20261023,1,20261026,1,20261027,1,20261028,1,20261029,1,20261030,1,20261102,1,20261103,1,20261104,1,20261105,1,20261106,1,20261109,1,20261110,1,20261111,1,20261112,1,20261113,1,20261116,1,20261117,1,20261118,1,20261119,1,20261120,1,20261123,1,20261124,1,20261125,1,20261126,1,20261127,1,20261130,1,20261201,1,20261202,1,20261203,1,20261204,1,20261207,1,20261208,1,20261209,1,20261210,1,20261211,1,20261214,1,20261215,1,20261216,1,20261217,1,20261218,1,20261221,1,20261222,1,20261223,1,20261224,1,20261228,1,20261229,1,20261230,1,20261231,1
'1495856',20260910,1,20260911,1,20260914,1,20260915,1,20260916,1,20260917,1,20260918,1,20260921,1,20260922,1,20260923,1,20260924,1,20260925,1,20260928,1,20260929,1,20260930,1,20261001,1,20261002,1,20261005,1,20261006,1,20261007,1,20261008,1,20261009,1,20261013,1,20261014,1,20261015,1,20261016,1,20261019,1,20261020,1,20261021,1,20261022,1,20261023,1,20261026,1,20261027,1,20261028,1,20261029,1,20261030,1,20261102,1,20261103,1,20261104,1,20261105,1,20261106,1,20261109,1,20261110,1,20261111,1,20261112,1,20261113,1,20261116,1,20261117,1,20261118,1,20261119,1,20261120,1,20261123,1,20261124,1,20261125,1,20261126,1,20261127,1,20261130,1,20261201,1,20261202,1,20261203,1,20261204,1,20261207,1,20261208,1,20261209,1,20261210,1,20261211,1,20261214,1,20261215,1,20261216,1,20261217,1,20261218,1,20261221,1,20261222,1,20261223,1,20261224,1,20261228,1,20261229,1,20261230,1,20261231,1
'1495857',20260910,1,20260911,1,20260914,1,20260915,1,20260916,1,20260917,1,20260918,1,20260921,1,20260922,1,20260923,1,20260924,1,20260925,1,20260928,1,20260929,1,20260930,1,20261001,1,20261002,1,20261005,1,20261006,1,20261007,1,20261008,1,20261009,1,20261013,1,20261014,1,20261015,1,20261016,1,20261019,1,20261020,1,20261021,1,20261022,1,20261023,1,20261026,1,20261027,1,20261028,1,20261029,1,20261030,1,20261102,1,20261103,1,20261104,1,20261105,1,20261106,1,20261109,1,20261110,1,20261111,1,20261112,1,20261113,1,20261116,1,20261117,1,20261118,1,20261119,1,20261120,1,20261123,1,20261124,1,20261125,1,20261126,1,20261127,1,20261130,1,20261201,1,20261202,1,20261203,1,20261204,1,20261207,1,20261208,1,20261209,1,20261210,1,20261211,1,20261214,1,20261215,1,20261216,1,20261217,1,20261218,1,20261221,1,20261222,1,20261223,1,20261224,1,20261228,1,20261229,1,20261230,1,20261231,1
'1495858',20260910,1,20260911,1,20260914,1,20260915,1,20260916,1,20260917,1,20260918,1,20260921,1,20260922,1,20260923,1,20260924,1,20260925,1,20260928,1,20260929,1,20260930,1,20261001,1,20261002,1,20261005,1,20261006,1,20261007,1,20261008,1,20261009,1,20261013,1,20261014,1,20261015,1,20261016,1,20261019,1,20261020,1,20261021,1,20261022,1,20261023,1,20261026,1,20261027,1,20261028,1,20261029,1,20261030,1,20261102,1,20261103,1,20261104,1,20261105,1,20261106,1,20261109,1,20261110,1,20261111,1,20261112,1,20261113,1,20261116,1,20261117,1,20261118,1,20261119,1,20261120,1,20261123,1,20261124,1,20261125,1,20261126,1,20261127,1,20261130,1,20261201,1,20261202,1,20261203,1,20261204,1,20261207,1,20261208,1,20261209,1,20261210,1,20261211,1,20261214,1,20261215,1,20261216,1,20261217,1,20261218,1,20261221,1,20261222,1,20261223,1,20261224,1,20261228,1,20261229,1,20261230,1,20261231,1
'1495859',20260910,1,20260911,1,20260914,1,20260915,1,20260916,1,20260917,1,20260918,1,20260921,1,20260922,1,20260923,1,20260924,1,20260925,1,20260928,1,20260929,1,20260930,1,20261001,1,20261002,1,20261005,1,20261006,1,20261007,1,20261008,1,20261009,1,20261013,1,20261014,1,20261015,1,20261016,1,20261019,1,20261020,1,20261021,1,20261022,1,20261023,1,20261026,1,20261027,1,20261028,1,20261029,1,20261030,1,20261102,1,20261103,1,20261104,1,20261105,1,20261106,1,20261109,1,20261110,1,20261111,1,20261112,1,20261113,1,20261116,1,20261117,1,20261118,1,20261119,1,20261120,1,20261123,1,20261124,1,20261125,1,20261126,1,20261127,1,20261130,1,20261201,1,20261202,1,20261203,1,20261204,1,20261207,1,20261208,1,20261209,1,20261210,1,20261211,1,20261214,1,20261215,1,20261216,1,20261217,1,20261218,1,20261221,1,20261222,1,20261223,1,20261224,1,20261228,1,20261229,1,20261230,1,20261231,1
'1495860',20260910,1,20260911,1,20260914,1,20260915,1,20260916,1,20260917,1,20260918,1,20260921,1,20260922,1,20260923,1,20260924,1,20260925,1,20260928,1,20260929,1,20260930,1,20261001,1,20261002,1,20261005,1,20261006,1,20261007,1,20261008,1,20261009,1,20261013,1,20261014,1,20261015,1,20261016,1,20261019,1,20261020,1,20261021,1,20261022,1,20261023,1,20261026,1,20261027,1,20261028,1,20261029,1,20261030,1,20261102,1,20261103,1,20261104,1,20261105,1,20261106,1,20261109,1,20261110,1,20261111,1,20261112,1,20261113,1,20261116,1,20261117,1,20261118,1,20261119,1,20261120,1,20261123,1,20261124,1,20261125,1,20261126,1,20261127,1,20261130,1,20261201,1,20261202,1,20261203,1,20261204,1,20261207,1,20261208,1,20261209,1,20261210,1,20261211,1,20261214,1,20261215,1,20261216,1,20261217,1,20261218,1,20261221,1,20261222,1,20261223,1,20261224,1,20261228,1,20261229,1,20261230,1,20261231,1
'1495861',20260910,1,20260911,1,20260914,1,20260915,1,20260916,1,20260917,1,20260918,1,20260921,1,20260922,1,20260923,1,20260924,1,20260925,1,20260928,1,20260929,1,20260930,1,20261001,1,20261002,1,20261005,1,20261006,1,20261007,1,20261008,1,20261009,1,20261013,1,20261014,1,20261015,1,20261016,1,20261019,1,20261020,1,20261021,1,20261022,1,20261023,1,20261026,1,20261027,1,20261028,1,20261029,1,20261030,1,20261102,1,20261103,1,20261104,1,20261105,1,20261106,1,20261109,1,20261110,1,20261111,1,20261112,1,20261113,1,20261116,1,20261117,1,20261118,1,20261119,1,20261120,1,20261123,1,20261124,1,20261125,1,20261126,1,20261127,1,20261130,1,20261201,1,20261202,1,20261203,1,20261204,1,20261207,1,20261208,1,20261209,1,20261210,1,20261211,1,20261214,1,20261215,1,20261216,1,20261217,1,20261218,1,20261221,1,20261222,1,20261223,1,20261224,1,20261228,1,20261229,1,20261230,1,20261231,1
'1495862',20260910,1,20260911,1,20260914,1,20260915,1,20260916,1,20260917,1,20260918,1,20260921,1,20260922,1,20260923,1,20260924,1,20260925,1,20260928,1,20260929,1,20260930,1,20261001,1,20261002,1,20261005,1,20261006,1,20261007,1,20261008,1,20261009,1,20261013,1,20261014,1,20261015,1,20261016,1,20261019,1,20261020,1,20261021,1,20261022,1,20261023,1,20261026,1,20261027,1,20261028,1,20261029,1,20261030,1,20261102,1,20261103,1,20261104,1,20261105,1,20261106,1,20261109,1,20261110,1,20261111,1,20261112,1,20261113,1,20261116,1,20261117,1,20261118,1,20261119,1,20261120,1,20261123,1,20261124,1,20261125,1,20261126,1,20261127,1,20261130,1,20261201,1,20261202,1,20261203,1,20261204,1,20261207,1,20261208,1,20261209,1,20261210,1,20261211,1,20261214,1,20261215,1,20261216,1,20261217,1,20261218,1,20261221,1,20261222,1,20261223,1,20261224,1,20261228,1,20261229,1,20261230,1,20261231,1
'1495863',20260910,1,20260911,1,20260914,1,20260915,1,20260916,1,20260917,1,20260918,1,20260921,1,20260922,1,20260923,1,20260924,1,20260925,1,20260928,1,20260929,1,20260930,1,20261001,1,20261002,1,20261005,1,20261006,1,20261007,1,20261008,1,20261009,1,20261013,1,20261014,1,20261015,1,20261016,1,20261019,1,20261020,1,20261021,1,20261022,1,20261023,1,20261026,1,20261027,1,20261028,1,20261029,1,20261030,1,20261102,1,20261103,1,20261104,1,20261105,1,20261106,1,20261109,1,20261110,1,20261111,1,20261112,1,20261113,1,20261116,1,20261117,1,20261118,1,20261119,1,20261120,1,20261123,1,20261124,1,20261125,1,20261126,1,20261127,1,20261130,1,20261201,1,20261202,1,20261203,1,20261204,1,20261207,1,20261208,1,20261209,1,20261210,1,20261211,1,20261214,1,20261215,1,20261216,1,20261217,1,20261218,1,20261221,1,20261222,1,20261223,1,20261224,1,20261228,1,20261229,1,20261230,1,20261231,1
'1495864',20260910,1,20260911,1,20260914,1,20260915,1,20260916,1,20260917,1,20260918,1,20260921,1,20260922,1,20260923,1,20260924,1,20260925,1,20260928,1,20260929,1,20260930,1,20261001,1,20261002,1,20261005,1,20261006,1,20261007,1,20261008,1,20261009,1,20261013,1,20261014,1,20261015,1,20261016,1,20261019,1,20261020,1,20261021,1,20261022,1,20261023,1,20261026,1,20261027,1,20261028,1,20261029,1,20261030,1,20261102,1,20261103,1,20261104,1,20261105,1,20261106,1,20261109,1,20261110,1,20261111,1,20261112,1,20261113,1,20261116,1,20261117,1,20261118,1,20261119,1,20261120,1,20261123,1,20261124,1,20261125,1,20261126,1,20261127,1,20261130,1,20261201,1,20261202,1,20261203,1,20261204,1,20261207,1,20261208,1,20261209,1,20261210,1,20261211,1,20261214,1,20261215,1,20261216,1,20261217,1,20261218,1,20261221,1,20261222,1,20261223,1,20261224,1,20261228,1,20261229,1,20261230,1,20261231,1
'1495865',20260910,1,20260911,1,20260914,1,20260915,1,20260916,1,20260917,1,20260918,1,20260921,1,20260922,1,20260923,1,20260924,1,20260925,1,20260928,1,20260929,1,20260930,1,20261001,1,20261002,1,20261005,1,20261006,1,20261007,1,20261008,1,20261009,1,20261013,1,20261014,1,20261015,1,20261016,1,20261019,1,20261020,1,20261021,1,20261022,1,20261023,1,20261026,1,20261027,1,20261028,1,20261029,1,20261030,1,20261102,1,20261103,1,20261104,1,20261105,1,20261106,1,20261109,1,20261110,1,20261111,1,20261112,1,20261113,1,20261116,1,20261117,1,20261118,1,20261119,1,20261120,1,20261123,1,20261124,1,20261125,1,20261126,1,20261127,1,20261130,1,20261201,1,20261202,1,20261203,1,20261204,1,20261207,1,20261208,1,20261209,1,20261210,1,20261211,1,20261214,1,20261215,1,20261216,1,20261217,1,20261218,1,20261221,1,20261222,1,20261223,1,20261224,1,20261228,1,20261229,1,20261230,1,20261231,1
'1495866',20260910,1,20260911,1,20260914,1,20260915,1,20260916,1,20260917,1,20260918,1,20260921,1,20260922,1,20260923,1,20260924,1,20260925,1,20260928,1,20260929,1,20260930,1,20261001,1,20261002,1,20261005,1,20261006,1,20261007,1,20261008,1,20261009,1,20261013,1,20261014,1,20261015,1,20261016,1,20261019,1,20261020,1,20261021,1,20261022,1,20261023,1,20261026,1,20261027,1,20261028,1,20261029,1,20261030,1,20261102,1,20261103,1,20261104,1,20261105,1,20261106,1,20261109,1,20261110,1,20261111,1,20261112,1,20261113,1,20261116,1,20261117,1,20261118,1,20261119,1,20261120,1,20261123,1,20261124,1,20261125,1,20261126,1,20261127,1,20261130,1,20261201,1,20261202,1,20261203,1,20261204,1,20261207,1,20261208,1,20261209,1,20261210,1,20261211,1,20261214,1,20261215,1,20261216,1,20261217,1,20261218,1,20261221,1,20261222,1,20261223,1,20261224,1,20261228,1,20261229,1,20261230,1,20261231,1
'1495867',20260910,1,20260911,1,20260914,1,20260915,1,20260916,1,20260917,1,20260918,1,20260921,1,20260922,1,20260923,1,20260924,1,20260925,1,20260928,1,20260929,1,20260930,1,20261001,1,20261002,1,20261005,1,20261006,1,20261007,1,20261008,1,20261009,1,20261013,1,20261014,1,20261015,1,20261016,1,20261019,1,20261020,1,20261021,1,20261022,1,20261023,1,20261026,1,20261027,1,20261028,1,20261029,1,20261030,1,20261102,1,20261103,1,20261104,1,20261105,1,20261106,1,20261109,1,20261110,1,20261111,1,20261112,1,20261113,1,20261116,1,20261117,1,20261118,1,20261119,1,20261120,1,20261123,1,20261124,1,20261125,1,20261126,1,20261127,1,20261130,1,20261201,1,20261202,1,20261203,1,20261204,1,20261207,1,20261208,1,20261209,1,20261210,1,20261211,1,20261214,1,20261215,1,20261216,1,20261217,1,20261218,1,20261221,1,20261222,1,20261223,1,20261224,1,20261228,1,20261229,1,20261230,1,20261231,1
'1495868',20260910,1,20260911,1,20260914,1,20260915,1,20260916,1,20260917,1,20260918,1,20260921,1,20260922,1,20260923,1,20260924,1,20260925,1,20260928,1,20260929,1,20260930,1,20261001,1,20261002,1,20261005,1,20261006,1,20261007,1,20261008,1,20261009,1,20261013,1,20261014,1,20261015,1,20261016,1,20261019,1,20261020,1,20261021,1,20261022,1,20261023,1,20261026,1,20261027,1,20261028,1,20261029,1,20261030,1,20261102,1,20261103,1,20261104,1,20261105,1,20261106,1,20261109,1,20261110,1,20261111,1,20261112,1,20261113,1,20261116,1,20261117,1,20261118,1,20261119,1,20261120,1,20261123,1,20261124,1,20261125,1,20261126,1,20261127,1,20261130,1,20261201,1,20261202,1,20261203,1,20261204,1,20261207,1,20261208,1,20261209,1,20261210,1,20261211,1,20261214,1,20261215,1,20261216,1,20261217,1,20261218,1,20261221,1,20261222,1,20261223,1,20261224,1,20261228,1,20261229,1,20261230,1,20261231,1
'1495869',20260910,1,20260911,1,20260914,1,20260915,1,20260916,1,20260917,1,20260918,1,20260921,1,20260922,1,20260923,1,20260924,1,20260925,1,20260928,1,20260929,1,20260930,1,20261001,1,20261002,1,20261005,1,20261006,1,20261007,1,20261008,1,20261009,1,20261013,1,20261014,1,20261015,1,20261016,1,20261019,1,20261020,1,20261021,1,20261022,1,20261023,1,20261026,1,20261027,1,20261028,1,20261029,1,20261030,1,20261102,1,20261103,1,20261104,1,20261105,1,20261106,1,20261109,1,20261110,1,20261111,1,20261112,1,20261113,1,20261116,1,20261117,1,20261118,1,20261119,1,20261120,1,20261123,1,20261124,1,20261125,1,20261126,1,20261127,1,20261130,1,20261201,1,20261202,1,20261203,1,20261204,1,20261207,1,20261208,1,20261209,1,20261210,1,20261211,1,20261214,1,20261215,1,20261216,1,20261217,1,20261218,1,20261221,1,20261222,1,20261223,1,20261224,1,20261228,1,20261229,1,20261230,1,20261231,1
'1495870',20260910,1,20260911,1,20260914,1,20260915,1,20260916,1,20260917,1,20260918,1,20260921,1,20260922,1,20260923,1,20260924,1,20260925,1,20260928,1,20260929,1,20260930,1,20261001,1,20261002,1,20261005,1,20261006,1,20261007,1,20261008,1,20261009,1,20261013,1,20261014,1,20261015,1,20261016,1,20261019,1,20261020,1,20261021,1,20261022,1,20261023,1,20261026,1,20261027,1,20261028,1,20261029,1,20261030,1,20261102,1,20261103,1,20261104,1,20261105,1,20261106,1,20261109,1,20261110,1,20261111,1,20261112,1,20261113,1,20261116,1,20261117,1,20261118,1,20261119,1,20261120,1,20261123,1,20261124,1,20261125,1,20261126,1,20261127,1,20261130,1,20261201,1,20261202,1,20261203,1,20261204,1,20261207,1,20261208,1,20261209,1,20261210,1,20261211,1,20261214,1,20261215,1,20261216,1,20261217,1,20261218,1,20261221,1,20261222,1,20261223,1,20261224,1,20261228,1,20261229,1,20261230,1,20261231,1
'1495871',20260910,1,20260911,1,20260914,1,20260915,1,20260916,1,20260917,1,20260918,1,20260921,1,20260922,1,20260923,1,20260924,1,20260925,1,20260928,1,20260929,1,20260930,1,20261001,1,20261002,1,20261005,1,20261006,1,20261007,1,20261008,1,20261009,1,20261013,1,20261014,1,20261015,1,20261016,1,20261019,1,20261020,1,20261021,1,20261022,1,20261023,1,20261026,1,20261027,1,20261028,1,20261029,1,20261030,1,20261102,1,20261103,1,20261104,1,20261105,1,20261106,1,20261109,1,20261110,1,20261111,1,20261112,1,20261113,1,20261116,1,20261117,1,20261118,1,20261119,1,20261120,1,20261123,1,20261124,1,20261125,1,20261126,1,20261127,1,20261130,1,20261201,1,20261202,1,20261203,1,20261204,1,20261207,1,20261208,1,20261209,1,20261210,1,20261211,1,20261214,1,20261215,1,20261216,1,20261217,1,20261218,1,20261221,1,20261222,1,20261223,1,20261224,1,20261228,1,20261229,1,20261230,1,20261231,1
'1495872',20260910,1,20260911,1,20260914,1,20260915,1,20260916,1,20260917,1,20260918,1,20260921,1,20260922,1,20260923,1,20260924,1,20260925,1,20260928,1,20260929,1,20260930,1,20261001,1,20261002,1,20261005,1,20261006,1,20261007,1,20261008,1,20261009,1,20261013,1,20261014,1,20261015,1,20261016,1,20261019,1,20261020,1,20261021,1,20261022,1,20261023,1,20261026,1,20261027,1,20261028,1,20261029,1,20261030,1,20261102,1,20261103,1,20261104,1,20261105,1,20261106,1,20261109,1,20261110,1,20261111,1,20261112,1,20261113,1,20261116,1,20261117,1,20261118,1,20261119,1,20261120,1,20261123,1,20261124,1,20261125,1,20261126,1,20261127,1,20261130,1,20261201,1,20261202,1,20261203,1,20261204,1,20261207,1,20261208,1,20261209,1,20261210,1,20261211,1,20261214,1,20261215,1,20261216,1,20261217,1,20261218,1,20261221,1,20261222,1,20261223,1,20261224,1,20261228,1,20261229,1,20261230,1,20261231,1
'1495873',20260910,1,20260911,1,20260914,1,20260915,1,20260916,1,20260917,1,20260918,1,20260921,1,20260922,1,20260923,1,20260924,1,20260925,1,20260928,1,20260929,1,20260930,1,20261001,1,20261002,1,20261005,1,20261006,1,20261007,1,20261008,1,20261009,1,20261013,1,20261014,1,20261015,1,20261016,1,20261019,1,20261020,1,20261021,1,20261022,1,20261023,1,20261026,1,20261027,1,20261028,1,20261029,1,20261030,1,20261102,1,20261103,1,20261104,1,20261105,1,20261106,1,20261109,1,20261110,1,20261111,1,20261112,1,20261113,1,20261116,1,20261117,1,20261118,1,20261119,1,20261120,1,20261123,1,20261124,1,20261125,1,20261126,1,20261127,1,20261130,1,20261201,1,20261202,1,20261203,1,20261204,1,20261207,1,20261208,1,20261209,1,20261210,1,20261211,1,20261214,1,20261215,1,20261216,1,20261217,1,20261218,1,20261221,1,20261222,1,20261223,1,20261224,1,20261228,1,20261229,1,20261230,1,20261231,1
'1495874',20260910,1,20260911,1,20260914,1,20260915,1,20260916,1,20260917,1,20260918,1,20260921,1,20260922,1,20260923,1,20260924,1,20260925,1,20260928,1,20260929,1,20260930,1,20261001,1,20261002,1,20261005,1,20261006,1,20261007,1,20261008,1,20261009,1,20261013,1,20261014,1,20261015,1,20261016,1,20261019,1,20261020,1,20261021,1,20261022,1,20261023,1,20261026,1,20261027,1,20261028,1,20261029,1,20261030,1,20261102,1,20261103,1,20261104,1,20261105,1,20261106,1,20261109,1,20261110,1,20261111,1,20261112,1,20261113,1,20261116,1,20261117,1,20261118,1,20261119,1,20261120,1,20261123,1,20261124,1,20261125,1,20261126,1,20261127,1,20261130,1,20261201,1,20261202,1,20261203,1,20261204,1,20261207,1,20261208,1,20261209,1,20261210,1,20261211,1,20261214,1,20261215,1,20261216,1,20261217,1,20261218,1,20261221,1,20261222,1,20261223,1,20261224,1,20261228,1,20261229,1,20261230,1,20261231,1
'1495875',20260910,1,20260911,1,20260914,1,20260915,1,20260916,1,20260917,1,20260918,1,20260921,1,20260922,1,20260923,1,20260924,1,20260925,1,20260928,1,20260929,1,20260930,1,20261001,1,20261002,1,20261005,1,20261006,1,20261007,1,20261008,1,20261009,1,20261013,1,20261014,1,20261015,1,20261016,1,20261019,1,20261020,1,20261021,1,20261022,1,20261023,1,20261026,1,20261027,1,20261028,1,20261029,1,20261030,1,20261102,1,20261103,1,20261104,1,20261105,1,20261106,1,20261109,1,20261110,1,20261111,1,20261112,1,20261113,1,20261116,1,20261117,1,20261118,1,20261119,1,20261120,1,20261123,1,20261124,1,20261125,1,20261126,1,20261127,1,20261130,1,20261201,1,20261202,1,20261203,1,20261204,1,20261207,1,20261208,1,20261209,1,20261210,1,20261211,1,20261214,1,20261215,1,20261216,1,20261217,1,20261218,1,20261221,1,20261222,1,20261223,1,20261224,1,20261228,1,20261229,1,20261230,1,20261231,1
'1495876',20260910,1,20260911,1,20260914,1,20260915,1,20260916,1,20260917,1,20260918,1,20260921,1,20260922,1,20260923,1,20260924,1,20260925,1,20260928,1,20260929,1,20260930,1,20261001,1,20261002,1,20261005,1,20261006,1,20261007,1,20261008,1,20261009,1,20261013,1,20261014,1,20261015,1,20261016,1,20261019,1,20261020,1,20261021,1,20261022,1,20261023,1,20261026,1,20261027,1,20261028,1,20261029,1,20261030,1,20261102,1,20261103,1,20261104,1,20261105,1,20261106,1,20261109,1,20261110,1,20261111,1,20261112,1,20261113,1,20261116,1,20261117,1,20261118,1,20261119,1,20261120,1,20261123,1,20261124,1,20261125,1,20261126,1,20261127,1,20261130,1,20261201,1,20261202,1,20261203,1,20261204,1,20261207,1,20261208,1,20261209,1,20261210,1,20261211,1,20261214,1,20261215,1,20261216,1,20261217,1,20261218,1,20261221,1,20261222,1,20261223,1,20261224,1,20261228,1,20261229,1,20261230,1,20261231,1
'1495877',20260910,1,20260911,1,20260914,1,20260915,1,20260916,1,20260917,1,20260918,1,20260921,1,20260922,1,20260923,1,20260924,1,20260925,1,20260928,1,20260929,1,20260930,1,20261001,1,20261002,1,20261005,1,20261006,1,20261007,1,20261008,1,20261009,1,20261013,1,20261014,1,20261015,1,20261016,1,20261019,1,20261020,1,20261021,1,20261022,1,20261023,1,20261026,1,20261027,1,20261028,1,20261029,1,20261030,1,20261102,1,20261103,1,20261104,1,20261105,1,20261106,1,20261109,1,20261110,1,20261111,1,20261112,1,20261113,1,20261116,1,20261117,1,20261118,1,20261119,1,20261120,1,20261123,1,20261124,1,20261125,1,20261126,1,20261127,1,20261130,1,20261201,1,20261202,1,20261203,1,20261204,1,20261207,1,20261208,1,20261209,1,20261210,1,20261211,1,20261214,1,20261215,1,20261216,1,20261217,1,20261218,1,20261221,1,20261222,1,20261223,1,20261224,1,20261228,1,20261229,1,20261230,1,20261231,1
'1495878',20260910,1,20260911,1,20260914,1,20260915,1,20260916,1,20260917,1,20260918,1,20260921,1,20260922,1,20260923,1,20260924,1,20260925,1,20260928,1,20260929,1,20260930,1,20261001,1,20261002,1,20261005,1,20261006,1,20261007,1,20261008,1,20261009,1,20261013,1,20261014,1,20261015,1,20261016,1,20261019,1,20261020,1,20261021,1,20261022,1,20261023,1,20261026,1,20261027,1,20261028,1,20261029,1,20261030,1,20261102,1,20261103,1,20261104,1,20261105,1,20261106,1,20261109,1,20261110,1,20261111,1,20261112,1,20261113,1,20261116,1,20261117,1,20261118,1,20261119,1,20261120,1,20261123,1,20261124,1,20261125,1,20261126,1,20261127,1,20261130,1,20261201,1,20261202,1,20261203,1,20261204,1,20261207,1,20261208,1,20261209,1,20261210,1,20261211,1,20261214,1,20261215,1,20261216,1,20261217,1,20261218,1,20261221,1,20261222,1,20261223,1,20261224,1,20261228,1,20261229,1,20261230,1,20261231,1
'1495879',20260910,1,20260911,1,20260914,1,20260915,1,20260916,1,20260917,1,20260918,1,20260921,1,20260922,1,20260923,1,20260924,1,20260925,1,20260928,1,20260929,1,20260930,1,20261001,1,20261002,1,20261005,1,20261006,1,20261007,1,20261008,1,20261009,1,20261013,1,20261014,1,20261015,1,20261016,1,20261019,1,20261020,1,20261021,1,20261022,1,20261023,1,20261026,1,20261027,1,20261028,1,20261029,1,20261030,1,20261102,1,20261103,1,20261104,1,20261105,1,20261106,1,20261109,1,20261110,1,20261111,1,20261112,1,20261113,1,20261116,1,20261117,1,20261118,1,20261119,1,20261120,1,20261123,1,20261124,1,20261125,1,20261126,1,20261127,1,20261130,1,20261201,1,20261202,1,20261203,1,20261204,1,20261207,1,20261208,1,20261209,1,20261210,1,20261211,1,20261214,1,20261215,1,20261216,1,20261217,1,20261218,1,20261221,1,20261222,1,20261223,1,20261224,1,20261228,1,20261229,1,20261230,1,20261231,1
'1495880',20260910,1,20260911,1,20260914,1,20260915,1,20260916,1,20260917,1,20260918,1,20260921,1,20260922,1,20260923,1,20260924,1,20260925,1,20260928,1,20260929,1,20260930,1,20261001,1,20261002,1,20261005,1,20261006,1,20261007,1,20261008,1,20261009,1,20261013,1,20261014,1,20261015,1,20261016,1,20261019,1,20261020,1,20261021,1,20261022,1,20261023,1,20261026,1,20261027,1,20261028,1,20261029,1,20261030,1,20261102,1,20261103,1,20261104,1,20261105,1,20261106,1,20261109,1,20261110,1,20261111,1,20261112,1,20261113,1,20261116,1,20261117,1,20261118,1,20261119,1,20261120,1,20261123,1,20261124,1,20261125,1,20261126,1,20261127,1,20261130,1,20261201,1,20261202,1,20261203,1,20261204,1,20261207,1,20261208,1,20261209,1,20261210,1,20261211,1,20261214,1,20261215,1,20261216,1,20261217,1,20261218,1,20261221,1,20261222,1,20261223,1,20261224,1,20261228,1,20261229,1,20261230,1,20261231,1
'1495881',20260910,1,20260911,1,20260914,1,20260915,1,20260916,1,20260917,1,20260918,1,20260921,1,20260922,1,20260923,1,20260924,1,20260925,1,20260928,1,20260929,1,20260930,1,20261001,1,20261002,1,20261005,1,20261006,1,20261007,1,20261008,1,20261009,1,20261013,1,20261014,1,20261015,1,20261016,1,20261019,1,20261020,1,20261021,1,20261022,1,20261023,1,20261026,1,20261027,1,20261028,1,20261029,1,20261030,1,20261102,1,20261103,1,20261104,1,20261105,1,20261106,1,20261109,1,20261110,1,20261111,1,20261112,1,20261113,1,20261116,1,20261117,1,20261118,1,20261119,1,20261120,1,20261123,1,20261124,1,20261125,1,20261126,1,20261127,1,20261130,1,20261201,1,20261202,1,20261203,1,20261204,1,20261207,1,20261208,1,20261209,1,20261210,1,20261211,1,20261214,1,20261215,1,20261216,1,20261217,1,20261218,1,20261221,1,20261222,1,20261223,1,20261224,1,20261228,1,20261229,1,20261230,1,20261231,1
'1495882',20260910,1,20260911,1,20260914,1,20260915,1,20260916,1,20260917,1,20260918,1,20260921,1,20260922,1,20260923,1,20260924,1,20260925,1,20260928,1,20260929,1,20260930,1,20261001,1,20261002,1,20261005,1,20261006,1,20261007,1,20261008,1,20261009,1,20261013,1,20261014,1,20261015,1,20261016,1,20261019,1,20261020,1,20261021,1,20261022,1,20261023,1,20261026,1,20261027,1,20261028,1,20261029,1,20261030,1,20261102,1,20261103,1,20261104,1,20261105,1,20261106,1,20261109,1,20261110,1,20261111,1,20261112,1,20261113,1,20261116,1,20261117,1,20261118,1,20261119,1,20261120,1,20261123,1,20261124,1,20261125,1,20261126,1,20261127,1,20261130,1,20261201,1,20261202,1,20261203,1,20261204,1,20261207,1,20261208,1,20261209,1,20261210,1,20261211,1,20261214,1,20261215,1,20261216,1,20261217,1,20261218,1,20261221,1,20261222,1,20261223,1,20261224,1,20261228,1,20261229,1,20261230,1,20261231,1
'1495883',20260910,1,20260911,1,20260914,1,20260915,1,20260916,1,20260917,1,20260918,1,20260921,1,20260922,1,20260923,1,20260924,1,20260925,1,20260928,1,20260929,1,20260930,1,20261001,1,20261002,1,20261005,1,20261006,1,20261007,1,20261008,1,20261009,1,20261013,1,20261014,1,20261015,1,20261016,1,20261019,1,20261020,1,20261021,1,20261022,1,20261023,1,20261026,1,20261027,1,20261028,1,20261029,1,20261030,1,20261102,1,20261103,1,20261104,1,20261105,1,20261106,1,20261109,1,20261110,1,20261111,1,20261112,1,20261113,1,20261116,1,20261117,1,20261118,1,20261119,1,20261120,1,20261123,1,20261124,1,20261125,1,20261126,1,20261127,1,20261130,1,20261201,1,20261202,1,20261203,1,20261204,1,20261207,1,20261208,1,20261209,1,20261210,1,20261211,1,20261214,1,20261215,1,20261216,1,20261217,1,20261218,1,20261221,1,20261222,1,20261223,1,20261224,1,20261228,1,20261229,1,20261230,1,20261231,1
'1495884',20260910,1,20260911,1,20260914,1,20260915,1,20260916,1,20260917,1,20260918,1,20260921,1,20260922,1,20260923,1,20260924,1,20260925,1,20260928,1,20260929,1,20260930,1,20261001,1,20261002,1,20261005,1,20261006,1,20261007,1,20261008,1,20261009,1,20261013,1,20261014,1,20261015,1,20261016,1,20261019,1,20261020,1,20261021,1,20261022,1,20261023,1,20261026,1,20261027,1,20261028,1,20261029,1,20261030,1,20261102,1,20261103,1,20261104,1,20261105,1,20261106,1,20261109,1,20261110,1,20261111,1,20261112,1,20261113,1,20261116,1,20261117,1,20261118,1,20261119,1,20261120,1,20261123,1,20261124,1,20261125,1,20261126,1,20261127,1,20261130,1,20261201,1,20261202,1,20261203,1,20261204,1,20261207,1,20261208,1,20261209,1,20261210,1,20261211,1,20261214,1,20261215,1,20261216,1,20261217,1,20261218,1,20261221,1,20261222,1,20261223,1,20261224,1,20261228,1,20261229,1,20261230,1,20261231,1
'1495885',20260910,1,20260911,1,20260914,1,20260915,1,20260916,1,20260917,1,20260918,1,20260921,1,20260922,1,20260923,1,20260924,1,20260925,1,20260928,1,20260929,1,20260930,1,20261001,1,20261002,1,20261005,1,20261006,1,20261007,1,20261008,1,20261009,1,20261013,1,20261014,1,20261015,1,20261016,1,20261019,1,20261020,1,20261021,1,20261022,1,20261023,1,20261026,1,20261027,1,20261028,1,20261029,1,20261030,1,20261102,1,20261103,1,20261104,1,20261105,1,20261106,1,20261109,1,20261110,1,20261111,1,20261112,1,20261113,1,20261116,1,20261117,1,20261118,1,20261119,1,20261120,1,20261123,1,20261124,1,20261125,1,20261126,1,20261127,1,20261130,1,20261201,1,20261202,1,20261203,1,20261204,1,20261207,1,20261208,1,20261209,1,20261210,1,20261211,1,20261214,1,20261215,1,20261216,1,20261217,1,20261218,1,20261221,1,20261222,1,20261223,1,20261224,1,20261228,1,20261229,1,20261230,1,20261231,1
'1495886',20260910,1,20260911,1,20260914,1,20260915,1,20260916,1,20260917,1,20260918,1,20260921,1,20260922,1,20260923,1,20260924,1,20260925,1,20260928,1,20260929,1,20260930,1,20261001,1,20261002,1,20261005,1,20261006,1,20261007,1,20261008,1,20261009,1,20261013,1,20261014,1,20261015,1,20261016,1,20261019,1,20261020,1,20261021,1,20261022,1,20261023,1,20261026,1,20261027,1,20261028,1,20261029,1,20261030,1,20261102,1,20261103,1,20261104,1,20261105,1,20261106,1,20261109,1,20261110,1,20261111,1,20261112,1,20261113,1,20261116,1,20261117,1,20261118,1,20261119,1,20261120,1,20261123,1,20261124,1,20261125,1,20261126,1,20261127,1,20261130,1,20261201,1,20261202,1,20261203,1,20261204,1,20261207,1,20261208,1,20261209,1,20261210,1,20261211,1,20261214,1,20261215,1,20261216,1,20261217,1,20261218,1,20261221,1,20261222,1,20261223,1,20261224,1,20261228,1,20261229,1,20261230,1,20261231,1
'1495887',20260910,1,20260911,1,20260914,1,20260915,1,20260916,1,20260917,1,20260918,1,20260921,1,20260922,1,20260923,1,20260924,1,20260925,1,20260928,1,20260929,1,20260930,1,20261001,1,20261002,1,20261005,1,20261006,1,20261007,1,20261008,1,20261009,1,20261013,1,20261014,1,20261015,1,20261016,1,20261019,1,20261020,1,20261021,1,20261022,1,20261023,1,20261026,1,20261027,1,20261028,1,20261029,1,20261030,1,20261102,1,20261103,1,20261104,1,20261105,1,20261106,1,20261109,1,20261110,1,20261111,1,20261112,1,20261113,1,20261116,1,20261117,1,20261118,1,20261119,1,20261120,1,20261123,1,20261124,1,20261125,1,20261126,1,20261127,1,20261130,1,20261201,1,20261202,1,20261203,1,20261204,1,20261207,1,20261208,1,20261209,1,20261210,1,20261211,1,20261214,1,20261215,1,20261216,1,20261217,1,20261218,1,20261221,1,20261222,1,20261223,1,20261224,1,20261228,1,20261229,1,20261230,1,20261231,1
'1495888',20260910,1,20260911,1,20260914,1,20260915,1,20260916,1,20260917,1,20260918,1,20260921,1,20260922,1,20260923,1,20260924,1,20260925,1,20260928,1,20260929,1,20260930,1,20261001,1,20261002,1,20261005,1,20261006,1,20261007,1,20261008,1,20261009,1,20261013,1,20261014,1,20261015,1,20261016,1,20261019,1,20261020,1,20261021,1,20261022,1,20261023,1,20261026,1,20261027,1,20261028,1,20261029,1,20261030,1,20261102,1,20261103,1,20261104,1,20261105,1,20261106,1,20261109,1,20261110,1,20261111,1,20261112,1,20261113,1,20261116,1,20261117,1,20261118,1,20261119,1,20261120,1,20261123,1,20261124,1,20261125,1,20261126,1,20261127,1,20261130,1,20261201,1,20261202,1,20261203,1,20261204,1,20261207,1,20261208,1,20261209,1,20261210,1,20261211,1,20261214,1,20261215,1,20261216,1,20261217,1,20261218,1,20261221,1,20261222,1,20261223,1,20261224,1,20261228,1,20261229,1,20261230,1,20261231,1
'1495889',20260910,1,20260911,1,20260914,1,20260915,1,20260916,1,20260917,1,20260918,1,20260921,1,20260922,1,20260923,1,20260924,1,20260925,1,20260928,1,20260929,1,20260930,1,20261001,1,20261002,1,20261005,1,20261006,1,20261007,1,20261008,1,20261009,1,20261013,1,20261014,1,20261015,1,20261016,1,20261019,1,20261020,1,20261021,1,20261022,1,20261023,1,20261026,1,20261027,1,20261028,1,20261029,1,20261030,1,20261102,1,20261103,1,20261104,1,20261105,1,20261106,1,20261109,1,20261110,1,20261111,1,20261112,1,20261113,1,20261116,1,20261117,1,20261118,1,20261119,1,20261120,1,20261123,1,20261124,1,20261125,1,20261126,1,20261127,1,20261130,1,20261201,1,20261202,1,20261203,1,20261204,1,20261207,1,20261208,1,20261209,1,20261210,1,20261211,1,20261214,1,20261215,1,20261216,1,20261217,1,20261218,1,20261221,1,20261222,1,20261223,1,20261224,1,20261228,1,20261229,1,20261230,1,20261231,1
'1495890',20260910,1,20260911,1,20260914,1,20260915,1,20260916,1,20260917,1,20260918,1,20260921,1,20260922,1,20260923,1,20260924,1,20260925,1,20260928,1,20260929,1,20260930,1,20261001,1,20261002,1,20261005,1,20261006,1,20261007,1,20261008,1,20261009,1,20261013,1,20261014,1,20261015,1,20261016,1,20261019,1,20261020,1,20261021,1,20261022,1,20261023,1,20261026,1,20261027,1,20261028,1,20261029,1,20261030,1,20261102,1,20261103,1,20261104,1,20261105,1,20261106,1,20261109,1,20261110,1,20261111,1,20261112,1,20261113,1,20261116,1,20261117,1,20261118,1,20261119,1,20261120,1,20261123,1,20261124,1,20261125,1,20261126,1,20261127,1,20261130,1,20261201,1,20261202,1,20261203,1,20261204,1,20261207,1,20261208,1,20261209,1,20261210,1,20261211,1,20261214,1,20261215,1,20261216,1,20261217,1,20261218,1,20261221,1,20261222,1,20261223,1,20261224,1,20261228,1,20261229,1,20261230,1,20261231,1
'1495891',20260910,1,20260911,1,20260914,1,20260915,1,20260916,1,20260917,1,20260918,1,20260921,1,20260922,1,20260923,1,20260924,1,20260925,1,20260928,1,20260929,1,20260930,1,20261001,1,20261002,1,20261005,1,20261006,1,20261007,1,20261008,1,20261009,1,20261013,1,20261014,1,20261015,1,20261016,1,20261019,1,20261020,1,20261021,1,20261022,1,20261023,1,20261026,1,20261027,1,20261028,1,20261029,1,20261030,1,20261102,1,20261103,1,20261104,1,20261105,1,20261106,1,20261109,1,20261110,1,20261111,1,20261112,1,20261113,1,20261116,1,20261117,1,20261118,1,20261119,1,20261120,1,20261123,1,20261124,1,20261125,1,20261126,1,20261127,1,20261130,1,20261201,1,20261202,1,20261203,1,20261204,1,20261207,1,20261208,1,20261209,1,20261210,1,20261211,1,20261214,1,20261215,1,20261216,1,20261217,1,20261218,1,20261221,1,20261222,1,20261223,1,20261224,1,20261228,1,20261229,1,20261230,1,20261231,1
'1495892',20260910,1,20260911,1,20260914,1,20260915,1,20260916,1,20260917,1,20260918,1,20260921,1,20260922,1,20260923,1,20260924,1,20260925,1,20260928,1,20260929,1,20260930,1,20261001,1,20261002,1,20261005,1,20261006,1,20261007,1,20261008,1,20261009,1,20261013,1,20261014,1,20261015,1,20261016,1,20261019,1,20261020,1,20261021,1,20261022,1,20261023,1,20261026,1,20261027,1,20261028,1,20261029,1,20261030,1,20261102,1,20261103,1,20261104,1,20261105,1,20261106,1,20261109,1,20261110,1,20261111,1,20261112,1,20261113,1,20261116,1,20261117,1,20261118,1,20261119,1,20261120,1,20261123,1,20261124,1,20261125,1,20261126,1,20261127,1,20261130,1,20261201,1,20261202,1,20261203,1,20261204,1,20261207,1,20261208,1,20261209,1,20261210,1,20261211,1,20261214,1,20261215,1,20261216,1,20261217,1,20261218,1,20261221,1,20261222,1,20261223,1,20261224,1,20261228,1,20261229,1,20261230,1,20261231,1
'1495893',20260910,1,20260911,1,20260914,1,20260915,1,20260916,1,20260917,1,20260918,1,20260921,1,20260922,1,20260923,1,20260924,1,20260925,1,20260928,1,20260929,1,20260930,1,20261001,1,20261002,1,20261005,1,20261006,1,20261007,1,20261008,1,20261009,1,20261013,1,20261014,1,20261015,1,20261016,1,20261019,1,20261020,1,20261021,1,20261022,1,20261023,1,20261026,1,20261027,1,20261028,1,20261029,1,20261030,1,20261102,1,20261103,1,20261104,1,20261105,1,20261106,1,20261109,1,20261110,1,20261111,1,20261112,1,20261113,1,20261116,1,20261117,1,20261118,1,20261119,1,20261120,1,20261123,1,20261124,1,20261125,1,20261126,1,20261127,1,20261130,1,20261201,1,20261202,1,20261203,1,20261204,1,20261207,1,20261208,1,20261209,1,20261210,1,20261211,1,20261214,1,20261215,1,20261216,1,20261217,1,20261218,1,20261221,1,20261222,1,20261223,1,20261224,1,20261228,1,20261229,1,20261230,1,20261231,1
'1495894',20260910,1,20260911,1,20260914,1,20260915,1,20260916,1,20260917,1,20260918,1,20260921,1,20260922,1,20260923,1,20260924,1,20260925,1,20260928,1,20260929,1,20260930,1,20261001,1,20261002,1,20261005,1,20261006,1,20261007,1,20261008,1,20261009,1,20261013,1,20261014,1,20261015,1,20261016,1,20261019,1,20261020,1,20261021,1,20261022,1,20261023,1,20261026,1,20261027,1,20261028,1,20261029,1,20261030,1,20261102,1,20261103,1,20261104,1,20261105,1,20261106,1,20261109,1,20261110,1,20261111,1,20261112,1,20261113,1,20261116,1,20261117,1,20261118,1,20261119,1,20261120,1,20261123,1,20261124,1,20261125,1,20261126,1,20261127,1,20261130,1,20261201,1,20261202,1,20261203,1,20261204,1,20261207,1,20261208,1,20261209,1,20261210,1,20261211,1,20261214,1,20261215,1,20261216,1,20261217,1,20261218,1,20261221,1,20261222,1,20261223,1,20261224,1,20261228,1,20261229,1,20261230,1,20261231,1
'1495895',20260910,1,20260911,1,20260914,1,20260915,1,20260916,1,20260917,1,20260918,1,20260921,1,20260922,1,20260923,1,20260924,1,20260925,1,20260928,1,20260929,1,20260930,1,20261001,1,20261002,1,20261005,1,20261006,1,20261007,1,20261008,1,20261009,1,20261013,1,20261014,1,20261015,1,20261016,1,20261019,1,20261020,1,20261021,1,20261022,1,20261023,1,20261026,1,20261027,1,20261028,1,20261029,1,20261030,1,20261102,1,20261103,1,20261104,1,20261105,1,20261106,1,20261109,1,20261110,1,20261111,1,20261112,1,20261113,1,20261116,1,20261117,1,20261118,1,20261119,1,20261120,1,20261123,1,20261124,1,20261125,1,20261126,1,20261127,1,20261130,1,20261201,1,20261202,1,20261203,1,20261204,1,20261207,1,20261208,1,20261209,1,20261210,1,20261211,1,20261214,1,20261215,1,20261216,1,20261217,1,20261218,1,20261221,1,20261222,1,20261223,1,20261224,1,20261228,1,20261229,1,20261230,1,20261231,1
'1495896',20260910,1,20260911,1,20260914,1,20260915,1,20260916,1,20260917,1,20260918,1,20260921,1,20260922,1,20260923,1,20260924,1,20260925,1,20260928,1,20260929,1,20260930,1,20261001,1,20261002,1,20261005,1,20261006,1,20261007,1,20261008,1,20261009,1,20261013,1,20261014,1,20261015,1,20261016,1,20261019,1,20261020,1,20261021,1,20261022,1,20261023,1,20261026,1,20261027,1,20261028,1,20261029,1,20261030,1,20261102,1,20261103,1,20261104,1,20261105,1,20261106,1,20261109,1,20261110,1,20261111,1,20261112,1,20261113,1,20261116,1,20261117,1,20261118,1,20261119,1,20261120,1,20261123,1,20261124,1,20261125,1,20261126,1,20261127,1,20261130,1,20261201,1,20261202,1,20261203,1,20261204,1,20261207,1,20261208,1,20261209,1,20261210,1,20261211,1,20261214,1,20261215,1,20261216,1,20261217,1,20261218,1,20261221,1,20261222,1,20261223,1,20261224,1,20261228,1,20261229,1,20261230,1,20261231,1
'1495897',20260910,1,20260911,1,20260914,1,20260915,1,20260916,1,20260917,1,20260918,1,20260921,1,20260922,1,20260923,1,20260924,1,20260925,1,20260928,1,20260929,1,20260930,1,20261001,1,20261002,1,20261005,1,20261006,1,20261007,1,20261008,1,20261009,1,20261013,1,20261014,1,20261015,1,20261016,1,20261019,1,20261020,1,20261021,1,20261022,1,20261023,1,20261026,1,20261027,1,20261028,1,20261029,1,20261030,1,20261102,1,20261103,1,20261104,1,20261105,1,20261106,1,20261109,1,20261110,1,20261111,1,20261112,1,20261113,1,20261116,1,20261117,1,20261118,1,20261119,1,20261120,1,20261123,1,20261124,1,20261125,1,20261126,1,20261127,1,20261130,1,20261201,1,20261202,1,20261203,1,20261204,1,20261207,1,20261208,1,20261209,1,20261210,1,20261211,1,20261214,1,20261215,1,20261216,1,20261217,1,20261218,1,20261221,1,20261222,1,20261223,1,20261224,1,20261228,1,20261229,1,20261230,1,20261231,1
'1495898',20260910,1,20260911,1,20260914,1,20260915,1,20260916,1,20260917,1,20260918,1,20260921,1,20260922,1,20260923,1,20260924,1,20260925,1,20260928,1,20260929,1,20260930,1,20261001,1,20261002,1,20261005,1,20261006,1,20261007,1,20261008,1,20261009,1,20261013,1,20261014,1,20261015,1,20261016,1,20261019,1,20261020,1,20261021,1,20261022,1,20261023,1,20261026,1,20261027,1,20261028,1,20261029,1,20261030,1,20261102,1,20261103,1,20261104,1,20261105,1,20261106,1,20261109,1,20261110,1,20261111,1,20261112,1,20261113,1,20261116,1,20261117,1,20261118,1,20261119,1,20261120,1,20261123,1,20261124,1,20261125,1,20261126,1,20261127,1,20261130,1,20261201,1,20261202,1,20261203,1,20261204,1,20261207,1,20261208,1,20261209,1,20261210,1,20261211,1,20261214,1,20261215,1,20261216,1,20261217,1,20261218,1,20261221,1,20261222,1,20261223,1,20261224,1,20261228,1,20261229,1,20261230,1,20261231,1
'1495899',20260910,1,20260911,1,20260914,1,20260915,1,20260916,1,20260917,1,20260918,1,20260921,1,20260922,1,20260923,1,20260924,1,20260925,1,20260928,1,20260929,1,20260930,1,20261001,1,20261002,1,20261005,1,20261006,1,20261007,1,20261008,1,20261009,1,20261013,1,20261014,1,20261015,1,20261016,1,20261019,1,20261020,1,20261021,1,20261022,1,20261023,1,20261026,1,20261027,1,20261028,1,20261029,1,20261030,1,20261102,1,20261103,1,20261104,1,20261105,1,20261106,1,20261109,1,20261110,1,20261111,1,20261112,1,20261113,1,20261116,1,20261117,1,20261118,1,20261119,1,20261120,1,20261123,1,20261124,1,20261125,1,20261126,1,20261127,1,20261130,1,20261201,1,20261202,1,20261203,1,20261204,1,20261207,1,20261208,1,20261209,1,20261210,1,20261211,1,20261214,1,20261215,1,20261216,1,20261217,1,20261218,1,20261221,1,20261222,1,20261223,1,20261224,1,20261228,1,20261229,1,20261230,1,20261231,1
'1495900',20260910,1,20260911,1,20260914,1,20260915,1,20260916,1,20260917,1,20260918,1,20260921,1,20260922,1,20260923,1,20260924,1,20260925,1,20260928,1,20260929,1,20260930,1,20261001,1,20261002,1,20261005,1,20261006,1,20261007,1,20261008,1,20261009,1,20261013,1,20261014,1,20261015,1,20261016,1,20261019,1,20261020,1,20261021,1,20261022,1,20261023,1,20261026,1,20261027,1,20261028,1,20261029,1,20261030,1,20261102,1,20261103,1,20261104,1,20261105,1,20261106,1,20261109,1,20261110,1,20261111,1,20261112,1,20261113,1,20261116,1,20261117,1,20261118,1,20261119,1,20261120,1,20261123,1,20261124,1,20261125,1,20261126,1,20261127,1,20261130,1,20261201,1,20261202,1,20261203,1,20261204,1,20261207,1,20261208,1,20261209,1,20261210,1,20261211,1,20261214,1,20261215,1,20261216,1,20261217,1,20261218,1,20261221,1,20261222,1,20261223,1,20261224,1,20261228,1,20261229,1,20261230,1,20261231,1
'1495901',20260910,1,20260911,1,20260914,1,20260915,1,20260916,1,20260917,1,20260918,1,20260921,1,20260922,1,20260923,1,20260924,1,20260925,1,20260928,1,20260929,1,20260930,1,20261001,1,20261002,1,20261005,1,20261006,1,20261007,1,20261008,1,20261009,1,20261013,1,20261014,1,20261015,1,20261016,1,20261019,1,20261020,1,20261021,1,20261022,1,20261023,1,20261026,1,20261027,1,20261028,1,20261029,1,20261030,1,20261102,1,20261103,1,20261104,1,20261105,1,20261106,1,20261109,1,20261110,1,20261111,1,20261112,1,20261113,1,20261116,1,20261117,1,20261118,1,20261119,1,20261120,1,20261123,1,20261124,1,20261125,1,20261126,1,20261127,1,20261130,1,20261201,1,20261202,1,20261203,1,20261204,1,20261207,1,20261208,1,20261209,1,20261210,1,20261211,1,20261214,1,20261215,1,20261216,1,20261217,1,20261218,1,20261221,1,20261222,1,20261223,1,20261224,1,20261228,1,20261229,1,20261230,1,20261231,1
'1495902',20260910,1,20260911,1,20260914,1,20260915,1,20260916,1,20260917,1,20260918,1,20260921,1,20260922,1,20260923,1,20260924,1,20260925,1,20260928,1,20260929,1,20260930,1,20261001,1,20261002,1,20261005,1,20261006,1,20261007,1,20261008,1,20261009,1,20261013,1,20261014,1,20261015,1,20261016,1,20261019,1,20261020,1,20261021,1,20261022,1,20261023,1,20261026,1,20261027,1,20261028,1,20261029,1,20261030,1,20261102,1,20261103,1,20261104,1,20261105,1,20261106,1,20261109,1,20261110,1,20261111,1,20261112,1,20261113,1,20261116,1,20261117,1,20261118,1,20261119,1,20261120,1,20261123,1,20261124,1,20261125,1,20261126,1,20261127,1,20261130,1,20261201,1,20261202,1,20261203,1,20261204,1,20261207,1,20261208,1,20261209,1,20261210,1,20261211,1,20261214,1,20261215,1,20261216,1,20261217,1,20261218,1,20261221,1,20261222,1,20261223,1,20261224,1,20261228,1,20261229,1,20261230,1,20261231,1
'1495903',20260910,1,20260911,1,20260914,1,20260915,1,20260916,1,20260917,1,20260918,1,20260921,1,20260922,1,20260923,1,20260924,1,20260925,1,20260928,1,20260929,1,20260930,1,20261001,1,20261002,1,20261005,1,20261006,1,20261007,1,20261008,1,20261009,1,20261013,1,20261014,1,20261015,1,20261016,1,20261019,1,20261020,1,20261021,1,20261022,1,20261023,1,20261026,1,20261027,1,20261028,1,20261029,1,20261030,1,20261102,1,20261103,1,20261104,1,20261105,1,20261106,1,20261109,1,20261110,1,20261111,1,20261112,1,20261113,1,20261116,1,20261117,1,20261118,1,20261119,1,20261120,1,20261123,1,20261124,1,20261125,1,20261126,1,20261127,1,20261130,1,20261201,1,20261202,1,20261203,1,20261204,1,20261207,1,20261208,1,20261209,1,20261210,1,20261211,1,20261214,1,20261215,1,20261216,1,20261217,1,20261218,1,20261221,1,20261222,1,20261223,1,20261224,1,20261228,1,20261229,1,20261230,1,20261231,1
'1495904',20260910,1,20260911,1,20260914,1,20260915,1,20260916,1,20260917,1,20260918,1,20260921,1,20260922,1,20260923,1,20260924,1,20260925,1,20260928,1,20260929,1,20260930,1,20261001,1,20261002,1,20261005,1,20261006,1,20261007,1,20261008,1,20261009,1,20261013,1,20261014,1,20261015,1,20261016,1,20261019,1,20261020,1,20261021,1,20261022,1,20261023,1,20261026,1,20261027,1,20261028,1,20261029,1,20261030,1,20261102,1,20261103,1,20261104,1,20261105,1,20261106,1,20261109,1,20261110,1,20261111,1,20261112,1,20261113,1,20261116,1,20261117,1,20261118,1,20261119,1,20261120,1,20261123,1,20261124,1,20261125,1,20261126,1,20261127,1,20261130,1,20261201,1,20261202,1,20261203,1,20261204,1,20261207,1,20261208,1,20261209,1,20261210,1,20261211,1,20261214,1,20261215,1,20261216,1,20261217,1,20261218,1,20261221,1,20261222,1,20261223,1,20261224,1,20261228,1,20261229,1,20261230,1,20261231,1
'1495905',20260910,1,20260911,1,20260914,1,20260915,1,20260916,1,20260917,1,20260918,1,20260921,1,20260922,1,20260923,1,20260924,1,20260925,1,20260928,1,20260929,1,20260930,1,20261001,1,20261002,1,20261005,1,20261006,1,20261007,1,20261008,1,20261009,1,20261013,1,20261014,1,20261015,1,20261016,1,20261019,1,20261020,1,20261021,1,20261022,1,20261023,1,20261026,1,20261027,1,20261028,1,20261029,1,20261030,1,20261102,1,20261103,1,20261104,1,20261105,1,20261106,1,20261109,1,20261110,1,20261111,1,20261112,1,20261113,1,20261116,1,20261117,1,20261118,1,20261119,1,20261120,1,20261123,1,20261124,1,20261125,1,20261126,1,20261127,1,20261130,1,20261201,1,20261202,1,20261203,1,20261204,1,20261207,1,20261208,1,20261209,1,20261210,1,20261211,1,20261214,1,20261215,1,20261216,1,20261217,1,20261218,1,20261221,1,20261222,1,20261223,1,20261224,1,20261228,1,20261229,1,20261230,1,20261231,1
'1495906',20260910,1,20260911,1,20260914,1,20260915,1,20260916,1,20260917,1,20260918,1,20260921,1,20260922,1,20260923,1,20260924,1,20260925,1,20260928,1,20260929,1,20260930,1,20261001,1,20261002,1,20261005,1,20261006,1,20261007,1,20261008,1,20261009,1,20261013,1,20261014,1,20261015,1,20261016,1,20261019,1,20261020,1,20261021,1,20261022,1,20261023,1,20261026,1,20261027,1,20261028,1,20261029,1,20261030,1,20261102,1,20261103,1,20261104,1,20261105,1,20261106,1,20261109,1,20261110,1,20261111,1,20261112,1,20261113,1,20261116,1,20261117,1,20261118,1,20261119,1,20261120,1,20261123,1,20261124,1,20261125,1,20261126,1,20261127,1,20261130,1,20261201,1,20261202,1,20261203,1,20261204,1,20261207,1,20261208,1,20261209,1,20261210,1,20261211,1,20261214,1,20261215,1,20261216,1,20261217,1,20261218,1,20261221,1,20261222,1,20261223,1,20261224,1,20261228,1,20261229,1,20261230,1,20261231,1
'1495907',20260910,1,20260911,1,20260914,1,20260915,1,20260916,1,20260917,1,20260918,1,20260921,1,20260922,1,20260923,1,20260924,1,20260925,1,20260928,1,20260929,1,20260930,1,20261001,1,20261002,1,20261005,1,20261006,1,20261007,1,20261008,1,20261009,1,20261013,1,20261014,1,20261015,1,20261016,1,20261019,1,20261020,1,20261021,1,20261022,1,20261023,1,20261026,1,20261027,1,20261028,1,20261029,1,20261030,1,20261102,1,20261103,1,20261104,1,20261105,1,20261106,1,20261109,1,20261110,1,20261111,1,20261112,1,20261113,1,20261116,1,20261117,1,20261118,1,20261119,1,20261120,1,20261123,1,20261124,1,20261125,1,20261126,1,20261127,1,20261130,1,20261201,1,20261202,1,20261203,1,20261204,1,20261207,1,20261208,1,20261209,1,20261210,1,20261211,1,20261214,1,20261215,1,20261216,1,20261217,1,20261218,1,20261221,1,20261222,1,20261223,1,20261224,1,20261228,1,20261229,1,20261230,1,20261231,1
'1495908',20260910,1,20260911,1,20260914,1,20260915,1,20260916,1,20260917,1,20260918,1,20260921,1,20260922,1,20260923,1,20260924,1,20260925,1,20260928,1,20260929,1,20260930,1,20261001,1,20261002,1,20261005,1,20261006,1,20261007,1,20261008,1,20261009,1,20261013,1,20261014,1,20261015,1,20261016,1,20261019,1,20261020,1,20261021,1,20261022,1,20261023,1,20261026,1,20261027,1,20261028,1,20261029,1,20261030,1,20261102,1,20261103,1,20261104,1,20261105,1,20261106,1,20261109,1,20261110,1,20261111,1,20261112,1,20261113,1,20261116,1,20261117,1,20261118,1,20261119,1,20261120,1,20261123,1,20261124,1,20261125,1,20261126,1,20261127,1,20261130,1,20261201,1,20261202,1,20261203,1,20261204,1,20261207,1,20261208,1,20261209,1,20261210,1,20261211,1,20261214,1,20261215,1,20261216,1,20261217,1,20261218,1,20261221,1,20261222,1,20261223,1,20261224,1,20261228,1,20261229,1,20261230,1,20261231,1
'1495909',20260910,1,20260911,1,20260914,1,20260915,1,20260916,1,20260917,1,20260918,1,20260921,1,20260922,1,20260923,1,20260924,1,20260925,1,20260928,1,20260929,1,20260930,1,20261001,1,20261002,1,20261005,1,20261006,1,20261007,1,20261008,1,20261009,1,20261013,1,20261014,1,20261015,1,20261016,1,20261019,1,20261020,1,20261021,1,20261022,1,20261023,1,20261026,1,20261027,1,20261028,1,20261029,1,20261030,1,20261102,1,20261103,1,20261104,1,20261105,1,20261106,1,20261109,1,20261110,1,20261111,1,20261112,1,20261113,1,20261116,1,20261117,1,20261118,1,20261119,1,20261120,1,20261123,1,20261124,1,20261125,1,20261126,1,20261127,1,20261130,1,20261201,1,20261202,1,20261203,1,20261204,1,20261207,1,20261208,1,20261209,1,20261210,1,20261211,1,20261214,1,20261215,1,20261216,1,20261217,1,20261218,1,20261221,1,20261222,1,20261223,1,20261224,1,20261228,1,20261229,1,20261230,1,20261231,1
'1495910',20260910,1,20260911,1,20260914,1,20260915,1,20260916,1,20260917,1,20260918,1,20260921,1,20260922,1,20260923,1,20260924,1,20260925,1,20260928,1,20260929,1,20260930,1,20261001,1,20261002,1,20261005,1,20261006,1,20261007,1,20261008,1,20261009,1,20261013,1,20261014,1,20261015,1,20261016,1,20261019,1,20261020,1,20261021,1,20261022,1,20261023,1,20261026,1,20261027,1,20261028,1,20261029,1,20261030,1,20261102,1,20261103,1,20261104,1,20261105,1,20261106,1,20261109,1,20261110,1,20261111,1,20261112,1,20261113,1,20261116,1,20261117,1,20261118,1,20261119,1,20261120,1,20261123,1,20261124,1,20261125,1,20261126,1,20261127,1,20261130,1,20261201,1,20261202,1,20261203,1,20261204,1,20261207,1,20261208,1,20261209,1,20261210,1,20261211,1,20261214,1,20261215,1,20261216,1,20261217,1,20261218,1,20261221,1,20261222,1,20261223,1,20261224,1,20261228,1,20261229,1,20261230,1,20261231,1
'1495911',20260910,1,20260911,1,20260914,1,20260915,1,20260916,1,20260917,1,20260918,1,20260921,1,20260922,1,20260923,1,20260924,1,20260925,1,20260928,1,20260929,1,20260930,1,20261001,1,20261002,1,20261005,1,20261006,1,20261007,1,20261008,1,20261009,1,20261013,1,20261014,1,20261015,1,20261016,1,20261019,1,20261020,1,20261021,1,20261022,1,20261023,1,20261026,1,20261027,1,20261028,1,20261029,1,20261030,1,20261102,1,20261103,1,20261104,1,20261105,1,20261106,1,20261109,1,20261110,1,20261111,1,20261112,1,20261113,1,20261116,1,20261117,1,20261118,1,20261119,1,20261120,1,20261123,1,20261124,1,20261125,1,20261126,1,20261127,1,20261130,1,20261201,1,20261202,1,20261203,1,20261204,1,20261207,1,20261208,1,20261209,1,20261210,1,20261211,1,20261214,1,20261215,1,20261216,1,20261217,1,20261218,1,20261221,1,20261222,1,20261223,1,20261224,1,20261228,1,20261229,1,20261230,1,20261231,1
'1495912',20260910,1,20260911,1,20260914,1,20260915,1,20260916,1,20260917,1,20260918,1,20260921,1,20260922,1,20260923,1,20260924,1,20260925,1,20260928,1,20260929,1,20260930,1,20261001,1,20261002,1,20261005,1,20261006,1,20261007,1,20261008,1,20261009,1,20261013,1,20261014,1,20261015,1,20261016,1,20261019,1,20261020,1,20261021,1,20261022,1,20261023,1,20261026,1,20261027,1,20261028,1,20261029,1,20261030,1,20261102,1,20261103,1,20261104,1,20261105,1,20261106,1,20261109,1,20261110,1,20261111,1,20261112,1,20261113,1,20261116,1,20261117,1,20261118,1,20261119,1,20261120,1,20261123,1,20261124,1,20261125,1,20261126,1,20261127,1,20261130,1,20261201,1,20261202,1,20261203,1,20261204,1,20261207,1,20261208,1,20261209,1,20261210,1,20261211,1,20261214,1,20261215,1,20261216,1,20261217,1,20261218,1,20261221,1,20261222,1,20261223,1,20261224,1,20261228,1,20261229,1,20261230,1,20261231,1
'1495913',20260910,1,20260911,1,20260914,1,20260915,1,20260916,1,20260917,1,20260918,1,20260921,1,20260922,1,20260923,1,20260924,1,20260925,1,20260928,1,20260929,1,20260930,1,20261001,1,20261002,1,20261005,1,20261006,1,20261007,1,20261008,1,20261009,1,20261013,1,20261014,1,20261015,1,20261016,1,20261019,1,20261020,1,20261021,1,20261022,1,20261023,1,20261026,1,20261027,1,20261028,1,20261029,1,20261030,1,20261102,1,20261103,1,20261104,1,20261105,1,20261106,1,20261109,1,20261110,1,20261111,1,20261112,1,20261113,1,20261116,1,20261117,1,20261118,1,20261119,1,20261120,1,20261123,1,20261124,1,20261125,1,20261126,1,20261127,1,20261130,1,20261201,1,20261202,1,20261203,1,20261204,1,20261207,1,20261208,1,20261209,1,20261210,1,20261211,1,20261214,1,20261215,1,20261216,1,20261217,1,20261218,1,20261221,1,20261222,1,20261223,1,20261224,1,20261228,1,20261229,1,20261230,1,20261231,1
'1495914',20260910,1,20260911,1,20260914,1,20260915,1,20260916,1,20260917,1,20260918,1,20260921,1,20260922,1,20260923,1,20260924,1,20260925,1,20260928,1,20260929,1,20260930,1,20261001,1,20261002,1,20261005,1,20261006,1,20261007,1,20261008,1,20261009,1,20261013,1,20261014,1,20261015,1,20261016,1,20261019,1,20261020,1,20261021,1,20261022,1,20261023,1,20261026,1,20261027,1,20261028,1,20261029,1,20261030,1,20261102,1,20261103,1,20261104,1,20261105,1,20261106,1,20261109,1,20261110,1,20261111,1,20261112,1,20261113,1,20261116,1,20261117,1,20261118,1,20261119,1,20261120,1,20261123,1,20261124,1,20261125,1,20261126,1,20261127,1,20261130,1,20261201,1,20261202,1,20261203,1,20261204,1,20261207,1,20261208,1,20261209,1,20261210,1,20261211,1,20261214,1,20261215,1,20261216,1,20261217,1,20261218,1,20261221,1,20261222,1,20261223,1,20261224,1,20261228,1,20261229,1,20261230,1,20261231,1
'1495915',20260910,1,20260911,1,20260914,1,20260915,1,20260916,1,20260917,1,20260918,1,20260921,1,20260922,1,20260923,1,20260924,1,20260925,1,20260928,1,20260929,1,20260930,1,20261001,1,20261002,1,20261005,1,20261006,1,20261007,1,20261008,1,20261009,1,20261013,1,20261014,1,20261015,1,20261016,1,20261019,1,20261020,1,20261021,1,20261022,1,20261023,1,20261026,1,20261027,1,20261028,1,20261029,1,20261030,1,20261102,1,20261103,1,20261104,1,20261105,1,20261106,1,20261109,1,20261110,1,20261111,1,20261112,1,20261113,1,20261116,1,20261117,1,20261118,1,20261119,1,20261120,1,20261123,1,20261124,1,20261125,1,20261126,1,20261127,1,20261130,1,20261201,1,20261202,1,20261203,1,20261204,1,20261207,1,20261208,1,20261209,1,20261210,1,20261211,1,20261214,1,20261215,1,20261216,1,20261217,1,20261218,1,20261221,1,20261222,1,20261223,1,20261224,1,20261228,1,20261229,1,20261230,1,20261231,1
'1495916',20260910,1,20260911,1,20260914,1,20260915,1,20260916,1,20260917,1,20260918,1,20260921,1,20260922,1,20260923,1,20260924,1,20260925,1,20260928,1,20260929,1,20260930,1,20261001,1,20261002,1,20261005,1,20261006,1,20261007,1,20261008,1,20261009,1,20261013,1,20261014,1,20261015,1,20261016,1,20261019,1,20261020,1,20261021,1,20261022,1,20261023,1,20261026,1,20261027,1,20261028,1,20261029,1,20261030,1,20261102,1,20261103,1,20261104,1,20261105,1,20261106,1,20261109,1,20261110,1,20261111,1,20261112,1,20261113,1,20261116,1,20261117,1,20261118,1,20261119,1,20261120,1,20261123,1,20261124,1,20261125,1,20261126,1,20261127,1,20261130,1,20261201,1,20261202,1,20261203,1,20261204,1,20261207,1,20261208,1,20261209,1,20261210,1,20261211,1,20261214,1,20261215,1,20261216,1,20261217,1,20261218,1,20261221,1,20261222,1,20261223,1,20261224,1,20261228,1,20261229,1,20261230,1,20261231,1
'1495917',20260910,1,20260911,1,20260914,1,20260915,1,20260916,1,20260917,1,20260918,1,20260921,1,20260922,1,20260923,1,20260924,1,20260925,1,20260928,1,20260929,1,20260930,1,20261001,1,20261002,1,20261005,1,20261006,1,20261007,1,20261008,1,20261009,1,20261013,1,20261014,1,20261015,1,20261016,1,20261019,1,20261020,1,20261021,1,20261022,1,20261023,1,20261026,1,20261027,1,20261028,1,20261029,1,20261030,1,20261102,1,20261103,1,20261104,1,20261105,1,20261106,1,20261109,1,20261110,1,20261111,1,20261112,1,20261113,1,20261116,1,20261117,1,20261118,1,20261119,1,20261120,1,20261123,1,20261124,1,20261125,1,20261126,1,20261127,1,20261130,1,20261201,1,20261202,1,20261203,1,20261204,1,20261207,1,20261208,1,20261209,1,20261210,1,20261211,1,20261214,1,20261215,1,20261216,1,20261217,1,20261218,1,20261221,1,20261222,1,20261223,1,20261224,1,20261228,1,20261229,1,20261230,1,20261231,1
'1495918',20260910,1,20260911,1,20260914,1,20260915,1,20260916,1,20260917,1,20260918,1,20260921,1,20260922,1,20260923,1,20260924,1,20260925,1,20260928,1,20260929,1,20260930,1,20261001,1,20261002,1,20261005,1,20261006,1,20261007,1,20261008,1,20261009,1,20261013,1,20261014,1,20261015,1,20261016,1,20261019,1,20261020,1,20261021,1,20261022,1,20261023,1,20261026,1,20261027,1,20261028,1,20261029,1,20261030,1,20261102,1,20261103,1,20261104,1,20261105,1,20261106,1,20261109,1,20261110,1,20261111,1,20261112,1,20261113,1,20261116,1,20261117,1,20261118,1,20261119,1,20261120,1,20261123,1,20261124,1,20261125,1,20261126,1,20261127,1,20261130,1,20261201,1,20261202,1,20261203,1,20261204,1,20261207,1,20261208,1,20261209,1,20261210,1,20261211,1,20261214,1,20261215,1,20261216,1,20261217,1,20261218,1,20261221,1,20261222,1,20261223,1,20261224,1,20261228,1,20261229,1,20261230,1,20261231,1
'1495919',20260910,1,20260911,1,20260914,1,20260915,1,20260916,1,20260917,1,20260918,1,20260921,1,20260922,1,20260923,1,20260924,1,20260925,1,20260928,1,20260929,1,20260930,1,20261001,1,20261002,1,20261005,1,20261006,1,20261007,1,20261008,1,20261009,1,20261013,1,20261014,1,20261015,1,20261016,1,20261019,1,20261020,1,20261021,1,20261022,1,20261023,1,20261026,1,20261027,1,20261028,1,20261029,1,20261030,1,20261102,1,20261103,1,20261104,1,20261105,1,20261106,1,20261109,1,20261110,1,20261111,1,20261112,1,20261113,1,20261116,1,20261117,1,20261118,1,20261119,1,20261120,1,20261123,1,20261124,1,20261125,1,20261126,1,20261127,1,20261130,1,20261201,1,20261202,1,20261203,1,20261204,1,20261207,1,20261208,1,20261209,1,20261210,1,20261211,1,20261214,1,20261215,1,20261216,1,20261217,1,20261218,1,20261221,1,20261222,1,20261223,1,20261224,1,20261228,1,20261229,1,20261230,1,20261231,1
'1495920',20260910,1,20260911,1,20260914,1,20260915,1,20260916,1,20260917,1,20260918,1,20260921,1,20260922,1,20260923,1,20260924,1,20260925,1,20260928,1,20260929,1,20260930,1,20261001,1,20261002,1,20261005,1,20261006,1,20261007,1,20261008,1,20261009,1,20261013,1,20261014,1,20261015,1,20261016,1,20261019,1,20261020,1,20261021,1,20261022,1,20261023,1,20261026,1,20261027,1,20261028,1,20261029,1,20261030,1,20261102,1,20261103,1,20261104,1,20261105,1,20261106,1,20261109,1,20261110,1,20261111,1,20261112,1,20261113,1,20261116,1,20261117,1,20261118,1,20261119,1,20261120,1,20261123,1,20261124,1,20261125,1,20261126,1,20261127,1,20261130,1,20261201,1,20261202,1,20261203,1,20261204,1,20261207,1,20261208,1,20261209,1,20261210,1,20261211,1,20261214,1,20261215,1,20261216,1,20261217,1,20261218,1,20261221,1,20261222,1,20261223,1,20261224,1,20261228,1,20261229,1,20261230,1,20261231,1
'1495921',20260910,1,20260911,1,20260914,1,20260915,1,20260916,1,20260917,1,20260918,1,20260921,1,20260922,1,20260923,1,20260924,1,20260925,1,20260928,1,20260929,1,20260930,1,20261001,1,20261002,1,20261005,1,20261006,1,20261007,1,20261008,1,20261009,1,20261013,1,20261014,1,20261015,1,20261016,1,20261019,1,20261020,1,20261021,1,20261022,1,20261023,1,20261026,1,20261027,1,20261028,1,20261029,1,20261030,1,20261102,1,20261103,1,20261104,1,20261105,1,20261106,1,20261109,1,20261110,1,20261111,1,20261112,1,20261113,1,20261116,1,20261117,1,20261118,1,20261119,1,20261120,1,20261123,1,20261124,1,20261125,1,20261126,1,20261127,1,20261130,1,20261201,1,20261202,1,20261203,1,20261204,1,20261207,1,20261208,1,20261209,1,20261210,1,20261211,1,20261214,1,20261215,1,20261216,1,20261217,1,20261218,1,20261221,1,20261222,1,20261223,1,20261224,1,20261228,1,20261229,1,20261230,1,20261231,1
'1495922',20260910,1,20260911,1,20260914,1,20260915,1,20260916,1,20260917,1,20260918,1,20260921,1,20260922,1,20260923,1,20260924,1,20260925,1,20260928,1,20260929,1,20260930,1,20261001,1,20261002,1,20261005,1,20261006,1,20261007,1,20261008,1,20261009,1,20261013,1,20261014,1,20261015,1,20261016,1,20261019,1,20261020,1,20261021,1,20261022,1,20261023,1,20261026,1,20261027,1,20261028,1,20261029,1,20261030,1,20261102,1,20261103,1,20261104,1,20261105,1,20261106,1,20261109,1,20261110,1,20261111,1,20261112,1,20261113,1,20261116,1,20261117,1,20261118,1,20261119,1,20261120,1,20261123,1,20261124,1,20261125,1,20261126,1,20261127,1,20261130,1,20261201,1,20261202,1,20261203,1,20261204,1,20261207,1,20261208,1,20261209,1,20261210,1,20261211,1,20261214,1,20261215,1,20261216,1,20261217,1,20261218,1,20261221,1,20261222,1,20261223,1,20261224,1,20261228,1,20261229,1,20261230,1,20261231,1
'1495923',20260910,1,20260911,1,20260914,1,20260915,1,20260916,1,20260917,1,20260918,1,20260921,1,20260922,1,20260923,1,20260924,1,20260925,1,20260928,1,20260929,1,20260930,1,20261001,1,20261002,1,20261005,1,20261006,1,20261007,1,20261008,1,20261009,1,20261013,1,20261014,1,20261015,1,20261016,1,20261019,1,20261020,1,20261021,1,20261022,1,20261023,1,20261026,1,20261027,1,20261028,1,20261029,1,20261030,1,20261102,1,20261103,1,20261104,1,20261105,1,20261106,1,20261109,1,20261110,1,20261111,1,20261112,1,20261113,1,20261116,1,20261117,1,20261118,1,20261119,1,20261120,1,20261123,1,20261124,1,20261125,1,20261126,1,20261127,1,20261130,1,20261201,1,20261202,1,20261203,1,20261204,1,20261207,1,20261208,1,20261209,1,20261210,1,20261211,1,20261214,1,20261215,1,20261216,1,20261217,1,20261218,1,20261221,1,20261222,1,20261223,1,20261224,1,20261228,1,20261229,1,20261230,1,20261231,1
'1495924',20260910,1,20260911,1,20260914,1,20260915,1,20260916,1,20260917,1,20260918,1,20260921,1,20260922,1,20260923,1,20260924,1,20260925,1,20260928,1,20260929,1,20260930,1,20261001,1,20261002,1,20261005,1,20261006,1,20261007,1,20261008,1,20261009,1,20261013,1,20261014,1,20261015,1,20261016,1,20261019,1,20261020,1,20261021,1,20261022,1,20261023,1,20261026,1,20261027,1,20261028,1,20261029,1,20261030,1,20261102,1,20261103,1,20261104,1,20261105,1,20261106,1,20261109,1,20261110,1,20261111,1,20261112,1,20261113,1,20261116,1,20261117,1,20261118,1,20261119,1,20261120,1,20261123,1,20261124,1,20261125,1,20261126,1,20261127,1,20261130,1,20261201,1,20261202,1,20261203,1,20261204,1,20261207,1,20261208,1,20261209,1,20261210,1,20261211,1,20261214,1,20261215,1,20261216,1,20261217,1,20261218,1,20261221,1,20261222,1,20261223,1,20261224,1,20261228,1,20261229,1,20261230,1,20261231,1
'1495925',20260910,1,20260911,1,20260914,1,20260915,1,20260916,1,20260917,1,20260918,1,20260921,1,20260922,1,20260923,1,20260924,1,20260925,1,20260928,1,20260929,1,20260930,1,20261001,1,20261002,1,20261005,1,20261006,1,20261007,1,20261008,1,20261009,1,20261013,1,20261014,1,20261015,1,20261016,1,20261019,1,20261020,1,20261021,1,20261022,1,20261023,1,20261026,1,20261027,1,20261028,1,20261029,1,20261030,1,20261102,1,20261103,1,20261104,1,20261105,1,20261106,1,20261109,1,20261110,1,20261111,1,20261112,1,20261113,1,20261116,1,20261117,1,20261118,1,20261119,1,20261120,1,20261123,1,20261124,1,20261125,1,20261126,1,20261127,1,20261130,1,20261201,1,20261202,1,20261203,1,20261204,1,20261207,1,20261208,1,20261209,1,20261210,1,20261211,1,20261214,1,20261215,1,20261216,1,20261217,1,20261218,1,20261221,1,20261222,1,20261223,1,20261224,1,20261228,1,20261229,1,20261230,1,20261231,1
'1495926',20260910,1,20260911,1,20260914,1,20260915,1,20260916,1,20260917,1,20260918,1,20260921,1,20260922,1,20260923,1,20260924,1,20260925,1,20260928,1,20260929,1,20260930,1,20261001,1,20261002,1,20261005,1,20261006,1,20261007,1,20261008,1,20261009,1,20261013,1,20261014,1,20261015,1,20261016,1,20261019,1,20261020,1,20261021,1,20261022,1,20261023,1,20261026,1,20261027,1,20261028,1,20261029,1,20261030,1,20261102,1,20261103,1,20261104,1,20261105,1,20261106,1,20261109,1,20261110,1,20261111,1,20261112,1,20261113,1,20261116,1,20261117,1,20261118,1,20261119,1,20261120,1,20261123,1,20261124,1,20261125,1,20261126,1,20261127,1,20261130,1,20261201,1,20261202,1,20261203,1,20261204,1,20261207,1,20261208,1,20261209,1,20261210,1,20261211,1,20261214,1,20261215,1,20261216,1,20261217,1,20261218,1,20261221,1,20261222,1,20261223,1,20261224,1,20261228,1,20261229,1,20261230,1,20261231,1
'1495927',20260910,1,20260911,1,20260914,1,20260915,1,20260916,1,20260917,1,20260918,1,20260921,1,20260922,1,20260923,1,20260924,1,20260925,1,20260928,1,20260929,1,20260930,1,20261001,1,20261002,1,20261005,1,20261006,1,20261007,1,20261008,1,20261009,1,20261013,1,20261014,1,20261015,1,20261016,1,20261019,1,20261020,1,20261021,1,20261022,1,20261023,1,20261026,1,20261027,1,20261028,1,20261029,1,20261030,1,20261102,1,20261103,1,20261104,1,20261105,1,20261106,1,20261109,1,20261110,1,20261111,1,20261112,1,20261113,1,20261116,1,20261117,1,20261118,1,20261119,1,20261120,1,20261123,1,20261124,1,20261125,1,20261126,1,20261127,1,20261130,1,20261201,1,20261202,1,20261203,1,20261204,1,20261207,1,20261208,1,20261209,1,20261210,1,20261211,1,20261214,1,20261215,1,20261216,1,20261217,1,20261218,1,20261221,1,20261222,1,20261223,1,20261224,1,20261228,1,20261229,1,20261230,1,20261231,1
'1495928',20260910,1,20260911,1,20260914,1,20260915,1,20260916,1,20260917,1,20260918,1,20260921,1,20260922,1,20260923,1,20260924,1,20260925,1,20260928,1,20260929,1,20260930,1,20261001,1,20261002,1,20261005,1,20261006,1,20261007,1,20261008,1,20261009,1,20261013,1,20261014,1,20261015,1,20261016,1,20261019,1,20261020,1,20261021,1,20261022,1,20261023,1,20261026,1,20261027,1,20261028,1,20261029,1,20261030,1,20261102,1,20261103,1,20261104,1,20261105,1,20261106,1,20261109,1,20261110,1,20261111,1,20261112,1,20261113,1,20261116,1,20261117,1,20261118,1,20261119,1,20261120,1,20261123,1,20261124,1,20261125,1,20261126,1,20261127,1,20261130,1,20261201,1,20261202,1,20261203,1,20261204,1,20261207,1,20261208,1,20261209,1,20261210,1,20261211,1,20261214,1,20261215,1,20261216,1,20261217,1,20261218,1,20261221,1,20261222,1,20261223,1,20261224,1,20261228,1,20261229,1,20261230,1,20261231,1
'1495929',20260910,1,20260911,1,20260914,1,20260915,1,20260916,1,20260917,1,20260918,1,20260921,1,20260922,1,20260923,1,20260924,1,20260925,1,20260928,1,20260929,1,20260930,1,20261001,1,20261002,1,20261005,1,20261006,1,20261007,1,20261008,1,20261009,1,20261013,1,20261014,1,20261015,1,20261016,1,20261019,1,20261020,1,20261021,1,20261022,1,20261023,1,20261026,1,20261027,1,20261028,1,20261029,1,20261030,1,20261102,1,20261103,1,20261104,1,20261105,1,20261106,1,20261109,1,20261110,1,20261111,1,20261112,1,20261113,1,20261116,1,20261117,1,20261118,1,20261119,1,20261120,1,20261123,1,20261124,1,20261125,1,20261126,1,20261127,1,20261130,1,20261201,1,20261202,1,20261203,1,20261204,1,20261207,1,20261208,1,20261209,1,20261210,1,20261211,1,20261214,1,20261215,1,20261216,1,20261217,1,20261218,1,20261221,1,20261222,1,20261223,1,20261224,1,20261228,1,20261229,1,20261230,1,20261231,1
'1495930',20260910,1,20260911,1,20260914,1,20260915,1,20260916,1,20260917,1,20260918,1,20260921,1,20260922,1,20260923,1,20260924,1,20260925,1,20260928,1,20260929,1,20260930,1,20261001,1,20261002,1,20261005,1,20261006,1,20261007,1,20261008,1,20261009,1,20261013,1,20261014,1,20261015,1,20261016,1,20261019,1,20261020,1,20261021,1,20261022,1,20261023,1,20261026,1,20261027,1,20261028,1,20261029,1,20261030,1,20261102,1,20261103,1,20261104,1,20261105,1,20261106,1,20261109,1,20261110,1,20261111,1,20261112,1,20261113,1,20261116,1,20261117,1,20261118,1,20261119,1,20261120,1,20261123,1,20261124,1,20261125,1,20261126,1,20261127,1,20261130,1,20261201,1,20261202,1,20261203,1,20261204,1,20261207,1,20261208,1,20261209,1,20261210,1,20261211,1,20261214,1,20261215,1,20261216,1,20261217,1,20261218,1,20261221,1,20261222,1,20261223,1,20261224,1,20261228,1,20261229,1,20261230,1,20261231,1
'1495931',20260910,1,20260911,1,20260914,1,20260915,1,20260916,1,20260917,1,20260918,1,20260921,1,20260922,1,20260923,1,20260924,1,20260925,1,20260928,1,20260929,1,20260930,1,20261001,1,20261002,1,20261005,1,20261006,1,20261007,1,20261008,1,20261009,1,20261013,1,20261014,1,20261015,1,20261016,1,20261019,1,20261020,1,20261021,1,20261022,1,20261023,1,20261026,1,20261027,1,20261028,1,20261029,1,20261030,1,20261102,1,20261103,1,20261104,1,20261105,1,20261106,1,20261109,1,20261110,1,20261111,1,20261112,1,20261113,1,20261116,1,20261117,1,20261118,1,20261119,1,20261120,1,20261123,1,20261124,1,20261125,1,20261126,1,20261127,1,20261130,1,20261201,1,20261202,1,20261203,1,20261204,1,20261207,1,20261208,1,20261209,1,20261210,1,20261211,1,20261214,1,20261215,1,20261216,1,20261217,1,20261218,1,20261221,1,20261222,1,20261223,1,20261224,1,20261228,1,20261229,1,20261230,1,20261231,1
'1495932',20260910,1,20260911,1,20260914,1,20260915,1,20260916,1,20260917,1,20260918,1,20260921,1,20260922,1,20260923,1,20260924,1,20260925,1,20260928,1,20260929,1,20260930,1,20261001,1,20261002,1,20261005,1,20261006,1,20261007,1,20261008,1,20261009,1,20261013,1,20261014,1,20261015,1,20261016,1,20261019,1,20261020,1,20261021,1,20261022,1,20261023,1,20261026,1,20261027,1,20261028,1,20261029,1,20261030,1,20261102,1,20261103,1,20261104,1,20261105,1,20261106,1,20261109,1,20261110,1,20261111,1,20261112,1,20261113,1,20261116,1,20261117,1,20261118,1,20261119,1,20261120,1,20261123,1,20261124,1,20261125,1,20261126,1,20261127,1,20261130,1,20261201,1,20261202,1,20261203,1,20261204,1,20261207,1,20261208,1,20261209,1,20261210,1,20261211,1,20261214,1,20261215,1,20261216,1,20261217,1,20261218,1,20261221,1,20261222,1,20261223,1,20261224,1,20261228,1,20261229,1,20261230,1,20261231,1
